mode: set
etf-insight/cmd/generate_history/main.go:46.13,48.16 2 0
etf-insight/cmd/generate_history/main.go:48.16,49.38 1 0
etf-insight/cmd/generate_history/main.go:52.2,55.44 2 0
etf-insight/cmd/generate_history/main.go:55.44,58.3 2 0
etf-insight/cmd/generate_history/main.go:60.2,60.22 1 0
etf-insight/cmd/generate_history/main.go:63.79,73.29 6 0
etf-insight/cmd/generate_history/main.go:73.29,77.71 2 0
etf-insight/cmd/generate_history/main.go:77.71,78.12 1 0
etf-insight/cmd/generate_history/main.go:82.3,103.22 9 0
etf-insight/cmd/generate_history/main.go:106.2,106.98 1 0
etf-insight/cmd/generate_etf_data/main.go:42.13,44.56 1 0
etf-insight/cmd/generate_etf_data/main.go:44.56,46.3 1 0
etf-insight/cmd/generate_etf_data/main.go:48.2,56.36 6 0
etf-insight/cmd/generate_etf_data/main.go:56.36,65.26 4 0
etf-insight/cmd/generate_etf_data/main.go:65.26,67.12 2 0
etf-insight/cmd/generate_etf_data/main.go:71.3,72.76 2 0
etf-insight/cmd/generate_etf_data/main.go:75.2,79.36 3 0
etf-insight/cmd/generate_etf_data/main.go:79.36,82.16 3 0
etf-insight/cmd/generate_etf_data/main.go:82.16,84.4 1 0
etf-insight/cmd/generate_etf_data/main.go:84.9,86.4 1 0
etf-insight/cmd/generate_etf_data/main.go:91.82,101.28 6 0
etf-insight/cmd/generate_etf_data/main.go:101.28,105.71 2 0
etf-insight/cmd/generate_etf_data/main.go:105.71,106.12 1 0
etf-insight/cmd/generate_etf_data/main.go:110.3,142.10 11 0
etf-insight/cmd/generate_etf_data/main.go:145.2,145.14 1 0
etf-insight/main.go:12.13,18.16 5 0
etf-insight/main.go:18.16,20.3 1 0
etf-insight/main.go:22.2,22.14 1 0
etf-insight/main.go:22.14,25.3 2 0
etf-insight/main.go:27.2,27.36 1 0
etf-insight/main.go:27.36,30.3 2 0
etf-insight/cmd/import_etf_data/main.go:15.13,17.56 1 0
etf-insight/cmd/import_etf_data/main.go:17.56,19.3 1 0
etf-insight/cmd/import_etf_data/main.go:22.2,45.30 5 0
etf-insight/cmd/import_etf_data/main.go:45.30,50.17 3 0
etf-insight/cmd/import_etf_data/main.go:50.17,52.12 2 0
etf-insight/cmd/import_etf_data/main.go:55.3,55.23 1 0
etf-insight/cmd/import_etf_data/main.go:55.23,57.12 2 0
etf-insight/cmd/import_etf_data/main.go:61.3,62.32 2 0
etf-insight/cmd/import_etf_data/main.go:62.32,73.4 1 0
etf-insight/cmd/import_etf_data/main.go:76.3,77.27 2 0
etf-insight/cmd/import_etf_data/main.go:77.27,89.27 2 0
etf-insight/cmd/import_etf_data/main.go:89.27,91.5 1 0
etf-insight/cmd/import_etf_data/main.go:91.10,93.5 1 0
etf-insight/cmd/import_etf_data/main.go:96.3,99.30 2 0
etf-insight/cmd/import_etf_data/main.go:102.2,106.30 3 0
etf-insight/cmd/import_etf_data/main.go:106.30,109.16 3 0
etf-insight/cmd/import_etf_data/main.go:109.16,111.4 1 0
etf-insight/cmd/import_etf_data/main.go:111.9,113.4 1 0
etf-insight/cmd/syncetf/main.go:25.53,33.24 4 0
etf-insight/cmd/syncetf/main.go:33.24,45.3 3 0
etf-insight/cmd/syncetf/main.go:48.2,49.25 2 0
etf-insight/cmd/syncetf/main.go:49.25,51.3 1 0
etf-insight/cmd/syncetf/main.go:54.2,54.25 1 0
etf-insight/cmd/syncetf/main.go:54.25,65.3 3 0
etf-insight/cmd/syncetf/main.go:68.2,72.16 3 0
etf-insight/cmd/syncetf/main.go:72.16,75.3 2 0
etf-insight/cmd/syncetf/main.go:77.2,81.8 1 0
etf-insight/cmd/syncetf/main.go:84.13,94.56 6 0
etf-insight/cmd/syncetf/main.go:94.56,97.3 2 0
etf-insight/cmd/syncetf/main.go:98.2,103.16 4 0
etf-insight/cmd/syncetf/main.go:103.16,106.3 2 0
etf-insight/cmd/syncetf/main.go:109.2,113.46 3 0
etf-insight/cmd/syncetf/main.go:113.46,115.3 1 0
etf-insight/cmd/syncetf/main.go:116.2,119.38 2 0
etf-insight/cmd/syncetf/main.go:119.38,122.3 2 0
etf-insight/cmd/syncetf/main.go:124.2,125.45 2 0
etf-insight/cmd/syncetf/main.go:129.42,135.2 5 0
etf-insight/cmd/syncetf/main.go:138.53,145.51 4 0
etf-insight/cmd/syncetf/main.go:145.51,146.32 1 0
etf-insight/cmd/syncetf/main.go:146.32,149.4 2 0
etf-insight/cmd/syncetf/main.go:150.3,150.45 1 0
etf-insight/cmd/syncetf/main.go:154.2,154.52 1 0
etf-insight/cmd/syncetf/main.go:154.52,155.32 1 0
etf-insight/cmd/syncetf/main.go:155.32,158.4 2 0
etf-insight/cmd/syncetf/main.go:159.3,159.46 1 0
etf-insight/cmd/syncetf/main.go:163.2,163.53 1 0
etf-insight/cmd/syncetf/main.go:163.53,164.32 1 0
etf-insight/cmd/syncetf/main.go:164.32,168.4 3 0
etf-insight/cmd/syncetf/main.go:171.2,171.47 1 0
etf-insight/cmd/syncetf/main.go:175.45,182.30 5 0
etf-insight/cmd/syncetf/main.go:182.30,184.3 1 0
etf-insight/cmd/syncetf/main.go:185.2,192.16 5 0
etf-insight/cmd/syncetf/main.go:192.16,194.3 1 0
etf-insight/cmd/syncetf/main.go:197.2,199.12 2 0
etf-insight/cmd/syncetf/main.go:203.65,216.29 11 0
etf-insight/cmd/syncetf/main.go:216.29,219.41 3 0
etf-insight/cmd/syncetf/main.go:219.41,221.23 2 0
etf-insight/cmd/syncetf/main.go:221.23,223.5 1 0
etf-insight/cmd/syncetf/main.go:224.4,230.5 1 0
etf-insight/cmd/syncetf/main.go:235.2,235.28 1 0
etf-insight/cmd/syncetf/main.go:235.28,239.37 4 0
etf-insight/cmd/syncetf/main.go:239.37,241.4 1 0
etf-insight/cmd/syncetf/main.go:246.27,247.89 1 0
etf-insight/cmd/syncetf/main.go:247.89,248.39 1 0
etf-insight/cmd/syncetf/main.go:248.39,250.4 1 0
etf-insight/cmd/syncetf/main.go:252.2,252.20 1 0
etf-insight/cmd/syncetf/main.go:258.49,260.2 1 0
etf-insight/cmd/initetf/main.go:12.13,14.56 1 0
etf-insight/cmd/initetf/main.go:14.56,17.3 2 0
etf-insight/cmd/initetf/main.go:19.2,27.53 4 0
etf-insight/cmd/initetf/main.go:31.22,53.35 3 0
etf-insight/cmd/initetf/main.go:53.35,58.26 3 0
etf-insight/cmd/initetf/main.go:58.26,72.4 2 0
etf-insight/cmd/initetf/main.go:75.3,91.84 4 0
etf-insight/cmd/initetf/main.go:96.26,120.27 3 0
etf-insight/cmd/initetf/main.go:120.27,140.3 3 0
etf-insight/cmd/sync_etf_history/main.go:31.13,33.18 2 0
etf-insight/cmd/sync_etf_history/main.go:33.18,36.3 2 0
etf-insight/cmd/sync_etf_history/main.go:39.2,39.56 1 0
etf-insight/cmd/sync_etf_history/main.go:39.56,42.3 2 0
etf-insight/cmd/sync_etf_history/main.go:45.2,48.26 3 0
etf-insight/cmd/sync_etf_history/main.go:48.26,51.3 2 0
etf-insight/cmd/sync_etf_history/main.go:53.2,59.33 4 0
etf-insight/cmd/sync_etf_history/main.go:59.33,64.3 4 0
etf-insight/cmd/sync_etf_history/main.go:66.2,66.48 1 0
etf-insight/cmd/sync_etf_history/main.go:69.78,77.16 5 0
etf-insight/cmd/sync_etf_history/main.go:77.16,80.3 2 0
etf-insight/cmd/sync_etf_history/main.go:81.2,84.16 3 0
etf-insight/cmd/sync_etf_history/main.go:84.16,87.3 2 0
etf-insight/cmd/sync_etf_history/main.go:89.2,90.55 2 0
etf-insight/cmd/sync_etf_history/main.go:90.55,93.3 2 0
etf-insight/cmd/sync_etf_history/main.go:95.2,95.31 1 0
etf-insight/cmd/sync_etf_history/main.go:95.31,97.3 1 0
etf-insight/cmd/sync_etf_history/main.go:100.2,101.36 2 0
etf-insight/cmd/sync_etf_history/main.go:101.36,121.3 4 0
etf-insight/cmd/sync_etf_history/main.go:123.2,123.14 1 0
etf-insight/cmd/syncrates/main.go:13.13,15.56 1 0
etf-insight/cmd/syncrates/main.go:15.56,18.3 2 0
etf-insight/cmd/syncrates/main.go:21.2,21.56 1 0
etf-insight/cmd/syncrates/main.go:21.56,24.3 2 0
etf-insight/cmd/syncrates/main.go:27.2,27.58 1 0
etf-insight/cmd/syncrates/main.go:27.58,30.3 2 0
etf-insight/cmd/syncrates/main.go:32.2,52.26 3 0
etf-insight/cmd/syncrates/main.go:52.26,54.3 1 0
etf-insight/cmd/syncrates/main.go:57.2,62.13 5 0
etf-insight/cmd/syncrates/main.go:66.46,67.15 1 0
etf-insight/cmd/syncrates/main.go:67.15,70.3 2 0
etf-insight/cmd/syncrates/main.go:73.2,77.38 3 0
etf-insight/cmd/syncrates/main.go:77.38,79.3 1 0
etf-insight/cmd/syncrates/main.go:81.2,83.23 3 0
etf-insight/cmd/syncrates/main.go:83.23,85.3 1 0
etf-insight/cmd/syncrates/main.go:88.2,105.49 4 0
etf-insight/cmd/syncrates/main.go:105.49,108.3 2 0
etf-insight/cmd/syncrates/main.go:110.2,110.93 1 0
etf-insight/cmd/syncrates/main.go:114.26,131.38 5 0
etf-insight/cmd/syncrates/main.go:131.38,133.55 1 0
etf-insight/cmd/syncrates/main.go:133.55,135.4 1 0
etf-insight/cmd/syncrates/main.go:139.2,140.40 2 0
etf-insight/cmd/syncrates/main.go:140.40,142.20 2 0
etf-insight/cmd/syncrates/main.go:142.20,143.12 1 0
etf-insight/cmd/syncrates/main.go:145.3,145.32 1 0
etf-insight/cmd/syncrates/main.go:149.2,166.45 4 0
etf-insight/cmd/syncrates/main.go:166.45,169.3 2 0
etf-insight/cmd/syncrates/main.go:171.2,171.42 1 0
etf-insight/cmd/syncrates/main.go:175.18,177.82 2 0
etf-insight/cmd/syncrates/main.go:177.82,180.3 2 0
etf-insight/cmd/syncrates/main.go:182.2,182.26 1 0
etf-insight/cmd/syncrates/main.go:182.26,184.3 1 0
etf-insight/cmd/test_factory/main.go:12.13,18.24 4 0
etf-insight/cmd/test_factory/main.go:18.24,21.3 2 0
etf-insight/cmd/test_factory/main.go:24.2,49.16 13 0
etf-insight/cmd/test_factory/main.go:49.16,52.3 2 0
etf-insight/cmd/test_factory/main.go:54.2,60.16 5 0
etf-insight/cmd/test_factory/main.go:60.16,63.3 2 0
etf-insight/cmd/test_factory/main.go:65.2,67.51 3 0
etf-insight/cmd/update_etf_prices/main.go:21.31,23.15 2 0
etf-insight/cmd/update_etf_prices/main.go:23.15,27.3 3 0
etf-insight/cmd/update_etf_prices/main.go:28.2,28.12 1 0
etf-insight/cmd/update_etf_prices/main.go:45.13,46.39 1 0
etf-insight/cmd/update_etf_prices/main.go:46.39,49.3 2 0
etf-insight/cmd/update_etf_prices/main.go:51.2,52.16 2 0
etf-insight/cmd/update_etf_prices/main.go:52.16,55.3 2 0
etf-insight/cmd/update_etf_prices/main.go:57.2,57.26 1 0
etf-insight/cmd/update_etf_prices/main.go:57.26,60.3 2 0
etf-insight/cmd/update_etf_prices/main.go:62.2,65.36 3 0
etf-insight/cmd/update_etf_prices/main.go:65.36,69.17 3 0
etf-insight/cmd/update_etf_prices/main.go:69.17,71.12 2 0
etf-insight/cmd/update_etf_prices/main.go:74.3,74.23 1 0
etf-insight/cmd/update_etf_prices/main.go:74.23,76.12 2 0
etf-insight/cmd/update_etf_prices/main.go:79.3,79.50 1 0
etf-insight/cmd/update_etf_prices/main.go:79.50,81.12 2 0
etf-insight/cmd/update_etf_prices/main.go:84.3,89.28 3 0
etf-insight/cmd/update_etf_prices/main.go:89.28,91.4 1 0
etf-insight/cmd/update_etf_prices/main.go:94.2,94.81 1 0
etf-insight/cmd/update_etf_prices/main.go:97.27,98.56 1 0
etf-insight/cmd/update_etf_prices/main.go:98.56,100.3 1 0
etf-insight/cmd/update_etf_prices/main.go:101.2,102.12 2 0
etf-insight/cmd/update_etf_prices/main.go:105.48,108.25 3 0
etf-insight/cmd/update_etf_prices/main.go:108.25,110.3 1 0
etf-insight/cmd/update_etf_prices/main.go:112.2,113.30 2 0
etf-insight/cmd/update_etf_prices/main.go:113.30,114.23 1 0
etf-insight/cmd/update_etf_prices/main.go:114.23,116.4 1 0
etf-insight/cmd/update_etf_prices/main.go:119.2,119.21 1 0
etf-insight/cmd/update_etf_prices/main.go:134.63,144.16 6 0
etf-insight/cmd/update_etf_prices/main.go:144.16,146.3 1 0
etf-insight/cmd/update_etf_prices/main.go:147.2,149.38 2 0
etf-insight/cmd/update_etf_prices/main.go:149.38,152.3 2 0
etf-insight/cmd/update_etf_prices/main.go:154.2,155.16 2 0
etf-insight/cmd/update_etf_prices/main.go:155.16,157.3 1 0
etf-insight/cmd/update_etf_prices/main.go:159.2,160.55 2 0
etf-insight/cmd/update_etf_prices/main.go:160.55,162.3 1 0
etf-insight/cmd/update_etf_prices/main.go:164.2,164.60 1 0
etf-insight/cmd/update_etf_prices/main.go:164.60,166.3 1 0
etf-insight/cmd/update_etf_prices/main.go:169.2,172.54 2 0
etf-insight/cmd/update_etf_prices/main.go:172.54,175.3 1 0
etf-insight/cmd/update_etf_prices/main.go:177.2,185.8 1 0
etf-insight/cmd/update_etf_prices/main.go:188.42,193.66 2 0
etf-insight/cmd/update_etf_prices/main.go:193.66,195.3 1 0
etf-insight/cmd/update_etf_prices/main.go:198.2,201.25 3 0
etf-insight/cmd/update_etf_prices/main.go:201.25,214.3 2 0
etf-insight/cmd/update_etf_prices/main.go:217.2,228.25 2 0
etf-insight/cmd/test_finage/main.go:12.13,18.24 4 0
etf-insight/cmd/test_finage/main.go:18.24,21.3 2 0
etf-insight/cmd/test_finage/main.go:24.2,42.16 9 0
etf-insight/cmd/test_finage/main.go:42.16,45.3 2 0
etf-insight/cmd/test_finage/main.go:48.2,50.16 3 0
etf-insight/cmd/test_finage/main.go:50.16,53.3 2 0
etf-insight/cmd/test_finage/main.go:55.2,60.51 6 0
etf-insight/cmd/updateashare/main.go:15.13,25.56 5 0
etf-insight/cmd/updateashare/main.go:25.56,27.3 1 0
etf-insight/cmd/updateashare/main.go:29.2,31.32 2 0
etf-insight/cmd/updateashare/main.go:31.32,35.3 2 0
etf-insight/cmd/updateashare/main.go:37.2,37.33 1 0
etf-insight/cmd/updateashare/main.go:37.33,45.3 4 0
etf-insight/cmd/updateashare/main.go:47.2,47.55 1 0
etf-insight/cmd/updateashare/main.go:51.24,53.58 2 0
etf-insight/cmd/updateashare/main.go:53.58,55.3 1 0
etf-insight/cmd/updateashare/main.go:58.22,161.31 2 0
etf-insight/cmd/updateashare/main.go:161.31,165.26 3 0
etf-insight/cmd/updateashare/main.go:165.26,179.55 2 0
etf-insight/cmd/updateashare/main.go:179.55,181.5 1 0
etf-insight/cmd/updateashare/main.go:181.10,183.5 1 0
etf-insight/cmd/updateashare/main.go:184.9,194.53 9 0
etf-insight/cmd/updateashare/main.go:194.53,196.5 1 0
etf-insight/cmd/updateashare/main.go:196.10,198.5 1 0
etf-insight/cmd/updateashare/main.go:203.30,222.25 4 0
etf-insight/cmd/updateashare/main.go:222.25,230.60 2 0
etf-insight/cmd/updateashare/main.go:230.60,232.4 1 0
etf-insight/cmd/updateashare/main.go:233.3,233.84 1 0
etf-insight/cmd/updateashare/main.go:234.8,239.58 4 0
etf-insight/cmd/updateashare/main.go:239.58,241.4 1 0
etf-insight/cmd/updateashare/main.go:242.3,245.93 2 0
etf-insight/cmd/updateashare/main.go:249.2,249.46 1 0
etf-insight/cmd/updateashare/main.go:249.46,251.81 2 0
etf-insight/cmd/updateashare/main.go:251.81,253.12 2 0
etf-insight/cmd/updateashare/main.go:256.3,261.58 2 0
etf-insight/cmd/updateashare/main.go:261.58,263.4 1 0
etf-insight/cmd/updateashare/main.go:263.9,265.4 1 0
etf-insight/cmd/updateashare/main.go:269.2,275.46 5 0
etf-insight/cmd/updateashare/main.go:275.46,282.3 6 0
etf-insight/cmd/updateashare/main.go:284.2,286.66 3 0
etf-insight/core/app.go:33.43,35.16 2 0
etf-insight/core/app.go:35.16,37.3 1 0
etf-insight/core/app.go:39.2,42.61 3 0
etf-insight/core/app.go:42.61,44.3 1 0
etf-insight/core/app.go:45.2,47.49 2 0
etf-insight/core/app.go:47.49,49.3 1 0
etf-insight/core/app.go:50.2,55.56 4 0
etf-insight/core/app.go:55.56,57.3 1 0
etf-insight/core/app.go:58.2,60.58 2 0
etf-insight/core/app.go:60.58,62.3 1 0
etf-insight/core/app.go:63.2,79.16 12 0
etf-insight/core/app.go:79.16,82.3 2 0
etf-insight/core/app.go:82.8,84.3 1 0
etf-insight/core/app.go:86.2,131.8 8 0
etf-insight/core/app.go:134.25,136.2 1 0
etf-insight/core/app.go:138.29,146.12 5 0
etf-insight/core/app.go:146.12,147.70 1 0
etf-insight/core/app.go:147.70,148.63 1 0
etf-insight/core/app.go:148.63,151.5 2 0
etf-insight/core/app.go:152.4,152.62 1 0
etf-insight/core/app.go:152.62,155.5 2 0
etf-insight/core/app.go:156.4,157.135 2 0
etf-insight/core/app.go:157.135,159.5 1 0
etf-insight/core/app.go:160.9,162.83 2 0
etf-insight/core/app.go:162.83,164.5 1 0
etf-insight/core/app.go:168.2,168.54 1 0
etf-insight/core/app.go:168.54,172.3 3 0
etf-insight/core/app.go:174.2,178.21 4 0
etf-insight/core/app.go:181.62,185.69 3 0
etf-insight/core/app.go:185.69,190.3 2 0
etf-insight/core/app.go:192.2,197.6 5 0
etf-insight/core/app.go:197.6,198.10 1 0
etf-insight/core/app.go:199.25,200.14 1 0
etf-insight/core/app.go:201.18,202.84 1 0
etf-insight/core/app.go:203.19,205.18 2 0
etf-insight/core/app.go:205.18,207.41 2 0
etf-insight/core/app.go:207.41,210.6 2 0
etf-insight/core/app.go:216.32,225.55 6 0
etf-insight/core/app.go:225.55,228.3 2 0
etf-insight/core/app.go:230.2,231.12 2 0
etf-insight/docs/handler.go:10.48,17.2 3 0
etf-insight/docs/handler.go:20.41,23.2 2 0
etf-insight/docs/handler.go:26.39,29.2 2 0
etf-insight/docs/schemas.go:4.42,34.2 1 0
etf-insight/docs/schemas.go:36.54,45.2 1 0
etf-insight/docs/schemas.go:47.65,67.2 1 0
etf-insight/docs/schemas.go:69.58,92.2 1 0
etf-insight/docs/schemas.go:94.59,105.2 1 0
etf-insight/docs/schemas.go:107.58,124.2 1 0
etf-insight/docs/schemas.go:126.59,155.2 1 0
etf-insight/docs/schemas.go:157.57,179.2 1 0
etf-insight/docs/schemas.go:181.66,206.2 1 0
etf-insight/docs/schemas.go:208.65,238.2 1 0
etf-insight/docs/schemas.go:240.66,267.2 1 0
etf-insight/docs/schemas.go:269.65,291.2 1 0
etf-insight/docs/schemas.go:293.66,323.2 1 0
etf-insight/docs/schemas.go:325.62,336.2 1 0
etf-insight/docs/schemas.go:338.60,349.2 1 0
etf-insight/docs/schemas.go:351.67,365.2 1 0
etf-insight/docs/schemas.go:367.63,383.2 1 0
etf-insight/docs/schemas.go:385.74,401.2 1 0
etf-insight/docs/schemas.go:403.68,417.2 1 0
etf-insight/docs/schemas.go:419.65,430.2 1 0
etf-insight/docs/schemas.go:432.61,440.2 1 0
etf-insight/docs/schemas.go:442.55,451.2 1 0
etf-insight/docs/schemas.go:453.54,462.2 1 0
etf-insight/docs/schemas.go:464.53,472.2 1 0
etf-insight/docs/schemas.go:474.48,489.2 1 0
etf-insight/docs/schemas.go:491.58,510.2 1 0
etf-insight/docs/schemas.go:512.55,528.2 1 0
etf-insight/docs/schemas.go:530.53,541.2 1 0
etf-insight/docs/swagger.go:4.43,32.2 1 0
etf-insight/docs/swagger.go:35.40,54.2 1 0
etf-insight/docs/swagger.go:57.46,90.2 1 0
etf-insight/docs/swagger.go:93.48,123.2 1 0
etf-insight/docs/swagger.go:126.49,167.2 1 0
etf-insight/docs/swagger.go:170.49,198.2 1 0
etf-insight/docs/swagger.go:201.56,229.2 1 0
etf-insight/docs/swagger.go:232.56,260.2 1 0
etf-insight/docs/swagger.go:263.56,291.2 1 0
etf-insight/docs/swagger.go:294.49,313.2 1 0
etf-insight/docs/swagger.go:316.51,335.2 1 0
etf-insight/docs/swagger.go:338.58,357.2 1 0
etf-insight/docs/swagger.go:360.53,388.2 1 0
etf-insight/docs/swagger.go:391.52,410.2 1 0
etf-insight/docs/swagger.go:413.51,442.2 1 0
etf-insight/docs/swagger.go:445.45,463.2 1 0
etf-insight/docs/swagger.go:466.44,492.2 1 0
etf-insight/docs/swagger.go:495.43,513.2 1 0
etf-insight/docs/swagger.go:516.53,525.2 1 0
etf-insight/docs/swagger.go:527.51,536.2 1 0
etf-insight/docs/swagger.go:538.56,547.2 1 0
etf-insight/config/config.go:53.42,54.33 1 0
etf-insight/config/config.go:54.33,56.3 1 0
etf-insight/config/config.go:57.2,58.16 2 0
etf-insight/config/config.go:58.16,60.3 1 0
etf-insight/config/config.go:61.2,62.15 2 0
etf-insight/config/config.go:62.15,64.3 1 0
etf-insight/config/config.go:65.2,66.16 2 0
etf-insight/config/config.go:66.16,68.3 1 0
etf-insight/config/config.go:69.2,70.19 2 0
etf-insight/config/config.go:70.19,72.3 1 0
etf-insight/config/config.go:73.2,74.51 1 0
etf-insight/config/config.go:116.30,167.2 1 1
etf-insight/config/config.go:170.47,173.16 2 1
etf-insight/config/config.go:173.16,175.3 1 1
etf-insight/config/config.go:177.2,178.16 2 1
etf-insight/config/config.go:178.16,179.25 1 1
etf-insight/config/config.go:179.25,181.4 1 1
etf-insight/config/config.go:182.3,182.18 1 0
etf-insight/config/config.go:185.2,185.50 1 0
etf-insight/config/config.go:185.50,187.3 1 0
etf-insight/config/config.go:189.2,189.17 1 0
etf-insight/config/config.go:193.46,194.42 1 1
etf-insight/config/config.go:194.42,196.3 1 1
etf-insight/config/config.go:197.2,197.21 1 1
etf-insight/config/config.go:200.52,201.42 1 1
etf-insight/config/config.go:201.42,202.53 1 1
etf-insight/config/config.go:202.53,204.4 1 1
etf-insight/config/config.go:206.2,206.21 1 1
etf-insight/services/ashare/akshare_provider.go:23.58,24.19 1 0
etf-insight/services/ashare/akshare_provider.go:24.19,26.3 1 0
etf-insight/services/ashare/akshare_provider.go:27.2,32.3 1 0
etf-insight/services/ashare/akshare_provider.go:91.59,95.16 3 0
etf-insight/services/ashare/akshare_provider.go:95.16,97.3 1 0
etf-insight/services/ashare/akshare_provider.go:98.2,100.38 2 0
etf-insight/services/ashare/akshare_provider.go:100.38,102.3 1 0
etf-insight/services/ashare/akshare_provider.go:104.2,110.67 2 0
etf-insight/services/ashare/akshare_provider.go:110.67,112.3 1 0
etf-insight/services/ashare/akshare_provider.go:114.2,114.21 1 0
etf-insight/services/ashare/akshare_provider.go:114.21,116.3 1 0
etf-insight/services/ashare/akshare_provider.go:118.2,118.25 1 0
etf-insight/services/ashare/akshare_provider.go:122.73,126.16 3 0
etf-insight/services/ashare/akshare_provider.go:126.16,128.3 1 0
etf-insight/services/ashare/akshare_provider.go:129.2,131.38 2 0
etf-insight/services/ashare/akshare_provider.go:131.38,133.3 1 0
etf-insight/services/ashare/akshare_provider.go:135.2,141.67 2 0
etf-insight/services/ashare/akshare_provider.go:141.67,143.3 1 0
etf-insight/services/ashare/akshare_provider.go:145.2,145.21 1 0
etf-insight/services/ashare/akshare_provider.go:145.21,147.3 1 0
etf-insight/services/ashare/akshare_provider.go:149.2,149.26 1 0
etf-insight/services/ashare/akshare_provider.go:153.88,158.33 3 0
etf-insight/services/ashare/akshare_provider.go:158.33,160.3 1 0
etf-insight/services/ashare/akshare_provider.go:162.2,163.16 2 0
etf-insight/services/ashare/akshare_provider.go:163.16,165.3 1 0
etf-insight/services/ashare/akshare_provider.go:166.2,168.38 2 0
etf-insight/services/ashare/akshare_provider.go:168.38,170.3 1 0
etf-insight/services/ashare/akshare_provider.go:172.2,178.67 2 0
etf-insight/services/ashare/akshare_provider.go:178.67,180.3 1 0
etf-insight/services/ashare/akshare_provider.go:182.2,182.21 1 0
etf-insight/services/ashare/akshare_provider.go:182.21,184.3 1 0
etf-insight/services/ashare/akshare_provider.go:186.2,186.25 1 0
etf-insight/services/ashare/akshare_provider.go:190.119,198.16 6 0
etf-insight/services/ashare/akshare_provider.go:198.16,200.3 1 0
etf-insight/services/ashare/akshare_provider.go:201.2,203.38 2 0
etf-insight/services/ashare/akshare_provider.go:203.38,205.3 1 0
etf-insight/services/ashare/akshare_provider.go:207.2,213.67 2 0
etf-insight/services/ashare/akshare_provider.go:213.67,215.3 1 0
etf-insight/services/ashare/akshare_provider.go:217.2,217.21 1 0
etf-insight/services/ashare/akshare_provider.go:217.21,219.3 1 0
etf-insight/services/ashare/akshare_provider.go:221.2,221.25 1 0
etf-insight/services/ashare/akshare_provider.go:225.85,229.16 3 0
etf-insight/services/ashare/akshare_provider.go:229.16,231.3 1 0
etf-insight/services/ashare/akshare_provider.go:232.2,234.38 2 0
etf-insight/services/ashare/akshare_provider.go:234.38,236.3 1 0
etf-insight/services/ashare/akshare_provider.go:238.2,244.67 2 0
etf-insight/services/ashare/akshare_provider.go:244.67,246.3 1 0
etf-insight/services/ashare/akshare_provider.go:248.2,248.21 1 0
etf-insight/services/ashare/akshare_provider.go:248.21,250.3 1 0
etf-insight/services/ashare/akshare_provider.go:252.2,252.25 1 0
etf-insight/services/ashare/akshare_provider.go:256.85,268.2 1 0
etf-insight/services/ashare/etf_data_service.go:23.53,30.2 1 0
etf-insight/services/ashare/etf_data_service.go:33.56,36.2 2 0
etf-insight/services/ashare/etf_data_service.go:39.55,42.2 2 0
etf-insight/services/ashare/etf_data_service.go:45.46,46.36 1 0
etf-insight/services/ashare/etf_data_service.go:46.36,48.3 1 0
etf-insight/services/ashare/etf_data_service.go:50.2,53.18 3 0
etf-insight/services/ashare/etf_data_service.go:53.18,55.17 2 0
etf-insight/services/ashare/etf_data_service.go:55.17,57.4 1 0
etf-insight/services/ashare/etf_data_service.go:61.2,61.32 1 0
etf-insight/services/ashare/etf_data_service.go:61.32,75.45 4 0
etf-insight/services/ashare/etf_data_service.go:75.45,77.49 1 0
etf-insight/services/ashare/etf_data_service.go:77.49,79.5 1 0
etf-insight/services/ashare/etf_data_service.go:80.9,80.33 1 0
etf-insight/services/ashare/etf_data_service.go:80.33,82.67 1 0
etf-insight/services/ashare/etf_data_service.go:82.67,84.5 1 0
etf-insight/services/ashare/etf_data_service.go:88.2,88.12 1 0
etf-insight/services/ashare/etf_data_service.go:92.64,93.19 1 0
etf-insight/services/ashare/etf_data_service.go:93.19,95.3 1 0
etf-insight/services/ashare/etf_data_service.go:97.2,98.16 2 0
etf-insight/services/ashare/etf_data_service.go:98.16,100.3 1 0
etf-insight/services/ashare/etf_data_service.go:102.2,102.36 1 0
etf-insight/services/ashare/etf_data_service.go:102.36,106.26 3 0
etf-insight/services/ashare/etf_data_service.go:106.26,107.12 1 0
etf-insight/services/ashare/etf_data_service.go:111.3,121.65 2 0
etf-insight/services/ashare/etf_data_service.go:121.65,123.4 1 0
etf-insight/services/ashare/etf_data_service.go:126.2,126.12 1 0
etf-insight/services/ashare/etf_data_service.go:130.88,133.25 3 0
etf-insight/services/ashare/etf_data_service.go:133.25,135.3 1 0
etf-insight/services/ashare/etf_data_service.go:138.2,138.68 1 0
etf-insight/services/ashare/etf_data_service.go:138.68,140.17 2 0
etf-insight/services/ashare/etf_data_service.go:140.17,159.4 8 0
etf-insight/services/ashare/etf_data_service.go:162.2,162.18 1 0
etf-insight/services/ashare/etf_data_service.go:166.80,169.25 3 0
etf-insight/services/ashare/etf_data_service.go:169.25,171.3 1 0
etf-insight/services/ashare/etf_data_service.go:174.2,174.35 1 0
etf-insight/services/ashare/etf_data_service.go:174.35,176.28 2 0
etf-insight/services/ashare/etf_data_service.go:176.28,178.4 1 0
etf-insight/services/ashare/etf_data_service.go:181.3,182.48 2 0
etf-insight/services/ashare/etf_data_service.go:182.48,184.26 2 0
etf-insight/services/ashare/etf_data_service.go:184.26,186.5 1 0
etf-insight/services/ashare/etf_data_service.go:187.4,188.26 2 0
etf-insight/services/ashare/etf_data_service.go:192.3,192.42 1 0
etf-insight/services/ashare/etf_data_service.go:195.2,195.18 1 0
etf-insight/services/ashare/etf_data_service.go:199.120,200.19 1 0
etf-insight/services/ashare/etf_data_service.go:200.19,202.3 1 0
etf-insight/services/ashare/etf_data_service.go:204.2,204.72 1 0
etf-insight/services/ashare/etf_data_service.go:208.89,209.19 1 0
etf-insight/services/ashare/etf_data_service.go:209.19,211.3 1 0
etf-insight/services/ashare/etf_data_service.go:213.2,214.16 2 0
etf-insight/services/ashare/etf_data_service.go:214.16,216.3 1 0
etf-insight/services/ashare/etf_data_service.go:218.2,218.25 1 0
etf-insight/services/ashare/etf_data_service.go:218.25,220.3 1 0
etf-insight/services/ashare/etf_data_service.go:223.2,224.16 2 0
etf-insight/services/ashare/etf_data_service.go:224.16,226.3 1 0
etf-insight/services/ashare/etf_data_service.go:229.2,231.32 3 0
etf-insight/services/ashare/etf_data_service.go:231.32,232.43 1 0
etf-insight/services/ashare/etf_data_service.go:232.43,234.4 1 0
etf-insight/services/ashare/etf_data_service.go:237.2,237.33 1 0
etf-insight/services/ashare/etf_data_service.go:237.33,239.3 1 0
etf-insight/services/ashare/etf_data_service.go:241.2,242.19 2 0
etf-insight/services/ashare/etf_data_service.go:246.49,248.40 1 0
etf-insight/services/ashare/etf_data_service.go:248.40,250.3 1 0
etf-insight/services/ashare/etf_data_service.go:253.2,257.27 4 0
etf-insight/services/ashare/etf_data_service.go:257.27,259.3 1 0
etf-insight/services/ashare/etf_data_service.go:261.2,261.49 1 0
etf-insight/services/ashare/etf_data_service.go:261.49,263.3 1 0
etf-insight/services/ashare/etf_data_service.go:265.2,265.12 1 0
etf-insight/services/ashare/etf_data_service.go:269.116,273.2 3 0
etf-insight/services/ashare/etf_data_service.go:276.89,285.2 3 0
etf-insight/services/ashare/tushare_provider.go:22.66,23.19 1 0
etf-insight/services/ashare/tushare_provider.go:23.19,25.3 1 0
etf-insight/services/ashare/tushare_provider.go:26.2,32.3 1 0
etf-insight/services/ashare/tushare_provider.go:95.108,103.16 3 0
etf-insight/services/ashare/tushare_provider.go:103.16,105.3 1 0
etf-insight/services/ashare/tushare_provider.go:107.2,112.16 2 0
etf-insight/services/ashare/tushare_provider.go:112.16,114.3 1 0
etf-insight/services/ashare/tushare_provider.go:115.2,118.67 3 0
etf-insight/services/ashare/tushare_provider.go:118.67,120.3 1 0
etf-insight/services/ashare/tushare_provider.go:122.2,122.22 1 0
etf-insight/services/ashare/tushare_provider.go:122.22,124.3 1 0
etf-insight/services/ashare/tushare_provider.go:126.2,126.21 1 0
etf-insight/services/ashare/tushare_provider.go:130.76,132.18 2 0
etf-insight/services/ashare/tushare_provider.go:132.18,134.3 1 0
etf-insight/services/ashare/tushare_provider.go:136.2,137.16 2 0
etf-insight/services/ashare/tushare_provider.go:137.16,139.3 1 0
etf-insight/services/ashare/tushare_provider.go:141.2,142.39 2 0
etf-insight/services/ashare/tushare_provider.go:142.39,143.21 1 0
etf-insight/services/ashare/tushare_provider.go:143.21,155.4 2 0
etf-insight/services/ashare/tushare_provider.go:158.2,158.19 1 0
etf-insight/services/ashare/tushare_provider.go:162.99,166.21 2 0
etf-insight/services/ashare/tushare_provider.go:166.21,168.3 1 0
etf-insight/services/ashare/tushare_provider.go:169.2,169.19 1 0
etf-insight/services/ashare/tushare_provider.go:169.19,171.3 1 0
etf-insight/services/ashare/tushare_provider.go:173.2,174.16 2 0
etf-insight/services/ashare/tushare_provider.go:174.16,176.3 1 0
etf-insight/services/ashare/tushare_provider.go:178.2,179.39 2 0
etf-insight/services/ashare/tushare_provider.go:179.39,180.21 1 0
etf-insight/services/ashare/tushare_provider.go:180.21,185.40 2 0
etf-insight/services/ashare/tushare_provider.go:185.40,187.5 1 0
etf-insight/services/ashare/tushare_provider.go:188.4,188.40 1 0
etf-insight/services/ashare/tushare_provider.go:188.40,190.5 1 0
etf-insight/services/ashare/tushare_provider.go:191.4,191.28 1 0
etf-insight/services/ashare/tushare_provider.go:195.2,195.18 1 0
etf-insight/services/ashare/tushare_provider.go:199.103,203.21 2 0
etf-insight/services/ashare/tushare_provider.go:203.21,205.3 1 0
etf-insight/services/ashare/tushare_provider.go:206.2,206.19 1 0
etf-insight/services/ashare/tushare_provider.go:206.19,208.3 1 0
etf-insight/services/ashare/tushare_provider.go:210.2,211.16 2 0
etf-insight/services/ashare/tushare_provider.go:211.16,213.3 1 0
etf-insight/services/ashare/tushare_provider.go:215.2,216.39 2 0
etf-insight/services/ashare/tushare_provider.go:216.39,217.22 1 0
etf-insight/services/ashare/tushare_provider.go:217.22,222.40 2 0
etf-insight/services/ashare/tushare_provider.go:222.40,224.5 1 0
etf-insight/services/ashare/tushare_provider.go:225.4,225.40 1 0
etf-insight/services/ashare/tushare_provider.go:225.40,227.5 1 0
etf-insight/services/ashare/tushare_provider.go:228.4,228.40 1 0
etf-insight/services/ashare/tushare_provider.go:228.40,230.5 1 0
etf-insight/services/ashare/tushare_provider.go:231.4,231.40 1 0
etf-insight/services/ashare/tushare_provider.go:231.40,233.5 1 0
etf-insight/services/ashare/tushare_provider.go:234.4,234.40 1 0
etf-insight/services/ashare/tushare_provider.go:234.40,236.5 1 0
etf-insight/services/ashare/tushare_provider.go:237.4,237.40 1 0
etf-insight/services/ashare/tushare_provider.go:237.40,239.5 1 0
etf-insight/services/ashare/tushare_provider.go:240.4,240.40 1 0
etf-insight/services/ashare/tushare_provider.go:240.40,242.5 1 0
etf-insight/services/ashare/tushare_provider.go:243.4,243.40 1 0
etf-insight/services/ashare/tushare_provider.go:243.40,245.5 1 0
etf-insight/services/ashare/tushare_provider.go:246.4,246.41 1 0
etf-insight/services/ashare/tushare_provider.go:246.41,248.5 1 0
etf-insight/services/ashare/tushare_provider.go:249.4,249.36 1 0
etf-insight/services/ashare/tushare_provider.go:253.2,253.21 1 0
etf-insight/services/ashare/tushare_provider.go:257.54,258.23 1 0
etf-insight/services/ashare/tushare_provider.go:258.23,259.42 1 0
etf-insight/services/ashare/tushare_provider.go:259.42,261.4 1 0
etf-insight/services/ashare/tushare_provider.go:263.2,263.11 1 0
etf-insight/router/router.go:52.11,89.2 15 0
etf-insight/router/router.go:91.42,93.2 1 0
etf-insight/router/router.go:95.35,114.2 18 0
etf-insight/router/router.go:116.41,120.2 3 0
etf-insight/router/router.go:122.38,124.2 2 0
etf-insight/router/router.go:124.2,141.3 15 0
etf-insight/router/router.go:144.44,146.2 2 0
etf-insight/router/router.go:146.2,156.3 8 0
etf-insight/router/router.go:158.2,159.2 2 0
etf-insight/router/router.go:159.2,167.3 7 0
etf-insight/router/router.go:170.47,172.2 2 0
etf-insight/router/router.go:172.2,180.3 7 0
etf-insight/router/router.go:183.41,185.2 2 0
etf-insight/router/router.go:185.2,192.3 6 0
etf-insight/router/router.go:195.40,197.2 2 0
etf-insight/router/router.go:197.2,201.3 3 0
etf-insight/router/router.go:204.43,206.2 2 0
etf-insight/router/router.go:206.2,211.3 4 0
etf-insight/router/router.go:214.44,216.2 2 0
etf-insight/router/router.go:216.2,224.3 7 0
etf-insight/router/router.go:227.41,229.2 2 0
etf-insight/router/router.go:229.2,249.3 19 0
etf-insight/router/router.go:252.47,254.2 2 0
etf-insight/router/router.go:254.2,269.3 14 0
etf-insight/router/router.go:272.47,274.2 2 0
etf-insight/router/router.go:274.2,282.3 7 0
etf-insight/router/router.go:283.2,283.79 1 0
etf-insight/router/router.go:286.48,288.2 2 0
etf-insight/router/router.go:288.2,296.3 7 0
etf-insight/router/router.go:299.41,301.2 2 0
etf-insight/router/router.go:301.2,316.3 11 0
etf-insight/router/router.go:319.41,323.40 4 0
etf-insight/router/router.go:323.40,325.3 1 0
etf-insight/router/router.go:328.47,330.2 2 0
etf-insight/router/router.go:330.2,334.3 3 0
etf-insight/router/router.go:337.44,339.2 2 0
etf-insight/router/router.go:339.2,347.3 7 0
etf-insight/router/router.go:350.49,352.2 2 0
etf-insight/router/router.go:352.2,358.3 5 0
etf-insight/services/backtest/dataprovider.go:20.67,25.2 1 0
etf-insight/services/backtest/dataprovider.go:28.80,36.16 3 0
etf-insight/services/backtest/dataprovider.go:36.16,38.3 1 0
etf-insight/services/backtest/dataprovider.go:41.2,44.31 3 0
etf-insight/services/backtest/dataprovider.go:44.31,48.86 2 0
etf-insight/services/backtest/dataprovider.go:48.86,55.39 5 0
etf-insight/services/backtest/dataprovider.go:55.39,57.5 1 0
etf-insight/services/backtest/dataprovider.go:60.3,69.4 1 0
etf-insight/services/backtest/dataprovider.go:72.2,72.18 1 0
etf-insight/services/backtest/dataprovider.go:76.73,80.53 3 0
etf-insight/services/backtest/dataprovider.go:80.53,82.3 1 0
etf-insight/services/backtest/dataprovider.go:84.2,84.36 1 0
etf-insight/services/backtest/dataprovider.go:84.36,88.38 2 0
etf-insight/services/backtest/dataprovider.go:88.38,90.4 1 0
etf-insight/services/backtest/dataprovider.go:93.2,93.15 1 0
etf-insight/services/backtest/dataprovider.go:97.74,125.45 2 0
etf-insight/services/backtest/dataprovider.go:125.45,127.3 1 0
etf-insight/services/backtest/dataprovider.go:130.2,130.18 1 0
etf-insight/services/backtest/dataprovider.go:131.32,132.37 1 0
etf-insight/services/backtest/dataprovider.go:133.16,134.37 1 0
etf-insight/services/backtest/dataprovider.go:135.14,136.37 1 0
etf-insight/services/backtest/dataprovider.go:137.10,138.22 1 0
etf-insight/services/backtest/dataprovider.go:143.48,145.2 1 0
etf-insight/services/backtest/dataprovider.go:155.89,161.2 1 0
etf-insight/services/backtest/dataprovider.go:164.80,168.35 2 0
etf-insight/services/backtest/dataprovider.go:168.35,176.17 3 0
etf-insight/services/backtest/dataprovider.go:176.17,178.4 1 0
etf-insight/services/backtest/dataprovider.go:180.3,181.32 2 0
etf-insight/services/backtest/dataprovider.go:181.32,184.87 2 0
etf-insight/services/backtest/dataprovider.go:184.87,189.40 5 0
etf-insight/services/backtest/dataprovider.go:189.40,191.6 1 0
etf-insight/services/backtest/dataprovider.go:194.4,203.5 1 0
etf-insight/services/backtest/dataprovider.go:206.3,206.24 1 0
etf-insight/services/backtest/dataprovider.go:209.2,209.12 1 0
etf-insight/services/backtest/dataprovider.go:213.82,217.53 3 0
etf-insight/services/backtest/dataprovider.go:217.53,219.3 1 0
etf-insight/services/backtest/dataprovider.go:221.2,221.36 1 0
etf-insight/services/backtest/dataprovider.go:221.36,223.38 2 0
etf-insight/services/backtest/dataprovider.go:223.38,225.4 1 0
etf-insight/services/backtest/dataprovider.go:228.2,228.15 1 0
etf-insight/services/backtest/dataprovider.go:232.104,234.9 2 0
etf-insight/services/backtest/dataprovider.go:234.9,236.3 1 0
etf-insight/services/backtest/dataprovider.go:239.2,240.27 2 0
etf-insight/services/backtest/dataprovider.go:240.27,242.58 1 0
etf-insight/services/backtest/dataprovider.go:242.58,244.4 1 0
etf-insight/services/backtest/dataprovider.go:247.2,247.22 1 0
etf-insight/services/backtest/dataprovider.go:251.66,253.2 1 0
etf-insight/services/backtest/dataprovider.go:256.57,258.2 1 0
etf-insight/services/backtest/dataprovider.go:266.46,270.2 1 0
etf-insight/services/backtest/dataprovider.go:273.107,277.28 3 0
etf-insight/services/backtest/dataprovider.go:277.28,300.3 9 0
etf-insight/services/backtest/dataprovider.go:304.82,306.29 2 0
etf-insight/services/backtest/dataprovider.go:306.29,308.58 1 0
etf-insight/services/backtest/dataprovider.go:308.58,310.4 1 0
etf-insight/services/backtest/dataprovider.go:312.2,312.22 1 0
etf-insight/services/backtest/dataprovider.go:316.50,318.29 2 0
etf-insight/services/backtest/dataprovider.go:318.29,320.3 1 0
etf-insight/services/backtest/dataprovider.go:322.2,323.30 2 0
etf-insight/services/backtest/dataprovider.go:323.30,325.3 1 0
etf-insight/services/backtest/dataprovider.go:326.2,326.15 1 0
etf-insight/services/backtest/engine.go:109.83,122.2 1 0
etf-insight/services/backtest/engine.go:125.64,127.2 1 0
etf-insight/services/backtest/engine.go:130.68,132.2 1 0
etf-insight/services/backtest/engine.go:135.64,137.2 1 0
etf-insight/services/backtest/engine.go:140.65,142.2 1 0
etf-insight/services/backtest/engine.go:145.85,151.16 4 0
etf-insight/services/backtest/engine.go:151.16,153.3 1 0
etf-insight/services/backtest/engine.go:155.2,155.20 1 0
etf-insight/services/backtest/engine.go:155.20,157.3 1 0
etf-insight/services/backtest/engine.go:160.2,163.27 2 0
etf-insight/services/backtest/engine.go:163.27,174.34 4 0
etf-insight/services/backtest/engine.go:174.34,175.55 1 0
etf-insight/services/backtest/engine.go:175.55,178.13 1 0
etf-insight/services/backtest/engine.go:183.3,186.27 2 0
etf-insight/services/backtest/engine.go:190.2,192.32 2 0
etf-insight/services/backtest/engine.go:196.72,197.21 1 0
etf-insight/services/backtest/engine.go:198.17,199.35 1 0
etf-insight/services/backtest/engine.go:200.18,201.36 1 0
etf-insight/services/backtest/engine.go:203.2,203.12 1 0
etf-insight/services/backtest/engine.go:207.69,219.45 5 0
etf-insight/services/backtest/engine.go:219.45,221.3 1 0
etf-insight/services/backtest/engine.go:224.2,225.13 2 0
etf-insight/services/backtest/engine.go:225.13,233.3 2 0
etf-insight/services/backtest/engine.go:236.2,237.45 2 0
etf-insight/services/backtest/engine.go:237.45,240.3 2 0
etf-insight/services/backtest/engine.go:241.2,261.12 5 0
etf-insight/services/backtest/engine.go:265.70,267.60 2 0
etf-insight/services/backtest/engine.go:267.60,269.3 1 0
etf-insight/services/backtest/engine.go:272.2,288.32 9 0
etf-insight/services/backtest/engine.go:288.32,290.3 1 0
etf-insight/services/backtest/engine.go:293.2,310.12 4 0
etf-insight/services/backtest/engine.go:314.52,315.57 1 0
etf-insight/services/backtest/engine.go:315.57,319.3 3 0
etf-insight/services/backtest/engine.go:323.53,324.27 1 0
etf-insight/services/backtest/engine.go:324.27,326.3 1 0
etf-insight/services/backtest/engine.go:328.2,328.44 1 0
etf-insight/services/backtest/engine.go:328.44,329.27 1 0
etf-insight/services/backtest/engine.go:329.27,346.4 5 0
etf-insight/services/backtest/engine.go:351.55,353.39 2 0
etf-insight/services/backtest/engine.go:353.39,355.3 1 0
etf-insight/services/backtest/engine.go:357.2,362.28 4 0
etf-insight/services/backtest/engine.go:362.28,364.43 2 0
etf-insight/services/backtest/engine.go:364.43,366.4 1 0
etf-insight/services/backtest/engine.go:370.2,371.38 2 0
etf-insight/services/backtest/engine.go:371.38,372.37 1 0
etf-insight/services/backtest/engine.go:372.37,374.4 1 0
etf-insight/services/backtest/engine.go:376.2,376.35 1 0
etf-insight/services/backtest/engine.go:376.35,378.3 1 0
etf-insight/services/backtest/engine.go:379.2,379.36 1 0
etf-insight/services/backtest/engine.go:379.36,381.3 1 0
etf-insight/services/backtest/engine.go:383.2,391.46 2 0
etf-insight/services/backtest/engine.go:395.48,396.29 1 0
etf-insight/services/backtest/engine.go:396.29,398.3 1 0
etf-insight/services/backtest/engine.go:401.2,406.36 4 0
etf-insight/services/backtest/engine.go:406.36,408.38 2 0
etf-insight/services/backtest/engine.go:408.38,411.4 2 0
etf-insight/services/backtest/engine.go:415.2,416.38 2 0
etf-insight/services/backtest/engine.go:416.38,417.48 1 0
etf-insight/services/backtest/engine.go:417.48,419.4 1 0
etf-insight/services/backtest/engine.go:423.2,424.42 2 0
etf-insight/services/backtest/engine.go:424.42,426.3 1 0
etf-insight/services/backtest/engine.go:427.2,431.45 3 0
etf-insight/services/backtest/engine.go:431.45,433.3 1 0
etf-insight/services/backtest/engine.go:436.2,436.30 1 0
etf-insight/services/backtest/engine.go:440.53,446.36 5 0
etf-insight/services/backtest/engine.go:446.36,447.24 1 0
etf-insight/services/backtest/engine.go:447.24,450.46 1 0
etf-insight/services/backtest/engine.go:450.46,453.5 2 0
etf-insight/services/backtest/engine.go:453.10,456.5 2 0
etf-insight/services/backtest/engine.go:460.2,461.21 2 0
etf-insight/services/backtest/engine.go:461.21,463.3 1 0
etf-insight/services/backtest/engine.go:465.2,465.41 1 0
etf-insight/services/backtest/engine.go:465.41,467.3 1 0
etf-insight/services/backtest/engine.go:471.53,473.59 1 0
etf-insight/services/backtest/engine.go:473.59,475.36 2 0
etf-insight/services/backtest/engine.go:475.36,477.4 1 0
etf-insight/services/backtest/engine.go:482.59,485.37 2 0
etf-insight/services/backtest/engine.go:485.37,487.3 1 0
etf-insight/services/backtest/engine.go:489.2,507.3 1 0
etf-insight/services/backtest/engine.go:511.63,513.2 1 0
etf-insight/services/backtest/engine.go:516.65,518.2 1 0
etf-insight/services/backtest/engine.go:521.62,523.2 1 0
etf-insight/services/backtest/engine.go:526.58,528.2 1 0
etf-insight/services/backtest/engine.go:531.65,533.2 1 0
etf-insight/services/backtest/engine.go:537.34,539.39 1 0
etf-insight/services/backtest/engine.go:539.39,541.3 1 0
etf-insight/services/backtest/engine.go:544.62,545.23 1 0
etf-insight/services/backtest/engine.go:545.23,547.3 1 0
etf-insight/services/backtest/engine.go:550.2,551.28 2 0
etf-insight/services/backtest/engine.go:551.28,553.3 1 0
etf-insight/services/backtest/engine.go:554.2,558.28 3 0
etf-insight/services/backtest/engine.go:558.28,560.3 1 0
etf-insight/services/backtest/engine.go:561.2,563.14 2 0
etf-insight/services/backtest/engine.go:563.14,565.3 1 0
etf-insight/services/backtest/engine.go:568.2,571.37 3 0
etf-insight/services/backtest/engine.go:574.63,575.23 1 0
etf-insight/services/backtest/engine.go:575.23,577.3 1 0
etf-insight/services/backtest/engine.go:580.2,581.28 2 0
etf-insight/services/backtest/engine.go:581.28,583.3 1 0
etf-insight/services/backtest/engine.go:584.2,589.28 4 0
etf-insight/services/backtest/engine.go:589.28,590.23 1 0
etf-insight/services/backtest/engine.go:590.23,592.4 1 0
etf-insight/services/backtest/engine.go:594.2,596.22 2 0
etf-insight/services/backtest/engine.go:596.22,598.3 1 0
etf-insight/services/backtest/engine.go:601.2,604.38 3 0
etf-insight/services/backtest/event_engine.go:40.46,40.63 1 0
etf-insight/services/backtest/event_engine.go:41.46,41.68 1 0
etf-insight/services/backtest/event_engine.go:42.46,42.65 1 0
etf-insight/services/backtest/event_engine.go:176.44,182.2 1 0
etf-insight/services/backtest/event_engine.go:185.73,187.2 1 0
etf-insight/services/backtest/event_engine.go:190.39,191.9 1 0
etf-insight/services/backtest/event_engine.go:192.25,192.25 0 0
etf-insight/services/backtest/event_engine.go:193.10,195.72 1 0
etf-insight/services/backtest/event_engine.go:200.49,202.2 1 0
etf-insight/services/backtest/event_engine.go:205.53,207.35 2 0
etf-insight/services/backtest/event_engine.go:207.35,208.47 1 0
etf-insight/services/backtest/event_engine.go:208.47,210.4 1 0
etf-insight/services/backtest/event_engine.go:212.2,212.12 1 0
etf-insight/services/backtest/event_engine.go:216.29,219.2 2 0
etf-insight/services/backtest/event_engine.go:222.28,225.2 2 0
etf-insight/services/backtest/event_engine.go:228.33,229.17 1 0
etf-insight/services/backtest/event_engine.go:229.17,230.10 1 0
etf-insight/services/backtest/event_engine.go:231.32,232.11 1 0
etf-insight/services/backtest/event_engine.go:232.11,234.5 1 0
etf-insight/services/backtest/event_engine.go:235.4,235.49 1 0
etf-insight/services/backtest/event_engine.go:235.49,237.5 1 0
etf-insight/services/backtest/event_engine.go:286.89,309.2 2 0
etf-insight/services/backtest/event_engine.go:312.67,314.2 1 0
etf-insight/services/backtest/event_engine.go:317.71,319.2 1 0
etf-insight/services/backtest/event_engine.go:322.67,324.2 1 0
etf-insight/services/backtest/event_engine.go:327.68,329.2 1 0
etf-insight/services/backtest/event_engine.go:332.72,335.2 2 0
etf-insight/services/backtest/event_engine.go:338.74,341.2 2 0
etf-insight/services/backtest/event_engine.go:344.70,347.2 2 0
etf-insight/services/backtest/event_engine.go:350.99,364.16 8 0
etf-insight/services/backtest/event_engine.go:364.16,366.3 1 0
etf-insight/services/backtest/event_engine.go:368.2,368.20 1 0
etf-insight/services/backtest/event_engine.go:368.20,370.3 1 0
etf-insight/services/backtest/event_engine.go:373.2,376.27 2 0
etf-insight/services/backtest/event_engine.go:376.27,412.34 11 0
etf-insight/services/backtest/event_engine.go:412.34,414.4 1 0
etf-insight/services/backtest/event_engine.go:417.3,417.27 1 0
etf-insight/services/backtest/event_engine.go:421.2,423.32 2 0
etf-insight/services/backtest/event_engine.go:427.96,429.16 2 0
etf-insight/services/backtest/event_engine.go:429.16,431.3 1 0
etf-insight/services/backtest/event_engine.go:434.2,453.8 1 0
etf-insight/services/backtest/event_engine.go:457.53,462.2 2 0
etf-insight/services/backtest/event_engine.go:465.69,469.21 3 0
etf-insight/services/backtest/event_engine.go:470.17,472.26 2 0
etf-insight/services/backtest/event_engine.go:473.18,475.26 2 0
etf-insight/services/backtest/event_engine.go:476.10,477.9 1 0
etf-insight/services/backtest/event_engine.go:481.2,481.26 1 0
etf-insight/services/backtest/event_engine.go:481.26,483.50 2 0
etf-insight/services/backtest/event_engine.go:483.50,485.4 1 0
etf-insight/services/backtest/event_engine.go:486.8,488.61 2 0
etf-insight/services/backtest/event_engine.go:488.61,490.4 1 0
etf-insight/services/backtest/event_engine.go:493.2,520.29 5 0
etf-insight/services/backtest/event_engine.go:524.60,527.40 2 0
etf-insight/services/backtest/event_engine.go:527.40,528.33 1 0
etf-insight/services/backtest/event_engine.go:528.33,530.12 2 0
etf-insight/services/backtest/event_engine.go:534.3,537.21 3 0
etf-insight/services/backtest/event_engine.go:538.20,539.21 1 0
etf-insight/services/backtest/event_engine.go:540.19,541.79 1 0
etf-insight/services/backtest/event_engine.go:541.79,544.5 2 0
etf-insight/services/backtest/event_engine.go:544.10,544.91 1 0
etf-insight/services/backtest/event_engine.go:544.91,547.5 2 0
etf-insight/services/backtest/event_engine.go:548.18,549.82 1 0
etf-insight/services/backtest/event_engine.go:549.82,552.5 2 0
etf-insight/services/backtest/event_engine.go:552.10,552.86 1 0
etf-insight/services/backtest/event_engine.go:552.86,555.5 2 0
etf-insight/services/backtest/event_engine.go:558.3,558.17 1 0
etf-insight/services/backtest/event_engine.go:558.17,560.4 1 0
etf-insight/services/backtest/event_engine.go:560.9,562.4 1 0
etf-insight/services/backtest/event_engine.go:565.2,565.35 1 0
etf-insight/services/backtest/event_engine.go:569.100,575.11 4 0
etf-insight/services/backtest/event_engine.go:575.11,577.3 1 0
etf-insight/services/backtest/event_engine.go:577.8,579.3 1 0
etf-insight/services/backtest/event_engine.go:582.2,605.11 8 0
etf-insight/services/backtest/event_engine.go:605.11,607.3 1 0
etf-insight/services/backtest/event_engine.go:607.8,609.3 1 0
etf-insight/services/backtest/event_engine.go:612.2,620.28 2 0
etf-insight/services/backtest/event_engine.go:624.121,629.13 3 0
etf-insight/services/backtest/event_engine.go:629.13,637.3 2 0
etf-insight/services/backtest/event_engine.go:640.2,641.45 2 0
etf-insight/services/backtest/event_engine.go:641.45,644.3 2 0
etf-insight/services/backtest/event_engine.go:645.2,648.52 2 0
etf-insight/services/backtest/event_engine.go:652.122,654.53 2 0
etf-insight/services/backtest/event_engine.go:654.53,656.3 1 0
etf-insight/services/backtest/event_engine.go:658.2,667.32 6 0
etf-insight/services/backtest/event_engine.go:667.32,669.3 1 0
etf-insight/services/backtest/event_engine.go:672.2,672.55 1 0
etf-insight/services/backtest/event_engine.go:676.63,677.57 1 0
etf-insight/services/backtest/event_engine.go:677.57,678.36 1 0
etf-insight/services/backtest/event_engine.go:678.36,680.4 1 0
etf-insight/services/backtest/event_engine.go:682.3,687.42 4 0
etf-insight/services/backtest/event_engine.go:687.42,689.4 1 0
etf-insight/services/backtest/event_engine.go:692.3,692.61 1 0
etf-insight/services/backtest/event_engine.go:692.61,694.57 2 0
etf-insight/services/backtest/event_engine.go:694.57,709.5 3 0
etf-insight/services/backtest/event_engine.go:713.3,713.66 1 0
etf-insight/services/backtest/event_engine.go:713.66,714.58 1 0
etf-insight/services/backtest/event_engine.go:714.58,729.5 3 0
etf-insight/services/backtest/event_engine.go:735.54,736.25 1 0
etf-insight/services/backtest/event_engine.go:736.25,738.3 1 0
etf-insight/services/backtest/event_engine.go:740.2,740.34 1 0
etf-insight/services/backtest/event_engine.go:740.34,743.3 2 0
etf-insight/services/backtest/event_engine.go:745.2,746.51 2 0
etf-insight/services/backtest/event_engine.go:746.51,755.3 3 0
etf-insight/services/backtest/event_engine.go:759.55,760.57 1 0
etf-insight/services/backtest/event_engine.go:760.57,764.3 3 0
etf-insight/services/backtest/event_engine.go:768.56,769.27 1 0
etf-insight/services/backtest/event_engine.go:769.27,771.3 1 0
etf-insight/services/backtest/event_engine.go:773.2,773.44 1 0
etf-insight/services/backtest/event_engine.go:773.44,774.27 1 0
etf-insight/services/backtest/event_engine.go:774.27,791.4 5 0
etf-insight/services/backtest/event_engine.go:796.53,797.66 1 0
etf-insight/services/backtest/event_engine.go:797.66,799.3 1 0
etf-insight/services/backtest/event_engine.go:801.2,801.44 1 0
etf-insight/services/backtest/event_engine.go:801.44,802.27 1 0
etf-insight/services/backtest/event_engine.go:802.27,820.4 6 0
etf-insight/services/backtest/event_engine.go:825.58,827.39 2 0
etf-insight/services/backtest/event_engine.go:827.39,829.3 1 0
etf-insight/services/backtest/event_engine.go:831.2,834.43 2 0
etf-insight/services/backtest/event_engine.go:834.43,836.3 1 0
etf-insight/services/backtest/event_engine.go:839.2,840.44 2 0
etf-insight/services/backtest/event_engine.go:840.44,842.3 1 0
etf-insight/services/backtest/event_engine.go:843.2,843.41 1 0
etf-insight/services/backtest/event_engine.go:843.41,845.3 1 0
etf-insight/services/backtest/event_engine.go:848.2,849.28 2 0
etf-insight/services/backtest/event_engine.go:849.28,851.43 2 0
etf-insight/services/backtest/event_engine.go:851.43,853.4 1 0
etf-insight/services/backtest/event_engine.go:856.2,864.46 2 0
etf-insight/services/backtest/event_engine.go:868.52,870.2 0 0
etf-insight/services/backtest/event_engine.go:895.73,896.29 1 0
etf-insight/services/backtest/event_engine.go:896.29,902.3 1 0
etf-insight/services/backtest/event_engine.go:904.2,910.68 5 0
etf-insight/services/backtest/event_engine.go:910.68,912.38 2 0
etf-insight/services/backtest/event_engine.go:912.38,917.4 3 0
etf-insight/services/backtest/event_engine.go:921.2,922.38 2 0
etf-insight/services/backtest/event_engine.go:922.38,923.56 1 0
etf-insight/services/backtest/event_engine.go:923.56,925.4 1 0
etf-insight/services/backtest/event_engine.go:928.2,936.31 6 0
etf-insight/services/backtest/event_engine.go:936.31,938.33 1 0
etf-insight/services/backtest/event_engine.go:938.33,940.60 1 0
etf-insight/services/backtest/event_engine.go:940.60,941.55 1 0
etf-insight/services/backtest/event_engine.go:941.55,944.6 2 0
etf-insight/services/backtest/event_engine.go:944.11,947.6 2 0
etf-insight/services/backtest/event_engine.go:952.2,954.21 3 0
etf-insight/services/backtest/event_engine.go:954.21,956.3 1 0
etf-insight/services/backtest/event_engine.go:958.2,959.41 2 0
etf-insight/services/backtest/event_engine.go:959.41,961.3 1 0
etf-insight/services/backtest/event_engine.go:964.2,965.45 2 0
etf-insight/services/backtest/event_engine.go:965.45,967.3 1 0
etf-insight/services/backtest/event_engine.go:969.2,988.3 1 0
etf-insight/services/backtest/event_engine.go:992.73,994.31 2 0
etf-insight/services/backtest/event_engine.go:994.31,996.33 2 0
etf-insight/services/backtest/event_engine.go:996.33,998.4 1 0
etf-insight/services/backtest/event_engine.go:1000.3,1012.51 2 0
etf-insight/services/backtest/event_engine.go:1014.2,1014.21 1 0
etf-insight/services/backtest/event_engine.go:1022.55,1025.2 1 0
etf-insight/services/backtest/event_engine.go:1032.54,1035.2 1 0
etf-insight/services/backtest/event_engine.go:1038.59,1039.23 1 0
etf-insight/services/backtest/event_engine.go:1039.23,1041.3 1 0
etf-insight/services/backtest/event_engine.go:1044.2,1045.28 2 0
etf-insight/services/backtest/event_engine.go:1045.28,1047.3 1 0
etf-insight/services/backtest/event_engine.go:1048.2,1052.28 3 0
etf-insight/services/backtest/event_engine.go:1052.28,1055.3 2 0
etf-insight/services/backtest/event_engine.go:1056.2,1059.16 2 0
etf-insight/services/backtest/event_engine.go:1059.16,1063.3 3 0
etf-insight/services/backtest/event_engine.go:1065.2,1065.10 1 0
etf-insight/services/backtest/event_engine.go:1069.60,1070.23 1 0
etf-insight/services/backtest/event_engine.go:1070.23,1072.3 1 0
etf-insight/services/backtest/event_engine.go:1075.2,1076.28 2 0
etf-insight/services/backtest/event_engine.go:1076.28,1078.3 1 0
etf-insight/services/backtest/event_engine.go:1079.2,1084.28 4 0
etf-insight/services/backtest/event_engine.go:1084.28,1085.12 1 0
etf-insight/services/backtest/event_engine.go:1085.12,1088.4 2 0
etf-insight/services/backtest/event_engine.go:1091.2,1091.24 1 0
etf-insight/services/backtest/event_engine.go:1091.24,1093.3 1 0
etf-insight/services/backtest/event_engine.go:1095.2,1098.24 2 0
etf-insight/services/backtest/event_engine.go:1098.24,1102.3 3 0
etf-insight/services/backtest/event_engine.go:1104.2,1104.10 1 0
etf-insight/services/backtest/event_engine.go:1108.35,1109.12 1 0
etf-insight/services/backtest/event_engine.go:1109.12,1111.3 1 0
etf-insight/services/backtest/event_engine.go:1112.2,1113.26 2 0
etf-insight/services/backtest/event_engine.go:1113.26,1115.3 1 0
etf-insight/services/backtest/event_engine.go:1116.2,1116.10 1 0
etf-insight/services/backtest/factors.go:18.61,23.2 1 0
etf-insight/services/backtest/factors.go:85.22,86.50 1 0
etf-insight/services/backtest/factors.go:86.50,88.3 1 0
etf-insight/services/backtest/factors.go:91.2,105.3 5 0
etf-insight/services/backtest/factors.go:116.22,118.24 2 0
etf-insight/services/backtest/factors.go:118.24,120.3 1 0
etf-insight/services/backtest/factors.go:123.2,132.3 3 0
etf-insight/services/backtest/factors.go:136.116,137.63 1 0
etf-insight/services/backtest/factors.go:137.63,139.3 1 0
etf-insight/services/backtest/factors.go:142.2,147.37 4 0
etf-insight/services/backtest/factors.go:147.37,148.26 1 0
etf-insight/services/backtest/factors.go:148.26,150.4 1 0
etf-insight/services/backtest/factors.go:150.9,152.4 1 0
etf-insight/services/backtest/factors.go:155.2,158.29 3 0
etf-insight/services/backtest/factors.go:162.119,163.66 1 0
etf-insight/services/backtest/factors.go:163.66,165.3 1 0
etf-insight/services/backtest/factors.go:168.2,174.41 5 0
etf-insight/services/backtest/factors.go:174.41,175.34 1 0
etf-insight/services/backtest/factors.go:175.34,177.4 1 0
etf-insight/services/backtest/factors.go:177.9,177.38 1 0
etf-insight/services/backtest/factors.go:177.38,179.4 1 0
etf-insight/services/backtest/factors.go:182.2,185.28 3 0
etf-insight/services/backtest/factors.go:189.120,190.67 1 0
etf-insight/services/backtest/factors.go:190.67,192.3 1 0
etf-insight/services/backtest/factors.go:195.2,200.43 4 0
etf-insight/services/backtest/factors.go:200.43,201.38 1 0
etf-insight/services/backtest/factors.go:201.38,203.4 1 0
etf-insight/services/backtest/factors.go:203.9,205.4 1 0
etf-insight/services/backtest/factors.go:208.2,211.31 3 0
etf-insight/services/backtest/factors.go:215.117,216.64 1 0
etf-insight/services/backtest/factors.go:216.64,218.3 1 0
etf-insight/services/backtest/factors.go:221.2,226.39 4 0
etf-insight/services/backtest/factors.go:226.39,227.34 1 0
etf-insight/services/backtest/factors.go:227.34,229.4 1 0
etf-insight/services/backtest/factors.go:229.9,231.4 1 0
etf-insight/services/backtest/factors.go:234.2,237.43 3 0
etf-insight/services/backtest/factors.go:242.111,243.34 1 0
etf-insight/services/backtest/factors.go:243.34,245.3 1 0
etf-insight/services/backtest/factors.go:248.2,251.22 2 0
etf-insight/services/backtest/factors.go:251.22,254.3 2 0
etf-insight/services/backtest/factors.go:256.2,256.18 1 0
etf-insight/services/backtest/factors.go:261.90,262.23 1 0
etf-insight/services/backtest/factors.go:262.23,264.3 1 0
etf-insight/services/backtest/factors.go:267.2,270.42 2 0
etf-insight/services/backtest/factors.go:270.42,272.3 1 0
etf-insight/services/backtest/factors.go:274.2,274.21 1 0
etf-insight/services/backtest/factors.go:284.19,291.35 2 0
etf-insight/services/backtest/factors.go:291.35,293.3 1 0
etf-insight/services/backtest/factors.go:296.2,296.35 1 0
etf-insight/services/backtest/factors.go:296.35,298.3 1 0
etf-insight/services/backtest/factors.go:301.2,301.44 1 0
etf-insight/services/backtest/factors.go:301.44,303.3 1 0
etf-insight/services/backtest/factors.go:306.2,308.14 2 0
etf-insight/services/backtest/factors.go:318.19,325.34 2 0
etf-insight/services/backtest/factors.go:325.34,327.3 1 0
etf-insight/services/backtest/factors.go:330.2,330.34 1 0
etf-insight/services/backtest/factors.go:330.34,332.3 1 0
etf-insight/services/backtest/factors.go:335.2,335.34 1 0
etf-insight/services/backtest/factors.go:335.34,337.3 1 0
etf-insight/services/backtest/factors.go:340.2,342.14 2 0
etf-insight/services/backtest/factors.go:350.34,353.54 2 0
etf-insight/services/backtest/factors.go:353.54,354.49 1 0
etf-insight/services/backtest/factors.go:354.49,355.12 1 0
etf-insight/services/backtest/factors.go:359.3,360.31 2 0
etf-insight/services/backtest/factors.go:363.2,363.18 1 0
etf-insight/services/backtest/factors.go:368.65,369.22 1 0
etf-insight/services/backtest/factors.go:369.22,371.3 1 0
etf-insight/services/backtest/factors.go:373.2,374.27 2 0
etf-insight/services/backtest/factors.go:374.27,376.3 1 0
etf-insight/services/backtest/factors.go:378.2,378.56 1 0
etf-insight/services/backtest/factors.go:381.64,382.22 1 0
etf-insight/services/backtest/factors.go:382.22,384.3 1 0
etf-insight/services/backtest/factors.go:387.2,391.41 3 0
etf-insight/services/backtest/factors.go:391.41,393.3 1 0
etf-insight/services/backtest/factors.go:395.2,396.24 2 0
etf-insight/services/backtest/factors.go:396.24,398.3 1 0
etf-insight/services/backtest/factors.go:399.2,399.20 1 0
etf-insight/services/backtest/factors.go:402.79,403.22 1 0
etf-insight/services/backtest/factors.go:403.22,405.3 1 0
etf-insight/services/backtest/factors.go:408.2,412.41 3 0
etf-insight/services/backtest/factors.go:412.41,414.3 1 0
etf-insight/services/backtest/factors.go:417.2,421.26 4 0
etf-insight/services/backtest/factors.go:421.26,423.3 1 0
etf-insight/services/backtest/factors.go:426.2,427.74 2 0
etf-insight/services/backtest/factors.go:430.69,431.23 1 0
etf-insight/services/backtest/factors.go:431.23,433.3 1 0
etf-insight/services/backtest/factors.go:436.2,440.28 3 0
etf-insight/services/backtest/factors.go:440.28,443.3 2 0
etf-insight/services/backtest/factors.go:444.2,449.19 3 0
etf-insight/services/backtest/factors.go:452.101,453.71 1 0
etf-insight/services/backtest/factors.go:453.71,455.3 1 0
etf-insight/services/backtest/factors.go:458.2,464.41 5 0
etf-insight/services/backtest/factors.go:464.41,470.3 4 0
etf-insight/services/backtest/factors.go:472.2,475.29 3 0
etf-insight/services/backtest/factors.go:475.29,477.3 1 0
etf-insight/services/backtest/factors.go:479.2,479.39 1 0
etf-insight/services/backtest/factors.go:483.67,549.2 1 0
etf-insight/services/backtest/strategies.go:16.41,18.2 1 0
etf-insight/services/backtest/strategies.go:20.48,22.2 1 0
etf-insight/services/backtest/strategies.go:33.93,43.2 1 0
etf-insight/services/backtest/strategies.go:46.98,53.32 4 0
etf-insight/services/backtest/strategies.go:53.32,55.3 1 0
etf-insight/services/backtest/strategies.go:58.2,62.34 3 0
etf-insight/services/backtest/strategies.go:62.34,64.3 1 0
etf-insight/services/backtest/strategies.go:67.2,71.76 3 0
etf-insight/services/backtest/strategies.go:71.76,75.41 3 0
etf-insight/services/backtest/strategies.go:75.41,82.4 1 0
etf-insight/services/backtest/strategies.go:86.2,86.76 1 0
etf-insight/services/backtest/strategies.go:86.76,88.69 2 0
etf-insight/services/backtest/strategies.go:88.69,95.4 1 0
etf-insight/services/backtest/strategies.go:98.2,98.16 1 0
etf-insight/services/backtest/strategies.go:111.76,122.2 1 0
etf-insight/services/backtest/strategies.go:125.83,132.30 4 0
etf-insight/services/backtest/strategies.go:132.30,134.3 1 0
etf-insight/services/backtest/strategies.go:137.2,140.37 2 0
etf-insight/services/backtest/strategies.go:140.37,143.41 3 0
etf-insight/services/backtest/strategies.go:143.41,150.4 1 0
etf-insight/services/backtest/strategies.go:154.2,154.42 1 0
etf-insight/services/backtest/strategies.go:154.42,156.69 2 0
etf-insight/services/backtest/strategies.go:156.69,163.4 1 0
etf-insight/services/backtest/strategies.go:166.2,166.16 1 0
etf-insight/services/backtest/strategies.go:181.85,193.2 1 0
etf-insight/services/backtest/strategies.go:196.88,204.53 4 0
etf-insight/services/backtest/strategies.go:204.53,207.3 1 0
etf-insight/services/backtest/strategies.go:210.2,210.57 1 0
etf-insight/services/backtest/strategies.go:210.57,215.3 3 0
etf-insight/services/backtest/strategies.go:217.2,220.45 2 0
etf-insight/services/backtest/strategies.go:220.45,229.49 4 0
etf-insight/services/backtest/strategies.go:229.49,231.4 1 0
etf-insight/services/backtest/strategies.go:234.3,234.49 1 0
etf-insight/services/backtest/strategies.go:234.49,236.4 1 0
etf-insight/services/backtest/strategies.go:239.3,240.57 2 0
etf-insight/services/backtest/strategies.go:240.57,242.4 1 0
etf-insight/services/backtest/strategies.go:245.3,246.43 2 0
etf-insight/services/backtest/strategies.go:246.43,247.74 1 0
etf-insight/services/backtest/strategies.go:247.74,254.5 1 0
etf-insight/services/backtest/strategies.go:258.3,258.29 1 0
etf-insight/services/backtest/strategies.go:258.29,261.53 2 0
etf-insight/services/backtest/strategies.go:261.53,265.43 3 0
etf-insight/services/backtest/strategies.go:265.43,273.6 2 0
etf-insight/services/backtest/strategies.go:278.2,278.16 1 0
etf-insight/services/backtest/strategies.go:290.82,292.28 2 0
etf-insight/services/backtest/strategies.go:292.28,294.3 1 0
etf-insight/services/backtest/strategies.go:296.2,304.3 1 0
etf-insight/services/backtest/strategies.go:308.91,319.50 5 0
etf-insight/services/backtest/strategies.go:319.50,320.56 1 0
etf-insight/services/backtest/strategies.go:320.56,322.4 1 0
etf-insight/services/backtest/strategies.go:327.2,327.42 1 0
etf-insight/services/backtest/strategies.go:327.42,330.41 3 0
etf-insight/services/backtest/strategies.go:330.41,337.4 1 0
etf-insight/services/backtest/strategies.go:338.8,338.46 1 0
etf-insight/services/backtest/strategies.go:338.46,340.69 2 0
etf-insight/services/backtest/strategies.go:340.69,342.52 2 0
etf-insight/services/backtest/strategies.go:342.52,344.5 1 0
etf-insight/services/backtest/strategies.go:345.4,346.42 2 0
etf-insight/services/backtest/strategies.go:346.42,353.5 1 0
etf-insight/services/backtest/strategies.go:357.2,357.16 1 0
etf-insight/services/backtest/strategies.go:361.109,365.22 3 0
etf-insight/services/backtest/strategies.go:365.22,367.3 1 0
etf-insight/services/backtest/strategies.go:370.2,378.16 6 0
etf-insight/services/backtest/strategies.go:382.57,384.42 2 0
etf-insight/services/backtest/strategies.go:384.42,386.3 1 0
etf-insight/services/backtest/strategies.go:387.2,387.14 1 0
etf-insight/services/backtest/strategies.go:397.50,405.2 1 0
etf-insight/services/backtest/strategies.go:408.90,412.34 2 0
etf-insight/services/backtest/strategies.go:412.34,416.41 3 0
etf-insight/services/backtest/strategies.go:416.41,424.4 2 0
etf-insight/services/backtest/strategies.go:427.2,427.16 1 0
etf-insight/services/backtest/strategies.go:432.73,433.26 1 0
etf-insight/services/backtest/strategies.go:433.26,435.3 1 0
etf-insight/services/backtest/strategies.go:437.2,438.54 2 0
etf-insight/services/backtest/strategies.go:438.54,440.3 1 0
etf-insight/services/backtest/strategies.go:442.2,442.51 1 0
etf-insight/services/backtest/strategies.go:445.73,446.28 1 0
etf-insight/services/backtest/strategies.go:446.28,448.3 1 0
etf-insight/services/backtest/strategies.go:450.2,453.54 3 0
etf-insight/services/backtest/strategies.go:453.54,455.39 2 0
etf-insight/services/backtest/strategies.go:455.39,457.4 1 0
etf-insight/services/backtest/strategies.go:457.9,459.4 1 0
etf-insight/services/backtest/strategies.go:462.2,462.21 1 0
etf-insight/services/backtest/strategies.go:462.21,464.3 1 0
etf-insight/services/backtest/strategies.go:466.2,472.12 5 0
etf-insight/services/backtest/strategies.go:475.67,476.21 1 0
etf-insight/services/backtest/strategies.go:476.21,478.3 1 0
etf-insight/services/backtest/strategies.go:480.2,481.35 2 0
etf-insight/services/backtest/strategies.go:481.35,483.3 1 0
etf-insight/services/backtest/strategies.go:485.2,485.16 1 0
etf-insight/services/backtest/types.go:101.103,103.2 1 0
etf-insight/services/backtest/types.go:111.93,113.87 2 0
etf-insight/services/backtest/types.go:113.87,115.3 1 0
etf-insight/services/backtest/types.go:116.2,116.19 1 0
etf-insight/services/backtest/types.go:124.102,126.41 2 0
etf-insight/services/backtest/types.go:126.41,128.3 1 0
etf-insight/services/backtest/types.go:129.2,129.22 1 0
etf-insight/services/backtest/types.go:139.102,149.2 4 0
etf-insight/services/backtest/types.go:163.92,166.31 2 0
etf-insight/services/backtest/types.go:166.31,168.67 1 0
etf-insight/services/backtest/types.go:168.67,170.4 1 0
etf-insight/services/backtest/types.go:174.2,174.52 1 0
etf-insight/services/backtest/types.go:184.107,186.41 2 0
etf-insight/services/backtest/types.go:186.41,188.3 1 0
etf-insight/services/backtest/types.go:189.2,189.22 1 0
etf-insight/services/backtest/types.go:193.62,195.2 1 0
etf-insight/services/backtest/types.go:198.60,200.2 1 0
etf-insight/services/datasource/asset_provider.go:136.54,140.2 1 0
etf-insight/services/datasource/asset_provider.go:143.65,145.2 1 0
etf-insight/services/datasource/asset_provider.go:148.71,151.2 2 0
etf-insight/services/datasource/asset_provider.go:154.97,157.32 2 0
etf-insight/services/datasource/asset_provider.go:157.32,159.3 1 0
etf-insight/services/datasource/asset_provider.go:162.2,165.37 2 0
etf-insight/services/datasource/asset_provider.go:165.37,166.32 1 0
etf-insight/services/datasource/asset_provider.go:166.32,168.4 1 0
etf-insight/services/datasource/asset_provider.go:171.2,171.36 1 0
etf-insight/services/datasource/asset_provider.go:175.66,177.32 2 0
etf-insight/services/datasource/asset_provider.go:177.32,179.3 1 0
etf-insight/services/datasource/asset_provider.go:180.2,180.18 1 0
etf-insight/services/datasource/asset_provider.go:184.89,186.16 2 0
etf-insight/services/datasource/asset_provider.go:186.16,188.3 1 0
etf-insight/services/datasource/asset_provider.go:190.2,190.51 1 0
etf-insight/services/datasource/asset_provider.go:190.51,192.3 1 0
etf-insight/services/datasource/asset_provider.go:195.2,195.30 1 0
etf-insight/services/datasource/asset_provider.go:199.57,201.40 1 0
etf-insight/services/datasource/asset_provider.go:201.40,202.43 1 0
etf-insight/services/datasource/asset_provider.go:202.43,203.59 1 0
etf-insight/services/datasource/asset_provider.go:203.59,205.5 1 0
etf-insight/services/datasource/asset_provider.go:216.81,220.2 1 0
etf-insight/services/datasource/asset_provider.go:223.99,225.16 2 0
etf-insight/services/datasource/asset_provider.go:225.16,227.3 1 0
etf-insight/services/datasource/asset_provider.go:228.2,228.39 1 0
etf-insight/services/datasource/asset_provider.go:232.115,234.16 2 0
etf-insight/services/datasource/asset_provider.go:234.16,236.3 1 0
etf-insight/services/datasource/asset_provider.go:237.2,237.45 1 0
etf-insight/services/datasource/asset_provider.go:241.105,243.16 2 0
etf-insight/services/datasource/asset_provider.go:243.16,245.3 1 0
etf-insight/services/datasource/asset_provider.go:246.2,246.45 1 0
etf-insight/services/datasource/asset_provider.go:256.72,260.2 1 0
etf-insight/services/datasource/asset_provider.go:263.42,265.2 1 0
etf-insight/services/datasource/asset_provider.go:268.49,270.2 1 0
etf-insight/services/datasource/asset_provider.go:273.66,275.2 1 0
etf-insight/services/datasource/asset_provider.go:278.44,280.2 1 0
etf-insight/services/datasource/asset_provider.go:283.43,285.2 1 0
etf-insight/services/datasource/asset_provider.go:288.96,290.37 1 0
etf-insight/services/datasource/asset_provider.go:290.37,292.3 1 0
etf-insight/services/datasource/asset_provider.go:295.2,295.36 1 0
etf-insight/services/datasource/errors.go:47.42,48.20 1 0
etf-insight/services/datasource/errors.go:48.20,50.3 1 0
etf-insight/services/datasource/errors.go:51.2,51.55 1 0
etf-insight/services/datasource/errors.go:54.42,56.2 1 0
etf-insight/services/datasource/errors.go:59.40,62.2 2 0
etf-insight/services/datasource/fallback_provider.go:18.46,25.2 3 0
etf-insight/services/datasource/fallback_provider.go:27.45,29.2 1 0
etf-insight/services/datasource/fallback_provider.go:31.66,33.2 1 0
etf-insight/services/datasource/fallback_provider.go:35.47,37.2 1 0
etf-insight/services/datasource/fallback_provider.go:39.93,40.18 1 0
etf-insight/services/datasource/fallback_provider.go:40.18,42.3 1 0
etf-insight/services/datasource/fallback_provider.go:44.2,45.9 2 0
etf-insight/services/datasource/fallback_provider.go:45.9,47.3 1 0
etf-insight/services/datasource/fallback_provider.go:49.2,49.48 1 0
etf-insight/services/datasource/fallback_provider.go:52.99,53.23 1 0
etf-insight/services/datasource/fallback_provider.go:53.23,55.3 1 0
etf-insight/services/datasource/fallback_provider.go:57.2,58.33 2 0
etf-insight/services/datasource/fallback_provider.go:58.33,60.17 2 0
etf-insight/services/datasource/fallback_provider.go:60.17,61.12 1 0
etf-insight/services/datasource/fallback_provider.go:63.3,63.35 1 0
etf-insight/services/datasource/fallback_provider.go:66.2,66.21 1 0
etf-insight/services/datasource/fallback_provider.go:69.87,85.23 11 0
etf-insight/services/datasource/fallback_provider.go:85.23,87.3 1 0
etf-insight/services/datasource/fallback_provider.go:89.2,103.3 1 0
etf-insight/services/datasource/fallback_provider.go:108.122,109.18 1 0
etf-insight/services/datasource/fallback_provider.go:109.18,111.3 1 0
etf-insight/services/datasource/fallback_provider.go:114.2,122.22 2 0
etf-insight/services/datasource/fallback_provider.go:125.71,127.2 1 0
etf-insight/services/datasource/fallback_provider.go:129.51,131.99 2 0
etf-insight/services/datasource/fallback_provider.go:131.99,134.3 2 0
etf-insight/services/datasource/fallback_provider.go:136.2,136.30 1 0
etf-insight/services/datasource/fallback_provider.go:136.30,142.35 3 0
etf-insight/services/datasource/fallback_provider.go:142.35,144.4 1 0
etf-insight/services/datasource/fallback_provider.go:144.9,145.63 1 0
etf-insight/services/datasource/fallback_provider.go:145.63,147.5 1 0
etf-insight/services/datasource/fallback_provider.go:152.45,179.2 1 0
etf-insight/services/datasource/fallback_provider.go:181.32,182.11 1 0
etf-insight/services/datasource/fallback_provider.go:182.11,184.3 1 0
etf-insight/services/datasource/fallback_provider.go:185.2,185.10 1 0
etf-insight/services/datasource/fallback_provider.go:188.32,189.11 1 0
etf-insight/services/datasource/fallback_provider.go:189.11,191.3 1 0
etf-insight/services/datasource/fallback_provider.go:192.2,192.10 1 0
etf-insight/services/datasource/finage_provider.go:55.64,63.21 2 0
etf-insight/services/datasource/finage_provider.go:63.21,64.29 1 0
etf-insight/services/datasource/finage_provider.go:64.29,66.4 1 0
etf-insight/services/datasource/finage_provider.go:67.3,67.28 1 0
etf-insight/services/datasource/finage_provider.go:67.28,69.4 1 0
etf-insight/services/datasource/finage_provider.go:70.3,70.30 1 0
etf-insight/services/datasource/finage_provider.go:70.30,72.4 1 0
etf-insight/services/datasource/finage_provider.go:73.3,73.31 1 0
etf-insight/services/datasource/finage_provider.go:73.31,75.4 1 0
etf-insight/services/datasource/finage_provider.go:79.2,84.24 2 0
etf-insight/services/datasource/finage_provider.go:84.24,85.60 1 0
etf-insight/services/datasource/finage_provider.go:85.60,90.4 2 0
etf-insight/services/datasource/finage_provider.go:93.2,99.3 1 0
etf-insight/services/datasource/finage_provider.go:102.43,104.2 1 0
etf-insight/services/datasource/finage_provider.go:106.64,110.36 3 0
etf-insight/services/datasource/finage_provider.go:110.36,112.3 1 0
etf-insight/services/datasource/finage_provider.go:116.2,116.13 1 0
etf-insight/services/datasource/finage_provider.go:119.45,121.2 1 0
etf-insight/services/datasource/finage_provider.go:123.91,124.18 1 0
etf-insight/services/datasource/finage_provider.go:124.18,130.3 1 0
etf-insight/services/datasource/finage_provider.go:132.2,132.9 1 0
etf-insight/services/datasource/finage_provider.go:133.35,134.16 1 0
etf-insight/services/datasource/finage_provider.go:134.16,134.35 1 0
etf-insight/services/datasource/finage_provider.go:135.20,141.4 1 0
etf-insight/services/datasource/finage_provider.go:145.2,146.36 2 0
etf-insight/services/datasource/finage_provider.go:146.36,149.3 2 0
etf-insight/services/datasource/finage_provider.go:152.2,153.17 2 0
etf-insight/services/datasource/finage_provider.go:153.17,156.3 1 0
etf-insight/services/datasource/finage_provider.go:158.2,159.23 2 0
etf-insight/services/datasource/finage_provider.go:163.98,172.16 6 0
etf-insight/services/datasource/finage_provider.go:172.16,179.3 1 0
etf-insight/services/datasource/finage_provider.go:181.2,185.16 4 0
etf-insight/services/datasource/finage_provider.go:185.16,192.3 1 0
etf-insight/services/datasource/finage_provider.go:193.2,195.38 2 0
etf-insight/services/datasource/finage_provider.go:195.38,204.3 2 0
etf-insight/services/datasource/finage_provider.go:206.2,207.16 2 0
etf-insight/services/datasource/finage_provider.go:207.16,214.3 1 0
etf-insight/services/datasource/finage_provider.go:216.2,217.55 2 0
etf-insight/services/datasource/finage_provider.go:217.55,224.3 1 0
etf-insight/services/datasource/finage_provider.go:226.2,226.60 1 0
etf-insight/services/datasource/finage_provider.go:226.60,233.3 1 0
etf-insight/services/datasource/finage_provider.go:236.2,241.31 4 0
etf-insight/services/datasource/finage_provider.go:241.31,244.24 3 0
etf-insight/services/datasource/finage_provider.go:244.24,246.4 1 0
etf-insight/services/datasource/finage_provider.go:249.2,265.8 2 0
etf-insight/services/datasource/finage_provider.go:269.99,273.16 3 0
etf-insight/services/datasource/finage_provider.go:273.16,280.3 1 0
etf-insight/services/datasource/finage_provider.go:282.2,286.16 4 0
etf-insight/services/datasource/finage_provider.go:286.16,293.3 1 0
etf-insight/services/datasource/finage_provider.go:294.2,296.38 2 0
etf-insight/services/datasource/finage_provider.go:296.38,305.3 2 0
etf-insight/services/datasource/finage_provider.go:307.2,308.16 2 0
etf-insight/services/datasource/finage_provider.go:308.16,315.3 1 0
etf-insight/services/datasource/finage_provider.go:317.2,318.53 2 0
etf-insight/services/datasource/finage_provider.go:318.53,325.3 1 0
etf-insight/services/datasource/finage_provider.go:327.2,327.50 1 0
etf-insight/services/datasource/finage_provider.go:330.97,331.23 1 0
etf-insight/services/datasource/finage_provider.go:331.23,337.3 1 0
etf-insight/services/datasource/finage_provider.go:339.2,346.32 3 0
etf-insight/services/datasource/finage_provider.go:346.32,348.3 1 0
etf-insight/services/datasource/finage_provider.go:350.2,353.35 3 0
etf-insight/services/datasource/finage_provider.go:353.35,355.13 2 0
etf-insight/services/datasource/finage_provider.go:355.13,357.35 2 0
etf-insight/services/datasource/finage_provider.go:357.35,359.19 2 0
etf-insight/services/datasource/finage_provider.go:359.19,361.14 2 0
etf-insight/services/datasource/finage_provider.go:363.5,365.16 3 0
etf-insight/services/datasource/finage_provider.go:370.2,370.33 1 0
etf-insight/services/datasource/finage_provider.go:370.33,372.3 1 0
etf-insight/services/datasource/finage_provider.go:373.2,379.29 5 0
etf-insight/services/datasource/finage_provider.go:379.29,381.3 1 0
etf-insight/services/datasource/finage_provider.go:383.2,383.23 1 0
etf-insight/services/datasource/finage_provider.go:383.23,389.3 1 0
etf-insight/services/datasource/finage_provider.go:391.2,391.21 1 0
etf-insight/services/datasource/finage_provider.go:397.91,401.38 2 0
etf-insight/services/datasource/finage_provider.go:401.38,403.3 1 0
etf-insight/services/datasource/finage_provider.go:403.8,403.27 1 0
etf-insight/services/datasource/finage_provider.go:403.27,405.3 1 0
etf-insight/services/datasource/finage_provider.go:405.8,405.27 1 0
etf-insight/services/datasource/finage_provider.go:405.27,407.3 1 0
etf-insight/services/datasource/finage_provider.go:409.2,423.3 1 0
etf-insight/services/datasource/finage_provider.go:428.120,435.2 1 0
etf-insight/services/datasource/finage_provider.go:437.58,441.2 3 0
etf-insight/services/datasource/finnhub_provider.go:48.67,56.21 2 0
etf-insight/services/datasource/finnhub_provider.go:56.21,57.29 1 0
etf-insight/services/datasource/finnhub_provider.go:57.29,59.4 1 0
etf-insight/services/datasource/finnhub_provider.go:60.3,60.28 1 0
etf-insight/services/datasource/finnhub_provider.go:60.28,62.4 1 0
etf-insight/services/datasource/finnhub_provider.go:63.3,63.30 1 0
etf-insight/services/datasource/finnhub_provider.go:63.30,65.4 1 0
etf-insight/services/datasource/finnhub_provider.go:66.3,66.31 1 0
etf-insight/services/datasource/finnhub_provider.go:66.31,68.4 1 0
etf-insight/services/datasource/finnhub_provider.go:72.2,73.24 2 0
etf-insight/services/datasource/finnhub_provider.go:73.24,74.60 1 0
etf-insight/services/datasource/finnhub_provider.go:74.60,76.4 1 0
etf-insight/services/datasource/finnhub_provider.go:79.2,90.3 2 0
etf-insight/services/datasource/finnhub_provider.go:94.44,96.2 1 0
etf-insight/services/datasource/finnhub_provider.go:99.65,103.36 3 0
etf-insight/services/datasource/finnhub_provider.go:103.36,105.3 1 0
etf-insight/services/datasource/finnhub_provider.go:108.2,109.19 2 0
etf-insight/services/datasource/finnhub_provider.go:113.46,115.2 1 0
etf-insight/services/datasource/finnhub_provider.go:118.92,119.18 1 0
etf-insight/services/datasource/finnhub_provider.go:119.18,125.3 1 0
etf-insight/services/datasource/finnhub_provider.go:128.2,128.9 1 0
etf-insight/services/datasource/finnhub_provider.go:129.35,130.16 1 0
etf-insight/services/datasource/finnhub_provider.go:130.16,130.35 1 0
etf-insight/services/datasource/finnhub_provider.go:131.20,137.4 1 0
etf-insight/services/datasource/finnhub_provider.go:140.2,143.16 3 0
etf-insight/services/datasource/finnhub_provider.go:143.16,150.3 1 0
etf-insight/services/datasource/finnhub_provider.go:152.2,156.16 4 0
etf-insight/services/datasource/finnhub_provider.go:156.16,163.3 1 0
etf-insight/services/datasource/finnhub_provider.go:164.2,166.38 2 0
etf-insight/services/datasource/finnhub_provider.go:166.38,175.3 2 0
etf-insight/services/datasource/finnhub_provider.go:177.2,178.16 2 0
etf-insight/services/datasource/finnhub_provider.go:178.16,185.3 1 0
etf-insight/services/datasource/finnhub_provider.go:187.2,188.53 2 0
etf-insight/services/datasource/finnhub_provider.go:188.53,195.3 1 0
etf-insight/services/datasource/finnhub_provider.go:198.2,200.50 2 0
etf-insight/services/datasource/finnhub_provider.go:204.98,205.23 1 0
etf-insight/services/datasource/finnhub_provider.go:205.23,211.3 1 0
etf-insight/services/datasource/finnhub_provider.go:213.2,221.32 3 0
etf-insight/services/datasource/finnhub_provider.go:221.32,223.3 1 0
etf-insight/services/datasource/finnhub_provider.go:225.2,229.35 3 0
etf-insight/services/datasource/finnhub_provider.go:229.35,231.13 2 0
etf-insight/services/datasource/finnhub_provider.go:231.13,233.35 2 0
etf-insight/services/datasource/finnhub_provider.go:233.35,235.19 2 0
etf-insight/services/datasource/finnhub_provider.go:235.19,237.14 2 0
etf-insight/services/datasource/finnhub_provider.go:239.5,241.16 3 0
etf-insight/services/datasource/finnhub_provider.go:247.2,247.33 1 0
etf-insight/services/datasource/finnhub_provider.go:247.33,249.3 1 0
etf-insight/services/datasource/finnhub_provider.go:250.2,258.29 5 0
etf-insight/services/datasource/finnhub_provider.go:258.29,260.3 1 0
etf-insight/services/datasource/finnhub_provider.go:262.2,262.23 1 0
etf-insight/services/datasource/finnhub_provider.go:262.23,268.3 1 0
etf-insight/services/datasource/finnhub_provider.go:270.2,270.21 1 0
etf-insight/services/datasource/finnhub_provider.go:274.93,290.2 1 0
etf-insight/services/datasource/finnhub_provider.go:294.121,301.2 1 0
etf-insight/services/datasource/finnhub_provider.go:304.27,306.89 1 0
etf-insight/services/datasource/finnhub_provider.go:306.89,307.39 1 0
etf-insight/services/datasource/finnhub_provider.go:307.39,309.4 1 0
etf-insight/services/datasource/finnhub_provider.go:311.2,311.11 1 0
etf-insight/services/datasource/finnhub_provider.go:315.59,319.2 3 0
etf-insight/services/datasource/provider.go:88.44,92.2 1 0
etf-insight/services/datasource/provider.go:95.78,97.2 1 0
etf-insight/services/datasource/provider.go:100.71,103.2 2 0
etf-insight/services/datasource/provider.go:107.87,111.34 2 0
etf-insight/services/datasource/provider.go:111.34,112.73 1 0
etf-insight/services/datasource/provider.go:112.73,114.4 1 0
etf-insight/services/datasource/provider.go:117.2,117.36 1 0
etf-insight/services/datasource/provider.go:121.52,123.32 2 0
etf-insight/services/datasource/provider.go:123.32,125.3 1 0
etf-insight/services/datasource/provider.go:126.2,126.14 1 0
etf-insight/services/datasource/provider_registry.go:24.38,25.17 1 0
etf-insight/services/datasource/provider_registry.go:25.17,29.3 1 0
etf-insight/services/datasource/provider_registry.go:30.2,30.23 1 0
etf-insight/services/datasource/provider_registry.go:34.87,39.2 4 0
etf-insight/services/datasource/provider_registry.go:42.60,47.2 4 0
etf-insight/services/datasource/provider_registry.go:50.80,55.2 4 0
etf-insight/services/datasource/provider_registry.go:58.53,62.32 4 0
etf-insight/services/datasource/provider_registry.go:62.32,64.3 1 0
etf-insight/services/datasource/provider_registry.go:65.2,66.14 2 0
etf-insight/services/datasource/provider_registry.go:70.65,72.9 2 0
etf-insight/services/datasource/provider_registry.go:72.9,74.3 1 0
etf-insight/services/datasource/provider_registry.go:78.2,78.32 1 0
etf-insight/services/datasource/provider_registry.go:82.132,83.18 1 0
etf-insight/services/datasource/provider_registry.go:84.24,85.33 1 0
etf-insight/services/datasource/provider_registry.go:86.34,87.43 1 0
etf-insight/services/datasource/provider_registry.go:88.27,89.36 1 0
etf-insight/services/datasource/provider_registry.go:90.10,91.33 1 0
etf-insight/services/datasource/provider_registry.go:105.94,111.39 4 0
etf-insight/services/datasource/provider_registry.go:111.39,112.32 1 0
etf-insight/services/datasource/provider_registry.go:112.32,114.4 1 0
etf-insight/services/datasource/provider_registry.go:117.2,117.25 1 0
etf-insight/services/datasource/provider_registry.go:117.25,119.3 1 0
etf-insight/services/datasource/provider_registry.go:122.2,122.44 1 0
etf-insight/services/datasource/provider_registry.go:122.44,124.3 1 0
etf-insight/services/datasource/provider_registry.go:126.2,126.26 1 0
etf-insight/services/datasource/provider_registry.go:136.104,142.39 4 0
etf-insight/services/datasource/provider_registry.go:142.39,143.32 1 0
etf-insight/services/datasource/provider_registry.go:143.32,150.4 2 0
etf-insight/services/datasource/provider_registry.go:153.2,153.25 1 0
etf-insight/services/datasource/provider_registry.go:153.25,155.3 1 0
etf-insight/services/datasource/provider_registry.go:159.2,159.35 1 0
etf-insight/services/datasource/provider_registry.go:163.97,167.2 1 0
etf-insight/services/datasource/provider_registry.go:179.83,182.39 3 0
etf-insight/services/datasource/provider_registry.go:182.39,184.3 1 0
etf-insight/services/datasource/provider_registry.go:185.2,188.37 3 0
etf-insight/services/datasource/provider_registry.go:188.37,199.3 5 0
etf-insight/services/datasource/provider_registry.go:200.2,200.15 1 0
etf-insight/services/datasource/provider_registry.go:204.87,206.9 2 0
etf-insight/services/datasource/provider_registry.go:206.9,208.3 1 0
etf-insight/services/datasource/provider_registry.go:209.2,209.34 1 0
etf-insight/services/datasource/provider_registry.go:213.96,215.2 1 0
etf-insight/services/datasource/provider_registry.go:218.80,220.9 2 0
etf-insight/services/datasource/provider_registry.go:220.9,222.3 1 0
etf-insight/services/datasource/provider_registry.go:224.2,228.13 5 0
etf-insight/services/engine/cache_service.go:170.54,175.2 1 0
etf-insight/services/engine/cache_service.go:178.46,180.2 1 0
etf-insight/services/engine/cache_service.go:183.53,185.2 1 0
etf-insight/services/engine/cache_service.go:188.49,190.2 1 0
etf-insight/services/engine/cache_service.go:193.51,195.2 1 0
etf-insight/services/engine/cache_service.go:198.52,200.2 1 0
etf-insight/services/engine/cache_service.go:203.91,207.9 3 0
etf-insight/services/engine/cache_service.go:207.9,210.3 2 0
etf-insight/services/engine/cache_service.go:212.2,213.9 2 0
etf-insight/services/engine/cache_service.go:213.9,217.3 3 0
etf-insight/services/engine/cache_service.go:220.2,220.44 1 0
etf-insight/services/engine/cache_service.go:220.44,224.3 3 0
etf-insight/services/engine/cache_service.go:226.2,226.29 1 0
etf-insight/services/engine/cache_service.go:230.114,239.2 4 0
etf-insight/services/engine/cache_service.go:242.80,245.2 2 0
etf-insight/services/engine/cache_service.go:248.88,250.9 2 0
etf-insight/services/engine/cache_service.go:250.9,252.3 1 0
etf-insight/services/engine/cache_service.go:254.2,255.9 2 0
etf-insight/services/engine/cache_service.go:255.9,257.3 1 0
etf-insight/services/engine/cache_service.go:260.2,260.44 1 0
etf-insight/services/engine/cache_service.go:260.44,263.3 2 0
etf-insight/services/engine/cache_service.go:265.2,265.18 1 0
etf-insight/services/engine/cache_service.go:269.65,273.2 3 0
etf-insight/services/engine/cache_service.go:276.108,278.27 2 0
etf-insight/services/engine/cache_service.go:278.27,279.48 1 0
etf-insight/services/engine/cache_service.go:279.48,281.4 1 0
etf-insight/services/engine/cache_service.go:283.2,283.20 1 0
etf-insight/services/engine/cache_service.go:287.115,288.33 1 0
etf-insight/services/engine/cache_service.go:288.33,289.53 1 0
etf-insight/services/engine/cache_service.go:289.53,291.4 1 0
etf-insight/services/engine/cache_service.go:293.2,293.12 1 0
etf-insight/services/engine/cache_service.go:297.84,298.27 1 0
etf-insight/services/engine/cache_service.go:298.27,299.44 1 0
etf-insight/services/engine/cache_service.go:299.44,301.4 1 0
etf-insight/services/engine/cache_service.go:303.2,303.12 1 0
etf-insight/services/engine/cache_service.go:307.80,313.15 4 0
etf-insight/services/engine/cache_service.go:313.15,315.3 1 0
etf-insight/services/engine/cache_service.go:315.8,317.3 1 0
etf-insight/services/engine/cache_service.go:320.2,321.50 2 0
etf-insight/services/engine/cache_service.go:321.50,324.3 2 0
etf-insight/services/engine/cache_service.go:325.2,328.20 3 0
etf-insight/services/engine/cache_service.go:339.56,341.2 1 0
etf-insight/services/engine/cache_service.go:344.57,348.12 3 0
etf-insight/services/engine/cache_service.go:348.12,350.3 1 0
etf-insight/services/engine/cache_service.go:350.8,352.3 1 0
etf-insight/services/engine/cache_service.go:356.45,361.2 3 0
etf-insight/services/engine/cache_service.go:373.61,375.2 1 0
etf-insight/services/engine/cache_service.go:378.67,380.29 2 0
etf-insight/services/engine/cache_service.go:380.29,382.3 1 0
etf-insight/services/engine/cache_service.go:383.2,383.22 1 0
etf-insight/services/engine/cache_service.go:410.42,412.2 1 0
etf-insight/services/engine/cache_service.go:415.58,418.2 2 0
etf-insight/services/engine/cache_service.go:421.61,424.2 2 0
etf-insight/services/engine/cache_service.go:427.49,429.2 1 0
etf-insight/services/engine/cache_service.go:432.57,434.2 1 0
etf-insight/services/engine/cache_service.go:437.66,440.2 2 0
etf-insight/services/engine/cache_service.go:443.82,446.2 2 0
etf-insight/services/engine/cache_service.go:449.81,452.2 2 0
etf-insight/services/engine/cache_service.go:455.65,457.2 1 0
etf-insight/services/engine/cache_service.go:460.72,463.2 2 0
etf-insight/services/exchange_rate/service.go:26.87,29.16 2 0
etf-insight/services/exchange_rate/service.go:29.16,33.3 2 0
etf-insight/services/exchange_rate/service.go:36.2,47.16 4 0
etf-insight/services/exchange_rate/service.go:51.80,56.16 4 0
etf-insight/services/exchange_rate/service.go:56.16,63.3 2 0
etf-insight/services/exchange_rate/service.go:65.2,65.30 1 0
etf-insight/services/exchange_rate/service.go:69.104,74.2 3 0
etf-insight/services/exchange_rate/service.go:77.112,78.32 1 0
etf-insight/services/exchange_rate/service.go:78.32,80.3 1 0
etf-insight/services/exchange_rate/service.go:82.2,83.47 2 0
etf-insight/services/exchange_rate/service.go:87.51,94.16 5 0
etf-insight/services/exchange_rate/service.go:94.16,97.3 2 0
etf-insight/services/exchange_rate/service.go:99.2,107.31 2 0
etf-insight/services/exchange_rate/service.go:107.31,109.3 1 0
etf-insight/services/exchange_rate/service.go:111.2,111.12 1 0
etf-insight/services/exchange_rate/service.go:115.55,120.16 4 0
etf-insight/services/exchange_rate/service.go:120.16,123.3 2 0
etf-insight/services/exchange_rate/service.go:125.2,130.12 2 0
etf-insight/services/exchange_rate/service.go:134.86,139.2 3 0
etf-insight/services/exchange_rate/service.go:142.119,150.25 3 0
etf-insight/services/exchange_rate/service.go:150.25,152.3 1 0
etf-insight/services/exchange_rate/service.go:154.2,155.29 2 0
etf-insight/services/exchange_rate/service.go:155.29,160.3 1 0
etf-insight/services/exchange_rate/service.go:162.2,162.21 1 0
etf-insight/services/exchange_rate/service.go:166.91,167.32 1 0
etf-insight/services/exchange_rate/service.go:167.32,169.3 1 0
etf-insight/services/exchange_rate/service.go:172.2,173.23 2 0
etf-insight/services/exchange_rate/service.go:173.23,175.3 1 0
etf-insight/services/exchange_rate/service.go:178.2,181.32 3 0
etf-insight/services/exchange_rate/service.go:185.76,187.2 1 0
etf-insight/services/exchange_rate/service.go:190.73,192.2 1 0
etf-insight/services/exchange_rate/service.go:195.55,200.2 3 0
etf-insight/services/exchange_rate/service.go:203.70,205.2 1 0
etf-insight/services/exchange_rate/service.go:208.87,216.25 3 0
etf-insight/services/exchange_rate/service.go:216.25,218.3 1 0
etf-insight/services/exchange_rate/service.go:221.2,227.53 2 0
etf-insight/services/exchange_rate/service.go:227.53,228.44 1 0
etf-insight/services/exchange_rate/service.go:228.44,230.4 1 0
etf-insight/services/exchange_rate/service.go:233.2,233.12 1 0
etf-insight/services/exchange_rate/monitor/monitor.go:19.65,23.2 1 0
etf-insight/services/exchange_rate/monitor/monitor.go:26.46,32.2 3 0
etf-insight/services/exchange_rate/monitor/monitor.go:35.26,36.25 1 0
etf-insight/services/exchange_rate/monitor/monitor.go:36.25,38.3 1 0
etf-insight/services/exchange_rate/monitor/monitor.go:39.2,40.43 2 0
etf-insight/services/exchange_rate/monitor/monitor.go:44.51,52.2 2 0
etf-insight/services/exchange_rate/sync/synchronizer.go:39.75,43.2 1 0
etf-insight/services/exchange_rate/sync/synchronizer.go:91.48,102.2 1 0
etf-insight/services/exchange_rate/sync/synchronizer.go:130.79,132.2 1 0
etf-insight/services/exchange_rate/sync/synchronizer.go:140.101,155.16 7 0
etf-insight/services/exchange_rate/sync/synchronizer.go:155.16,157.3 1 0
etf-insight/services/exchange_rate/sync/synchronizer.go:160.2,161.16 2 0
etf-insight/services/exchange_rate/sync/synchronizer.go:161.16,165.17 3 0
etf-insight/services/exchange_rate/sync/synchronizer.go:165.17,167.4 1 0
etf-insight/services/exchange_rate/sync/synchronizer.go:171.2,190.32 4 0
etf-insight/services/exchange_rate/sync/synchronizer.go:190.32,201.28 3 0
etf-insight/services/exchange_rate/sync/synchronizer.go:201.28,203.4 1 0
etf-insight/services/exchange_rate/sync/synchronizer.go:203.9,203.35 1 0
etf-insight/services/exchange_rate/sync/synchronizer.go:203.35,205.21 2 0
etf-insight/services/exchange_rate/sync/synchronizer.go:205.21,207.5 1 0
etf-insight/services/exchange_rate/sync/synchronizer.go:212.2,212.31 1 0
etf-insight/services/exchange_rate/sync/synchronizer.go:212.31,215.3 2 0
etf-insight/services/exchange_rate/sync/synchronizer.go:218.2,218.55 1 0
etf-insight/services/exchange_rate/sync/synchronizer.go:218.55,220.3 1 0
etf-insight/services/exchange_rate/sync/synchronizer.go:220.8,220.52 1 0
etf-insight/services/exchange_rate/sync/synchronizer.go:220.52,222.3 1 0
etf-insight/services/exchange_rate/sync/synchronizer.go:225.2,241.20 5 0
etf-insight/services/exchange_rate/sync/synchronizer.go:269.140,281.38 6 0
etf-insight/services/exchange_rate/sync/synchronizer.go:281.38,283.32 2 0
etf-insight/services/exchange_rate/sync/synchronizer.go:283.32,288.17 3 0
etf-insight/services/exchange_rate/sync/synchronizer.go:288.17,288.26 1 0
etf-insight/services/exchange_rate/sync/synchronizer.go:291.4,297.11 4 0
etf-insight/services/exchange_rate/sync/synchronizer.go:298.27,298.27 0 0
etf-insight/services/exchange_rate/sync/synchronizer.go:299.27,304.6 1 0
etf-insight/services/exchange_rate/sync/synchronizer.go:310.2,310.12 1 0
etf-insight/services/exchange_rate/sync/synchronizer.go:310.12,313.3 2 0
etf-insight/services/exchange_rate/sync/synchronizer.go:316.2,317.30 2 0
etf-insight/services/exchange_rate/sync/synchronizer.go:317.30,318.46 1 0
etf-insight/services/exchange_rate/sync/synchronizer.go:318.46,324.4 2 0
etf-insight/services/exchange_rate/sync/synchronizer.go:324.9,326.4 1 0
etf-insight/services/exchange_rate/sync/synchronizer.go:329.2,329.25 1 0
etf-insight/services/exchange_rate/sync/synchronizer.go:329.25,331.3 1 0
etf-insight/services/exchange_rate/sync/synchronizer.go:333.2,333.23 1 0
etf-insight/services/exchange_rate/sync/synchronizer.go:337.121,343.35 2 0
etf-insight/services/exchange_rate/sync/synchronizer.go:343.35,345.40 2 0
etf-insight/services/exchange_rate/sync/synchronizer.go:345.40,350.4 4 0
etf-insight/services/exchange_rate/sync/synchronizer.go:352.3,352.21 1 0
etf-insight/services/exchange_rate/sync/synchronizer.go:352.21,355.4 1 0
etf-insight/services/exchange_rate/sync/synchronizer.go:355.9,357.4 1 0
etf-insight/services/exchange_rate/sync/synchronizer.go:360.2,360.15 1 0
etf-insight/services/exchange_rate/sync/synchronizer.go:364.113,366.16 2 0
etf-insight/services/exchange_rate/sync/synchronizer.go:366.16,368.3 1 0
etf-insight/services/exchange_rate/sync/synchronizer.go:370.2,370.26 1 0
etf-insight/services/exchange_rate/sync/synchronizer.go:370.26,372.3 1 0
etf-insight/services/exchange_rate/sync/synchronizer.go:374.2,376.8 1 0
etf-insight/services/exchange_rate/sync/synchronizer.go:384.164,391.29 4 0
etf-insight/services/exchange_rate/sync/synchronizer.go:391.29,393.43 2 0
etf-insight/services/exchange_rate/sync/synchronizer.go:393.43,398.17 3 0
etf-insight/services/exchange_rate/sync/synchronizer.go:398.17,398.26 1 0
etf-insight/services/exchange_rate/sync/synchronizer.go:400.4,401.25 2 0
etf-insight/services/exchange_rate/sync/synchronizer.go:405.2,406.16 2 0
etf-insight/services/exchange_rate/sync/synchronizer.go:410.137,418.45 2 0
etf-insight/services/exchange_rate/sync/synchronizer.go:418.45,420.21 2 0
etf-insight/services/exchange_rate/sync/synchronizer.go:420.21,424.4 3 0
etf-insight/services/exchange_rate/sync/synchronizer.go:427.2,428.15 2 0
etf-insight/services/exchange_rate/sync/synchronizer.go:432.139,434.32 1 0
etf-insight/services/exchange_rate/sync/synchronizer.go:434.32,436.3 1 0
etf-insight/services/exchange_rate/sync/synchronizer.go:439.2,439.59 1 0
etf-insight/services/exchange_rate/sync/synchronizer.go:439.59,440.31 1 0
etf-insight/services/exchange_rate/sync/synchronizer.go:440.31,442.4 1 0
etf-insight/services/exchange_rate/sync/synchronizer.go:443.3,444.18 2 0
etf-insight/services/exchange_rate/sync/synchronizer.go:448.2,448.34 1 0
etf-insight/services/exchange_rate/sync/synchronizer.go:448.34,449.42 1 0
etf-insight/services/exchange_rate/sync/synchronizer.go:449.42,451.4 1 0
etf-insight/services/exchange_rate/sync/synchronizer.go:455.2,455.32 1 0
etf-insight/services/exchange_rate/sync/synchronizer.go:455.32,456.78 1 0
etf-insight/services/exchange_rate/sync/synchronizer.go:456.78,458.4 1 0
etf-insight/services/exchange_rate/sync/synchronizer.go:462.2,465.58 3 0
etf-insight/services/exchange_rate/sync/synchronizer.go:465.58,467.3 1 0
etf-insight/services/exchange_rate/sync/synchronizer.go:469.2,469.21 1 0
etf-insight/services/exchange_rate/sync/synchronizer.go:477.120,485.28 4 0
etf-insight/services/exchange_rate/sync/synchronizer.go:485.28,486.67 1 0
etf-insight/services/exchange_rate/sync/synchronizer.go:486.67,488.25 2 0
etf-insight/services/exchange_rate/sync/synchronizer.go:488.25,491.5 2 0
etf-insight/services/exchange_rate/sync/synchronizer.go:496.2,497.20 2 0
etf-insight/services/exchange_rate/sync/synchronizer.go:497.20,499.3 1 0
etf-insight/services/exchange_rate/sync/synchronizer.go:501.2,505.47 3 0
etf-insight/services/exchange_rate/sync/synchronizer.go:505.47,507.25 2 0
etf-insight/services/exchange_rate/sync/synchronizer.go:507.25,509.4 1 0
etf-insight/services/exchange_rate/sync/synchronizer.go:510.3,513.32 3 0
etf-insight/services/exchange_rate/sync/synchronizer.go:513.32,516.47 2 0
etf-insight/services/exchange_rate/sync/synchronizer.go:516.47,518.5 1 0
etf-insight/services/exchange_rate/sync/synchronizer.go:523.2,527.29 3 0
etf-insight/services/exchange_rate/sync/synchronizer.go:527.29,531.3 3 0
etf-insight/services/exchange_rate/sync/synchronizer.go:533.2,533.15 1 0
etf-insight/services/exchange_rate/sync/synchronizer.go:537.96,543.28 4 0
etf-insight/services/exchange_rate/sync/synchronizer.go:543.28,545.28 2 0
etf-insight/services/exchange_rate/sync/synchronizer.go:545.28,553.4 5 0
etf-insight/services/exchange_rate/sync/synchronizer.go:556.2,557.17 2 0
etf-insight/services/exchange_rate/sync/synchronizer.go:561.65,562.23 1 0
etf-insight/services/exchange_rate/sync/synchronizer.go:562.23,564.3 1 0
etf-insight/services/exchange_rate/sync/synchronizer.go:567.2,568.28 2 0
etf-insight/services/exchange_rate/sync/synchronizer.go:568.28,569.51 1 0
etf-insight/services/exchange_rate/sync/synchronizer.go:569.51,578.4 1 0
etf-insight/services/exchange_rate/sync/synchronizer.go:581.2,581.21 1 0
etf-insight/services/exchange_rate/sync/synchronizer.go:581.21,583.3 1 0
etf-insight/services/exchange_rate/sync/synchronizer.go:586.2,589.37 1 0
etf-insight/services/exchange_rate/sync/synchronizer.go:597.114,604.16 3 0
etf-insight/services/exchange_rate/sync/synchronizer.go:604.16,610.3 1 0
etf-insight/services/exchange_rate/sync/synchronizer.go:613.2,617.23 3 0
etf-insight/services/exchange_rate/sync/synchronizer.go:617.23,619.3 1 0
etf-insight/services/exchange_rate/sync/synchronizer.go:622.2,622.112 1 0
etf-insight/services/exchange_rate/sync/synchronizer.go:622.112,631.3 1 0
etf-insight/services/exchange_rate/sync/synchronizer.go:633.2,647.8 2 0
etf-insight/services/exchange_rate/sync/synchronizer.go:651.82,655.38 2 0
etf-insight/services/exchange_rate/sync/synchronizer.go:655.38,657.3 1 0
etf-insight/services/exchange_rate/sync/synchronizer.go:660.2,660.28 1 0
etf-insight/services/exchange_rate/sync/synchronizer.go:664.90,674.16 4 0
etf-insight/services/exchange_rate/sync/synchronizer.go:674.16,676.3 1 0
etf-insight/services/exchange_rate/sync/synchronizer.go:678.2,678.29 1 0
etf-insight/services/exchange_rate/sync/synchronizer.go:678.29,681.24 3 0
etf-insight/services/exchange_rate/sync/synchronizer.go:681.24,683.4 1 0
etf-insight/services/exchange_rate/sync/synchronizer.go:683.9,685.4 1 0
etf-insight/services/exchange_rate/sync/synchronizer.go:688.2,695.20 3 0
etf-insight/services/exchange_rate/sync/synchronizer.go:723.89,730.25 3 0
etf-insight/services/exchange_rate/sync/synchronizer.go:730.25,732.3 1 0
etf-insight/services/exchange_rate/sync/synchronizer.go:733.2,733.21 1 0
etf-insight/services/exchange_rate/sync/synchronizer.go:737.113,753.2 3 0
etf-insight/services/exchange_rate/sync/synchronizer.go:757.80,760.25 3 0
etf-insight/services/exchange_rate/sync/synchronizer.go:760.25,762.3 1 0
etf-insight/services/exchange_rate/sync/synchronizer.go:765.2,765.21 1 0
etf-insight/services/exchange_rate/sync/synchronizer.go:765.21,768.3 2 0
etf-insight/services/exchange_rate/sync/synchronizer.go:770.2,770.19 1 0
etf-insight/services/exchange_rate/sync/synchronizer.go:774.56,786.57 2 0
etf-insight/services/exchange_rate/sync/synchronizer.go:786.57,788.3 1 0
etf-insight/services/exchange_rate/sync/synchronizer.go:791.2,791.40 1 0
etf-insight/services/exchange_rate/sync/synchronizer.go:791.40,802.3 2 0
etf-insight/services/exchange_rate/sync/synchronizer.go:806.114,809.30 2 0
etf-insight/services/exchange_rate/sync/synchronizer.go:809.30,810.32 1 0
etf-insight/services/exchange_rate/sync/synchronizer.go:810.32,811.60 1 0
etf-insight/services/exchange_rate/sync/synchronizer.go:811.60,812.48 1 0
etf-insight/services/exchange_rate/sync/synchronizer.go:812.48,814.6 1 0
etf-insight/services/exchange_rate/sync/synchronizer.go:821.104,832.16 4 0
etf-insight/services/exchange_rate/sync/synchronizer.go:832.16,836.3 3 0
etf-insight/services/exchange_rate/sync/synchronizer.go:837.2,841.27 3 0
etf-insight/services/exchange_rate/sync/synchronizer.go:841.27,844.3 2 0
etf-insight/services/exchange_rate/sync/synchronizer.go:847.2,849.13 2 0
etf-insight/models/a_share_dividend_etf.go:97.45,99.2 1 1
etf-insight/models/a_share_dividend_etf.go:101.46,103.2 1 1
etf-insight/models/a_share_dividend_etf.go:105.50,107.2 1 1
etf-insight/models/alpha_view.go:57.37,59.2 1 1
etf-insight/models/alpha_view.go:79.48,81.2 1 1
etf-insight/models/alpha_view.go:83.34,85.2 1 0
etf-insight/models/alpha_view.go:87.36,88.11 1 0
etf-insight/models/alpha_view.go:89.75,90.14 1 0
etf-insight/models/alpha_view.go:91.10,92.15 1 0
etf-insight/models/alpha_view.go:96.36,97.11 1 0
etf-insight/models/alpha_view.go:98.64,99.14 1 0
etf-insight/models/alpha_view.go:100.10,101.15 1 0
etf-insight/models/asset.go:40.33,42.2 1 1
etf-insight/models/asset.go:62.38,64.2 1 0
etf-insight/models/asset.go:80.45,82.2 1 0
etf-insight/models/asset_metadata.go:42.41,44.2 1 1
etf-insight/models/asset_metadata.go:60.44,62.2 1 0
etf-insight/models/asset_metadata.go:78.48,80.2 1 0
etf-insight/models/audit_log.go:25.36,27.2 1 1
etf-insight/models/black_litterman.go:46.48,48.2 1 1
etf-insight/models/black_litterman.go:67.45,69.2 1 1
etf-insight/models/black_litterman.go:71.35,72.11 1 0
etf-insight/models/black_litterman.go:73.70,74.14 1 0
etf-insight/models/black_litterman.go:75.10,76.15 1 0
etf-insight/models/black_litterman.go:80.37,82.2 1 0
etf-insight/models/cache.go:31.43,33.2 1 0
etf-insight/models/cache.go:36.44,38.2 1 0
etf-insight/models/cache.go:52.48,54.2 1 0
etf-insight/models/db.go:20.31,25.63 3 1
etf-insight/models/db.go:25.63,27.16 1 1
etf-insight/models/db.go:27.16,29.4 1 0
etf-insight/models/db.go:30.3,31.31 2 1
etf-insight/models/db.go:32.8,36.3 2 0
etf-insight/models/db.go:38.2,41.16 2 1
etf-insight/models/db.go:41.16,43.3 1 0
etf-insight/models/db.go:45.2,46.16 2 1
etf-insight/models/db.go:46.16,48.3 1 0
etf-insight/models/db.go:50.2,54.22 4 1
etf-insight/models/db.go:58.26,111.2 1 1
etf-insight/models/db.go:114.30,148.34 2 1
etf-insight/models/db.go:148.34,150.45 2 1
etf-insight/models/db.go:150.45,151.48 1 1
etf-insight/models/db.go:151.48,153.5 1 0
etf-insight/models/db.go:154.9,165.25 1 0
etf-insight/models/db.go:165.25,167.5 1 0
etf-insight/models/db.go:172.2,172.54 1 1
etf-insight/models/db.go:172.54,174.3 1 0
etf-insight/models/db.go:176.2,176.12 1 1
etf-insight/models/db.go:180.42,184.15 3 1
etf-insight/models/db.go:184.15,186.3 1 0
etf-insight/models/db.go:188.2,218.40 2 1
etf-insight/models/db.go:218.40,219.50 1 1
etf-insight/models/db.go:219.50,221.4 1 0
etf-insight/models/db.go:224.2,224.12 1 1
etf-insight/models/db.go:228.22,229.15 1 0
etf-insight/models/db.go:229.15,231.17 2 0
etf-insight/models/db.go:231.17,233.4 1 0
etf-insight/models/db.go:234.3,234.23 1 0
etf-insight/models/db.go:236.2,236.12 1 0
etf-insight/models/db.go:240.23,242.2 1 0
etf-insight/models/db.go:245.22,249.2 2 0
etf-insight/models/etf_holding.go:28.38,30.2 1 0
etf-insight/models/etf_holding.go:50.45,52.2 1 0
etf-insight/models/etf_holding.go:70.44,72.2 1 0
etf-insight/models/exchange_rate.go:31.40,33.2 1 1
etf-insight/models/exchange_rate.go:58.47,60.2 1 0
etf-insight/models/exchange_rate.go:78.50,80.2 1 0
etf-insight/models/exchange_rate.go:96.40,98.2 1 0
etf-insight/models/exchange_rate.go:101.37,108.2 1 0
etf-insight/models/exchange_rate.go:111.39,122.36 2 0
etf-insight/models/exchange_rate.go:122.36,124.45 2 0
etf-insight/models/exchange_rate.go:124.45,125.49 1 0
etf-insight/models/exchange_rate.go:125.49,127.5 1 0
etf-insight/models/exchange_rate.go:130.2,130.12 1 0
etf-insight/models/factor.go:28.38,30.2 1 1
etf-insight/models/factor.go:60.46,62.2 1 1
etf-insight/models/factor.go:64.40,65.11 1 0
etf-insight/models/factor.go:68.32,69.14 1 0
etf-insight/models/factor.go:70.10,71.15 1 0
etf-insight/models/factor.go:75.39,76.11 1 0
etf-insight/models/factor.go:77.36,78.11 1 0
etf-insight/models/factor.go:79.34,80.11 1 0
etf-insight/models/factor.go:81.29,82.11 1 0
etf-insight/models/factor.go:83.34,84.12 1 0
etf-insight/models/factor.go:85.36,86.12 1 0
etf-insight/models/factor.go:87.10,88.11 1 0
etf-insight/models/factor.go:92.54,93.9 1 0
etf-insight/models/factor.go:94.18,95.38 1 0
etf-insight/models/factor.go:96.18,97.36 1 0
etf-insight/models/factor.go:98.18,99.31 1 0
etf-insight/models/factor.go:100.19,101.36 1 0
etf-insight/models/factor.go:102.10,103.38 1 0
etf-insight/models/holding.go:55.35,57.2 1 1
etf-insight/models/holding.go:101.43,103.2 1 1
etf-insight/models/holding.go:128.45,130.2 1 1
etf-insight/models/holding.go:149.41,151.2 1 1
etf-insight/models/models.go:80.43,82.2 1 1
etf-insight/models/pagination.go:12.43,13.17 1 1
etf-insight/models/pagination.go:13.17,15.3 1 1
etf-insight/models/pagination.go:16.2,16.21 1 1
etf-insight/models/pagination.go:16.21,18.3 1 0
etf-insight/models/pagination.go:19.2,19.22 1 1
etf-insight/models/pagination.go:19.22,21.3 1 0
etf-insight/models/pagination.go:22.2,22.34 1 1
etf-insight/models/pagination.go:25.42,26.21 1 1
etf-insight/models/pagination.go:26.21,28.3 1 1
etf-insight/models/pagination.go:29.2,29.22 1 1
etf-insight/models/pagination.go:29.22,31.3 1 1
etf-insight/models/pagination.go:32.2,32.19 1 1
etf-insight/models/pagination.go:50.97,64.2 2 1
etf-insight/models/plugin.go:46.42,48.2 1 1
etf-insight/models/plugin.go:68.47,70.2 1 1
etf-insight/models/plugin.go:105.46,107.2 1 1
etf-insight/models/plugin.go:140.48,142.2 1 1
etf-insight/models/plugin.go:174.46,176.2 1 1
etf-insight/models/plugin.go:178.36,179.11 1 0
etf-insight/models/plugin.go:180.83,181.14 1 0
etf-insight/models/plugin.go:182.10,183.15 1 0
etf-insight/models/plugin.go:187.38,188.11 1 0
etf-insight/models/plugin.go:189.72,190.14 1 0
etf-insight/models/plugin.go:191.10,192.15 1 0
etf-insight/models/plugin.go:196.41,197.11 1 0
etf-insight/models/plugin.go:198.77,199.14 1 0
etf-insight/models/plugin.go:200.10,201.15 1 0
etf-insight/models/plugin.go:205.42,206.11 1 0
etf-insight/models/plugin.go:207.82,208.14 1 0
etf-insight/models/plugin.go:209.10,210.15 1 0
etf-insight/models/portfolio.go:95.37,97.2 1 1
etf-insight/models/portfolio.go:142.45,144.2 1 1
etf-insight/models/portfolio.go:183.48,185.2 1 0
etf-insight/models/portfolio.go:206.46,208.2 1 0
etf-insight/models/price.go:72.33,74.2 1 1
etf-insight/models/price.go:94.36,96.2 1 0
etf-insight/models/price.go:139.38,141.2 1 0
etf-insight/models/report.go:56.42,58.2 1 1
etf-insight/models/report.go:77.41,79.2 1 1
etf-insight/models/report.go:108.43,110.2 1 1
etf-insight/models/report.go:131.43,133.2 1 1
etf-insight/models/risk_budget.go:37.44,39.2 1 1
etf-insight/models/risk_budget.go:69.48,71.2 1 1
etf-insight/models/risk_budget.go:95.44,97.2 1 1
etf-insight/models/risk_budget.go:119.47,121.2 1 1
etf-insight/models/universal_etf.go:117.40,119.2 1 1
etf-insight/handlers/a_share_data_handler.go:19.48,23.2 1 0
etf-insight/handlers/a_share_data_handler.go:46.59,48.47 2 0
etf-insight/handlers/a_share_data_handler.go:48.47,54.3 2 0
etf-insight/handlers/a_share_data_handler.go:56.2,56.23 1 0
etf-insight/handlers/a_share_data_handler.go:56.23,58.3 1 0
etf-insight/handlers/a_share_data_handler.go:60.2,65.4 2 0
etf-insight/handlers/a_share_data_handler.go:82.57,83.51 1 0
etf-insight/handlers/a_share_data_handler.go:83.51,89.3 2 0
etf-insight/handlers/a_share_data_handler.go:92.2,98.4 3 0
etf-insight/handlers/a_share_data_handler.go:115.59,120.27 4 0
etf-insight/handlers/a_share_data_handler.go:120.27,122.3 1 0
etf-insight/handlers/a_share_data_handler.go:124.2,124.60 1 0
etf-insight/handlers/a_share_data_handler.go:124.60,130.3 2 0
etf-insight/handlers/a_share_data_handler.go:132.2,135.4 1 0
etf-insight/handlers/a_share_data_handler.go:153.57,157.16 3 0
etf-insight/handlers/a_share_data_handler.go:157.16,163.3 2 0
etf-insight/handlers/a_share_data_handler.go:165.2,168.4 1 0
etf-insight/handlers/a_share_data_handler.go:185.61,187.16 2 0
etf-insight/handlers/a_share_data_handler.go:187.16,193.3 2 0
etf-insight/handlers/a_share_data_handler.go:195.2,198.4 1 0
etf-insight/handlers/a_share_data_handler.go:224.63,228.47 3 0
etf-insight/handlers/a_share_data_handler.go:228.47,234.3 2 0
etf-insight/handlers/a_share_data_handler.go:236.2,237.16 2 0
etf-insight/handlers/a_share_data_handler.go:237.16,243.3 2 0
etf-insight/handlers/a_share_data_handler.go:245.2,246.16 2 0
etf-insight/handlers/a_share_data_handler.go:246.16,252.3 2 0
etf-insight/handlers/a_share_data_handler.go:254.2,255.16 2 0
etf-insight/handlers/a_share_data_handler.go:255.16,261.3 2 0
etf-insight/handlers/a_share_data_handler.go:263.2,266.4 1 0
etf-insight/handlers/a_share_data_handler.go:284.56,286.19 2 0
etf-insight/handlers/a_share_data_handler.go:286.19,292.3 2 0
etf-insight/handlers/a_share_data_handler.go:294.2,295.16 2 0
etf-insight/handlers/a_share_data_handler.go:295.16,301.3 2 0
etf-insight/handlers/a_share_data_handler.go:303.2,306.4 1 0
etf-insight/handlers/a_share_data_handler.go:324.64,328.22 3 0
etf-insight/handlers/a_share_data_handler.go:329.16,330.38 1 0
etf-insight/handlers/a_share_data_handler.go:331.16,332.40 1 0
etf-insight/handlers/a_share_data_handler.go:333.16,334.37 1 0
etf-insight/handlers/a_share_data_handler.go:335.10,340.9 2 0
etf-insight/handlers/a_share_data_handler.go:343.2,344.16 2 0
etf-insight/handlers/a_share_data_handler.go:344.16,350.3 2 0
etf-insight/handlers/a_share_data_handler.go:352.2,355.4 1 0
etf-insight/handlers/a_share_data_handler.go:374.68,378.16 3 0
etf-insight/handlers/a_share_data_handler.go:378.16,384.3 2 0
etf-insight/handlers/a_share_data_handler.go:386.2,390.4 1 0
etf-insight/handlers/a_share_data_handler.go:407.60,408.54 1 0
etf-insight/handlers/a_share_data_handler.go:408.54,414.3 2 0
etf-insight/handlers/a_share_data_handler.go:416.2,419.4 1 0
etf-insight/handlers/a_share_data_handler.go:438.65,448.2 3 0
etf-insight/handlers/a_share_portfolio_handler.go:17.58,19.2 1 0
etf-insight/handlers/a_share_portfolio_handler.go:45.86,50.42 3 0
etf-insight/handlers/a_share_portfolio_handler.go:50.42,52.3 1 0
etf-insight/handlers/a_share_portfolio_handler.go:55.2,155.29 2 0
etf-insight/handlers/a_share_portfolio_handler.go:155.29,157.3 1 0
etf-insight/handlers/a_share_portfolio_handler.go:159.2,159.20 1 0
etf-insight/handlers/a_share_portfolio_handler.go:163.65,169.2 2 0
etf-insight/handlers/a_share_portfolio_handler.go:172.70,193.25 5 0
etf-insight/handlers/a_share_portfolio_handler.go:193.25,196.30 3 0
etf-insight/handlers/a_share_portfolio_handler.go:196.30,198.29 1 0
etf-insight/handlers/a_share_portfolio_handler.go:198.29,199.26 1 0
etf-insight/handlers/a_share_portfolio_handler.go:199.26,201.11 2 0
etf-insight/handlers/a_share_portfolio_handler.go:205.8,216.28 3 0
etf-insight/handlers/a_share_portfolio_handler.go:216.28,224.4 3 0
etf-insight/handlers/a_share_portfolio_handler.go:228.2,229.44 2 0
etf-insight/handlers/a_share_portfolio_handler.go:229.44,231.3 1 0
etf-insight/handlers/a_share_portfolio_handler.go:234.2,235.27 2 0
etf-insight/handlers/a_share_portfolio_handler.go:235.27,254.3 5 0
etf-insight/handlers/a_share_portfolio_handler.go:257.2,258.29 2 0
etf-insight/handlers/a_share_portfolio_handler.go:258.29,260.3 1 0
etf-insight/handlers/a_share_portfolio_handler.go:263.2,263.26 1 0
etf-insight/handlers/a_share_portfolio_handler.go:263.26,264.33 1 0
etf-insight/handlers/a_share_portfolio_handler.go:264.33,267.4 2 0
etf-insight/handlers/a_share_portfolio_handler.go:271.2,272.34 2 0
etf-insight/handlers/a_share_portfolio_handler.go:272.34,274.3 1 0
etf-insight/handlers/a_share_portfolio_handler.go:276.2,289.4 2 0
etf-insight/handlers/a_share_portfolio_handler.go:293.67,298.47 2 0
etf-insight/handlers/a_share_portfolio_handler.go:298.47,304.3 2 0
etf-insight/handlers/a_share_portfolio_handler.go:307.2,309.27 3 0
etf-insight/handlers/a_share_portfolio_handler.go:309.27,311.3 1 0
etf-insight/handlers/a_share_portfolio_handler.go:314.2,315.41 2 0
etf-insight/handlers/a_share_portfolio_handler.go:315.41,317.3 1 0
etf-insight/handlers/a_share_portfolio_handler.go:320.2,321.46 2 0
etf-insight/handlers/a_share_portfolio_handler.go:321.46,323.14 2 0
etf-insight/handlers/a_share_portfolio_handler.go:323.14,324.12 1 0
etf-insight/handlers/a_share_portfolio_handler.go:327.3,329.35 3 0
etf-insight/handlers/a_share_portfolio_handler.go:329.35,331.4 1 0
etf-insight/handlers/a_share_portfolio_handler.go:334.3,347.5 3 0
etf-insight/handlers/a_share_portfolio_handler.go:351.2,352.29 2 0
etf-insight/handlers/a_share_portfolio_handler.go:352.29,354.3 1 0
etf-insight/handlers/a_share_portfolio_handler.go:357.2,357.26 1 0
etf-insight/handlers/a_share_portfolio_handler.go:357.26,358.33 1 0
etf-insight/handlers/a_share_portfolio_handler.go:358.33,361.4 2 0
etf-insight/handlers/a_share_portfolio_handler.go:365.2,366.34 2 0
etf-insight/handlers/a_share_portfolio_handler.go:366.34,368.3 1 0
etf-insight/handlers/a_share_portfolio_handler.go:370.2,382.4 2 0
etf-insight/handlers/a_share_portfolio_handler.go:401.63,404.25 3 0
etf-insight/handlers/a_share_portfolio_handler.go:404.25,410.3 2 0
etf-insight/handlers/a_share_portfolio_handler.go:412.2,413.27 2 0
etf-insight/handlers/a_share_portfolio_handler.go:413.27,427.3 1 0
etf-insight/handlers/a_share_portfolio_handler.go:429.2,432.4 1 0
etf-insight/handlers/a_share_portfolio_handler.go:436.70,441.25 4 0
etf-insight/handlers/a_share_portfolio_handler.go:441.25,447.3 2 0
etf-insight/handlers/a_share_portfolio_handler.go:449.2,466.4 2 0
etf-insight/handlers/a_share_portfolio_handler.go:470.67,472.58 2 0
etf-insight/handlers/a_share_portfolio_handler.go:472.58,478.3 2 0
etf-insight/handlers/a_share_portfolio_handler.go:480.2,483.4 1 0
etf-insight/handlers/a_share_portfolio_handler.go:487.68,495.2 3 0
etf-insight/handlers/a_share_portfolio_handler.go:498.64,505.47 3 0
etf-insight/handlers/a_share_portfolio_handler.go:505.47,511.3 2 0
etf-insight/handlers/a_share_portfolio_handler.go:514.2,516.25 3 0
etf-insight/handlers/a_share_portfolio_handler.go:516.25,522.3 2 0
etf-insight/handlers/a_share_portfolio_handler.go:524.2,537.4 4 0
etf-insight/handlers/a_share_portfolio_handler.go:541.79,564.22 6 0
etf-insight/handlers/a_share_portfolio_handler.go:564.22,567.30 3 0
etf-insight/handlers/a_share_portfolio_handler.go:567.30,568.29 1 0
etf-insight/handlers/a_share_portfolio_handler.go:568.29,569.26 1 0
etf-insight/handlers/a_share_portfolio_handler.go:569.26,571.11 2 0
etf-insight/handlers/a_share_portfolio_handler.go:577.2,579.27 2 0
etf-insight/handlers/a_share_portfolio_handler.go:579.27,585.20 5 0
etf-insight/handlers/a_share_portfolio_handler.go:586.18,587.56 1 0
etf-insight/handlers/a_share_portfolio_handler.go:587.56,589.5 1 0
etf-insight/handlers/a_share_portfolio_handler.go:590.20,591.58 1 0
etf-insight/handlers/a_share_portfolio_handler.go:591.58,593.5 1 0
etf-insight/handlers/a_share_portfolio_handler.go:594.17,595.35 1 0
etf-insight/handlers/a_share_portfolio_handler.go:596.11,597.35 1 0
etf-insight/handlers/a_share_portfolio_handler.go:600.3,606.5 1 0
etf-insight/handlers/a_share_portfolio_handler.go:609.2,612.4 1 0
etf-insight/handlers/alpha_view_handler.go:17.80,19.2 1 0
etf-insight/handlers/alpha_view_handler.go:21.55,23.48 2 0
etf-insight/handlers/alpha_view_handler.go:23.48,26.3 2 0
etf-insight/handlers/alpha_view_handler.go:28.2,28.57 1 0
etf-insight/handlers/alpha_view_handler.go:28.57,31.3 2 0
etf-insight/handlers/alpha_view_handler.go:33.2,33.66 1 0
etf-insight/handlers/alpha_view_handler.go:36.54,41.16 4 0
etf-insight/handlers/alpha_view_handler.go:41.16,44.3 2 0
etf-insight/handlers/alpha_view_handler.go:45.2,47.62 2 0
etf-insight/handlers/alpha_view_handler.go:50.59,54.16 3 0
etf-insight/handlers/alpha_view_handler.go:54.16,57.3 2 0
etf-insight/handlers/alpha_view_handler.go:59.2,59.68 1 0
etf-insight/handlers/alpha_view_handler.go:62.52,65.16 3 0
etf-insight/handlers/alpha_view_handler.go:65.16,68.3 2 0
etf-insight/handlers/alpha_view_handler.go:70.2,71.16 2 0
etf-insight/handlers/alpha_view_handler.go:71.16,74.3 2 0
etf-insight/handlers/alpha_view_handler.go:76.2,76.17 1 0
etf-insight/handlers/alpha_view_handler.go:76.17,79.3 2 0
etf-insight/handlers/alpha_view_handler.go:81.2,81.61 1 0
etf-insight/handlers/alpha_view_handler.go:84.63,90.47 2 0
etf-insight/handlers/alpha_view_handler.go:90.47,93.3 2 0
etf-insight/handlers/alpha_view_handler.go:95.2,96.16 2 0
etf-insight/handlers/alpha_view_handler.go:96.16,99.3 2 0
etf-insight/handlers/alpha_view_handler.go:101.2,101.61 1 0
etf-insight/handlers/alpha_view_handler.go:104.55,107.16 3 0
etf-insight/handlers/alpha_view_handler.go:107.16,110.3 2 0
etf-insight/handlers/alpha_view_handler.go:112.2,113.48 2 0
etf-insight/handlers/alpha_view_handler.go:113.48,116.3 2 0
etf-insight/handlers/alpha_view_handler.go:118.2,119.57 2 0
etf-insight/handlers/alpha_view_handler.go:119.57,122.3 2 0
etf-insight/handlers/alpha_view_handler.go:124.2,124.61 1 0
etf-insight/handlers/alpha_view_handler.go:127.59,130.16 3 0
etf-insight/handlers/alpha_view_handler.go:130.16,133.3 2 0
etf-insight/handlers/alpha_view_handler.go:135.2,135.59 1 0
etf-insight/handlers/alpha_view_handler.go:135.59,138.3 2 0
etf-insight/handlers/alpha_view_handler.go:140.2,140.78 1 0
etf-insight/handlers/backtest_handler.go:20.44,22.2 1 0
etf-insight/handlers/backtest_handler.go:53.55,55.47 2 0
etf-insight/handlers/backtest_handler.go:55.47,61.3 2 0
etf-insight/handlers/backtest_handler.go:64.2,65.16 2 0
etf-insight/handlers/backtest_handler.go:65.16,71.3 2 0
etf-insight/handlers/backtest_handler.go:73.2,74.16 2 0
etf-insight/handlers/backtest_handler.go:74.16,80.3 2 0
etf-insight/handlers/backtest_handler.go:83.2,84.16 2 0
etf-insight/handlers/backtest_handler.go:84.16,90.3 2 0
etf-insight/handlers/backtest_handler.go:93.2,96.26 2 0
etf-insight/handlers/backtest_handler.go:96.26,100.3 1 0
etf-insight/handlers/backtest_handler.go:103.2,103.28 1 0
etf-insight/handlers/backtest_handler.go:103.28,107.3 1 0
etf-insight/handlers/backtest_handler.go:110.2,110.25 1 0
etf-insight/handlers/backtest_handler.go:110.25,114.3 1 0
etf-insight/handlers/backtest_handler.go:117.2,122.16 4 0
etf-insight/handlers/backtest_handler.go:122.16,128.3 2 0
etf-insight/handlers/backtest_handler.go:130.2,133.4 1 0
etf-insight/handlers/backtest_handler.go:167.58,169.47 2 0
etf-insight/handlers/backtest_handler.go:169.47,175.3 2 0
etf-insight/handlers/backtest_handler.go:178.2,179.16 2 0
etf-insight/handlers/backtest_handler.go:179.16,185.3 2 0
etf-insight/handlers/backtest_handler.go:187.2,188.16 2 0
etf-insight/handlers/backtest_handler.go:188.16,194.3 2 0
etf-insight/handlers/backtest_handler.go:197.2,205.16 5 0
etf-insight/handlers/backtest_handler.go:205.16,211.3 2 0
etf-insight/handlers/backtest_handler.go:213.2,213.20 1 0
etf-insight/handlers/backtest_handler.go:213.20,219.3 2 0
etf-insight/handlers/backtest_handler.go:222.2,227.27 4 0
etf-insight/handlers/backtest_handler.go:227.27,229.3 1 0
etf-insight/handlers/backtest_handler.go:232.2,232.41 1 0
etf-insight/handlers/backtest_handler.go:232.41,233.21 1 0
etf-insight/handlers/backtest_handler.go:233.21,234.12 1 0
etf-insight/handlers/backtest_handler.go:238.3,239.28 2 0
etf-insight/handlers/backtest_handler.go:239.28,241.4 1 0
etf-insight/handlers/backtest_handler.go:244.3,245.36 2 0
etf-insight/handlers/backtest_handler.go:245.36,247.4 1 0
etf-insight/handlers/backtest_handler.go:250.3,260.4 3 0
etf-insight/handlers/backtest_handler.go:264.2,264.30 1 0
etf-insight/handlers/backtest_handler.go:264.30,269.45 4 0
etf-insight/handlers/backtest_handler.go:269.45,270.65 1 0
etf-insight/handlers/backtest_handler.go:270.65,272.5 1 0
etf-insight/handlers/backtest_handler.go:273.4,273.63 1 0
etf-insight/handlers/backtest_handler.go:273.63,275.5 1 0
etf-insight/handlers/backtest_handler.go:276.4,276.11 1 0
etf-insight/handlers/backtest_handler.go:279.3,279.16 1 0
etf-insight/handlers/backtest_handler.go:279.16,284.29 3 0
etf-insight/handlers/backtest_handler.go:284.29,285.39 1 0
etf-insight/handlers/backtest_handler.go:285.39,286.24 1 0
etf-insight/handlers/backtest_handler.go:286.24,292.7 5 0
etf-insight/handlers/backtest_handler.go:294.5,294.29 1 0
etf-insight/handlers/backtest_handler.go:294.29,296.6 1 0
etf-insight/handlers/backtest_handler.go:300.4,302.16 3 0
etf-insight/handlers/backtest_handler.go:302.16,304.5 1 0
etf-insight/handlers/backtest_handler.go:307.4,313.77 6 0
etf-insight/handlers/backtest_handler.go:317.2,324.4 1 0
etf-insight/handlers/backtest_handler.go:356.58,410.2 2 0
etf-insight/handlers/backtest_handler.go:413.121,414.22 1 0
etf-insight/handlers/backtest_handler.go:415.18,418.78 3 0
etf-insight/handlers/backtest_handler.go:420.13,424.68 4 0
etf-insight/handlers/backtest_handler.go:426.18,430.70 4 0
etf-insight/handlers/backtest_handler.go:432.16,438.55 6 0
etf-insight/handlers/backtest_handler.go:440.18,441.47 1 0
etf-insight/handlers/backtest_handler.go:443.10,444.68 1 0
etf-insight/handlers/backtest_handler.go:450.83,451.32 1 0
etf-insight/handlers/backtest_handler.go:451.32,452.26 1 0
etf-insight/handlers/backtest_handler.go:453.12,454.12 1 0
etf-insight/handlers/backtest_handler.go:455.16,456.17 1 0
etf-insight/handlers/backtest_handler.go:459.2,459.21 1 0
etf-insight/handlers/backtest_handler.go:462.93,463.32 1 0
etf-insight/handlers/backtest_handler.go:463.32,464.33 1 0
etf-insight/handlers/backtest_handler.go:464.33,466.4 1 0
etf-insight/handlers/backtest_handler.go:468.2,468.21 1 0
etf-insight/handlers/backtest_handler.go:506.66,508.47 2 0
etf-insight/handlers/backtest_handler.go:508.47,514.3 2 0
etf-insight/handlers/backtest_handler.go:517.2,518.16 2 0
etf-insight/handlers/backtest_handler.go:518.16,524.3 2 0
etf-insight/handlers/backtest_handler.go:526.2,527.16 2 0
etf-insight/handlers/backtest_handler.go:527.16,533.3 2 0
etf-insight/handlers/backtest_handler.go:536.2,537.16 2 0
etf-insight/handlers/backtest_handler.go:537.16,543.3 2 0
etf-insight/handlers/backtest_handler.go:546.2,549.26 2 0
etf-insight/handlers/backtest_handler.go:549.26,553.3 1 0
etf-insight/handlers/backtest_handler.go:556.2,556.28 1 0
etf-insight/handlers/backtest_handler.go:556.28,560.3 1 0
etf-insight/handlers/backtest_handler.go:563.2,563.25 1 0
etf-insight/handlers/backtest_handler.go:563.25,567.3 1 0
etf-insight/handlers/backtest_handler.go:570.2,582.16 7 0
etf-insight/handlers/backtest_handler.go:582.16,588.3 2 0
etf-insight/handlers/backtest_handler.go:590.2,593.4 1 0
etf-insight/handlers/black_litterman_handler.go:17.95,19.2 1 0
etf-insight/handlers/black_litterman_handler.go:21.62,23.50 2 0
etf-insight/handlers/black_litterman_handler.go:23.50,26.3 2 0
etf-insight/handlers/black_litterman_handler.go:28.2,28.56 1 0
etf-insight/handlers/black_litterman_handler.go:28.56,31.3 2 0
etf-insight/handlers/black_litterman_handler.go:33.2,33.68 1 0
etf-insight/handlers/black_litterman_handler.go:36.59,39.16 3 0
etf-insight/handlers/black_litterman_handler.go:39.16,42.3 2 0
etf-insight/handlers/black_litterman_handler.go:44.2,45.16 2 0
etf-insight/handlers/black_litterman_handler.go:45.16,48.3 2 0
etf-insight/handlers/black_litterman_handler.go:50.2,50.19 1 0
etf-insight/handlers/black_litterman_handler.go:50.19,53.3 2 0
etf-insight/handlers/black_litterman_handler.go:55.2,55.63 1 0
etf-insight/handlers/black_litterman_handler.go:58.62,61.16 3 0
etf-insight/handlers/black_litterman_handler.go:61.16,64.3 2 0
etf-insight/handlers/black_litterman_handler.go:66.2,67.50 2 0
etf-insight/handlers/black_litterman_handler.go:67.50,70.3 2 0
etf-insight/handlers/black_litterman_handler.go:72.2,73.56 2 0
etf-insight/handlers/black_litterman_handler.go:73.56,76.3 2 0
etf-insight/handlers/black_litterman_handler.go:78.2,78.63 1 0
etf-insight/handlers/black_litterman_handler.go:81.68,87.47 2 0
etf-insight/handlers/black_litterman_handler.go:87.47,90.3 2 0
etf-insight/handlers/black_litterman_handler.go:92.2,93.16 2 0
etf-insight/handlers/black_litterman_handler.go:93.16,96.3 2 0
etf-insight/handlers/black_litterman_handler.go:98.2,98.19 1 0
etf-insight/handlers/black_litterman_handler.go:98.19,101.3 2 0
etf-insight/handlers/black_litterman_handler.go:103.2,103.63 1 0
etf-insight/handlers/black_litterman_handler.go:106.69,109.16 3 0
etf-insight/handlers/black_litterman_handler.go:109.16,112.3 2 0
etf-insight/handlers/black_litterman_handler.go:114.2,115.16 2 0
etf-insight/handlers/black_litterman_handler.go:115.16,118.3 2 0
etf-insight/handlers/black_litterman_handler.go:120.2,120.19 1 0
etf-insight/handlers/black_litterman_handler.go:120.19,123.3 2 0
etf-insight/handlers/black_litterman_handler.go:125.2,125.63 1 0
etf-insight/handlers/etf_config_handler.go:16.46,18.2 1 0
etf-insight/handlers/etf_config_handler.go:21.58,26.23 3 0
etf-insight/handlers/etf_config_handler.go:26.23,29.26 2 0
etf-insight/handlers/etf_config_handler.go:29.26,31.4 1 0
etf-insight/handlers/etf_config_handler.go:34.2,37.4 1 0
etf-insight/handlers/etf_config_handler.go:41.57,43.16 2 0
etf-insight/handlers/etf_config_handler.go:43.16,49.3 2 0
etf-insight/handlers/etf_config_handler.go:51.2,55.20 3 0
etf-insight/handlers/etf_config_handler.go:55.20,61.3 2 0
etf-insight/handlers/etf_config_handler.go:63.2,66.4 1 0
etf-insight/handlers/etf_config_handler.go:70.60,72.50 2 0
etf-insight/handlers/etf_config_handler.go:72.50,78.3 2 0
etf-insight/handlers/etf_config_handler.go:80.2,86.4 2 0
etf-insight/handlers/etf_config_handler.go:90.60,92.16 2 0
etf-insight/handlers/etf_config_handler.go:92.16,98.3 2 0
etf-insight/handlers/etf_config_handler.go:100.2,104.20 3 0
etf-insight/handlers/etf_config_handler.go:104.20,110.3 2 0
etf-insight/handlers/etf_config_handler.go:112.2,113.54 2 0
etf-insight/handlers/etf_config_handler.go:113.54,119.3 2 0
etf-insight/handlers/etf_config_handler.go:121.2,127.4 2 0
etf-insight/handlers/etf_config_handler.go:131.60,133.16 2 0
etf-insight/handlers/etf_config_handler.go:133.16,139.3 2 0
etf-insight/handlers/etf_config_handler.go:141.2,146.4 2 0
etf-insight/handlers/etf_config_handler.go:150.66,152.16 2 0
etf-insight/handlers/etf_config_handler.go:152.16,158.3 2 0
etf-insight/handlers/etf_config_handler.go:160.2,163.47 2 0
etf-insight/handlers/etf_config_handler.go:163.47,169.3 2 0
etf-insight/handlers/etf_config_handler.go:171.2,175.20 3 0
etf-insight/handlers/etf_config_handler.go:175.20,181.3 2 0
etf-insight/handlers/etf_config_handler.go:183.2,190.4 3 0
etf-insight/handlers/etf_config_handler.go:194.70,196.16 2 0
etf-insight/handlers/etf_config_handler.go:196.16,202.3 2 0
etf-insight/handlers/etf_config_handler.go:204.2,207.47 2 0
etf-insight/handlers/etf_config_handler.go:207.47,213.3 2 0
etf-insight/handlers/etf_config_handler.go:215.2,219.20 3 0
etf-insight/handlers/etf_config_handler.go:219.20,225.3 2 0
etf-insight/handlers/etf_config_handler.go:228.2,235.4 3 0
etf-insight/handlers/etf_config_handler.go:239.48,332.2 1 0
etf-insight/handlers/etf_handler.go:51.118,56.2 1 1
etf-insight/handlers/etf_handler.go:59.49,63.47 3 1
etf-insight/handlers/etf_handler.go:63.47,64.59 1 1
etf-insight/handlers/etf_handler.go:64.59,66.4 1 1
etf-insight/handlers/etf_handler.go:69.2,69.59 1 1
etf-insight/handlers/etf_handler.go:69.59,70.78 1 1
etf-insight/handlers/etf_handler.go:70.78,72.4 1 1
etf-insight/handlers/etf_handler.go:75.2,83.63 5 1
etf-insight/handlers/etf_handler.go:83.63,95.3 2 1
etf-insight/handlers/etf_handler.go:97.2,105.33 3 0
etf-insight/handlers/etf_handler.go:105.33,106.33 1 0
etf-insight/handlers/etf_handler.go:106.33,110.4 3 0
etf-insight/handlers/etf_handler.go:113.2,114.39 2 0
etf-insight/handlers/etf_handler.go:114.39,116.48 2 0
etf-insight/handlers/etf_handler.go:116.48,118.4 1 0
etf-insight/handlers/etf_handler.go:121.2,132.33 2 0
etf-insight/handlers/etf_handler.go:136.93,172.2 7 0
etf-insight/handlers/etf_handler.go:175.179,176.13 1 0
etf-insight/handlers/etf_handler.go:176.13,180.60 2 0
etf-insight/handlers/etf_handler.go:180.60,182.4 1 0
etf-insight/handlers/etf_handler.go:182.9,186.78 2 0
etf-insight/handlers/etf_handler.go:186.78,188.5 1 0
etf-insight/handlers/etf_handler.go:192.3,192.25 1 0
etf-insight/handlers/etf_handler.go:192.25,194.4 1 0
etf-insight/handlers/etf_handler.go:196.3,198.24 3 0
etf-insight/handlers/etf_handler.go:198.24,200.4 1 0
etf-insight/handlers/etf_handler.go:203.3,234.26 3 0
etf-insight/handlers/etf_handler.go:234.26,239.4 4 0
etf-insight/handlers/etf_handler.go:241.3,241.16 1 0
etf-insight/handlers/etf_handler.go:245.2,262.3 1 0
etf-insight/handlers/etf_handler.go:266.53,268.18 2 1
etf-insight/handlers/etf_handler.go:268.18,274.3 2 0
etf-insight/handlers/etf_handler.go:277.2,279.25 3 1
etf-insight/handlers/etf_handler.go:279.25,285.3 2 1
etf-insight/handlers/etf_handler.go:288.2,295.76 5 0
etf-insight/handlers/etf_handler.go:295.76,297.3 1 0
etf-insight/handlers/etf_handler.go:299.2,301.23 3 0
etf-insight/handlers/etf_handler.go:301.23,303.3 1 0
etf-insight/handlers/etf_handler.go:306.2,336.4 3 0
etf-insight/handlers/etf_handler.go:340.55,348.33 5 1
etf-insight/handlers/etf_handler.go:348.33,350.3 1 1
etf-insight/handlers/etf_handler.go:352.2,352.23 1 1
etf-insight/handlers/etf_handler.go:352.23,358.3 2 1
etf-insight/handlers/etf_handler.go:360.2,361.16 2 1
etf-insight/handlers/etf_handler.go:361.16,367.3 2 0
etf-insight/handlers/etf_handler.go:369.2,372.4 1 1
etf-insight/handlers/etf_handler.go:376.52,381.16 4 1
etf-insight/handlers/etf_handler.go:382.12,383.43 1 0
etf-insight/handlers/etf_handler.go:384.12,385.43 1 0
etf-insight/handlers/etf_handler.go:386.12,387.43 1 0
etf-insight/handlers/etf_handler.go:388.12,389.43 1 1
etf-insight/handlers/etf_handler.go:390.12,391.43 1 0
etf-insight/handlers/etf_handler.go:392.12,393.43 1 0
etf-insight/handlers/etf_handler.go:394.10,395.43 1 1
etf-insight/handlers/etf_handler.go:398.2,401.35 2 1
etf-insight/handlers/etf_handler.go:401.35,407.3 2 0
etf-insight/handlers/etf_handler.go:409.2,410.31 2 1
etf-insight/handlers/etf_handler.go:410.31,420.3 1 1
etf-insight/handlers/etf_handler.go:422.2,425.4 1 1
etf-insight/handlers/etf_handler.go:429.52,434.92 4 1
etf-insight/handlers/etf_handler.go:434.92,440.3 2 0
etf-insight/handlers/etf_handler.go:442.2,443.112 2 1
etf-insight/handlers/etf_handler.go:443.112,449.3 2 0
etf-insight/handlers/etf_handler.go:451.2,451.22 1 1
etf-insight/handlers/etf_handler.go:451.22,457.3 2 0
etf-insight/handlers/etf_handler.go:459.2,483.4 3 1
etf-insight/handlers/etf_handler.go:495.89,496.21 1 1
etf-insight/handlers/etf_handler.go:496.21,498.3 1 0
etf-insight/handlers/etf_handler.go:500.2,501.35 2 1
etf-insight/handlers/etf_handler.go:501.35,504.20 3 1
etf-insight/handlers/etf_handler.go:504.20,506.4 1 1
etf-insight/handlers/etf_handler.go:509.2,512.20 4 1
etf-insight/handlers/etf_handler.go:512.20,514.3 1 1
etf-insight/handlers/etf_handler.go:516.2,525.3 4 1
etf-insight/handlers/etf_handler.go:528.53,529.23 1 1
etf-insight/handlers/etf_handler.go:529.23,531.3 1 0
etf-insight/handlers/etf_handler.go:533.2,534.28 2 1
etf-insight/handlers/etf_handler.go:534.28,536.3 1 1
etf-insight/handlers/etf_handler.go:537.2,540.28 3 1
etf-insight/handlers/etf_handler.go:540.28,542.3 1 1
etf-insight/handlers/etf_handler.go:543.2,545.38 2 1
etf-insight/handlers/etf_handler.go:548.60,549.22 1 1
etf-insight/handlers/etf_handler.go:549.22,551.3 1 0
etf-insight/handlers/etf_handler.go:553.2,556.40 3 1
etf-insight/handlers/etf_handler.go:556.40,558.19 2 1
etf-insight/handlers/etf_handler.go:558.19,560.4 1 0
etf-insight/handlers/etf_handler.go:561.3,562.29 2 1
etf-insight/handlers/etf_handler.go:562.29,564.4 1 1
etf-insight/handlers/etf_handler.go:567.2,567.26 1 1
etf-insight/handlers/etf_handler.go:570.76,571.23 1 1
etf-insight/handlers/etf_handler.go:571.23,573.3 1 0
etf-insight/handlers/etf_handler.go:575.2,576.28 2 1
etf-insight/handlers/etf_handler.go:576.28,578.3 1 1
etf-insight/handlers/etf_handler.go:579.2,584.28 4 1
etf-insight/handlers/etf_handler.go:584.28,586.3 1 1
etf-insight/handlers/etf_handler.go:587.2,590.27 3 1
etf-insight/handlers/etf_handler.go:590.27,592.3 1 0
etf-insight/handlers/etf_handler.go:594.2,594.61 1 1
etf-insight/handlers/etf_handler.go:598.53,603.18 4 1
etf-insight/handlers/etf_handler.go:603.18,609.3 2 0
etf-insight/handlers/etf_handler.go:611.2,612.42 2 1
etf-insight/handlers/etf_handler.go:612.42,614.3 1 1
etf-insight/handlers/etf_handler.go:616.2,617.46 2 1
etf-insight/handlers/etf_handler.go:617.46,619.3 1 0
etf-insight/handlers/etf_handler.go:622.2,628.54 5 1
etf-insight/handlers/etf_handler.go:628.54,630.3 1 0
etf-insight/handlers/etf_handler.go:633.2,635.133 3 1
etf-insight/handlers/etf_handler.go:635.133,638.21 3 0
etf-insight/handlers/etf_handler.go:638.21,643.35 4 0
etf-insight/handlers/etf_handler.go:643.35,645.5 1 0
etf-insight/handlers/etf_handler.go:646.4,646.34 1 0
etf-insight/handlers/etf_handler.go:646.34,648.5 1 0
etf-insight/handlers/etf_handler.go:660.2,664.36 4 1
etf-insight/handlers/etf_handler.go:664.36,684.3 7 1
etf-insight/handlers/etf_handler.go:686.2,690.26 4 1
etf-insight/handlers/etf_handler.go:690.26,692.3 1 1
etf-insight/handlers/etf_handler.go:694.2,713.4 1 1
etf-insight/handlers/etf_handler.go:717.57,722.26 3 1
etf-insight/handlers/etf_handler.go:722.26,729.3 2 0
etf-insight/handlers/etf_handler.go:731.2,732.33 2 1
etf-insight/handlers/etf_handler.go:732.33,734.3 1 1
etf-insight/handlers/etf_handler.go:737.2,740.55 3 1
etf-insight/handlers/etf_handler.go:740.55,742.24 2 0
etf-insight/handlers/etf_handler.go:742.24,744.4 1 0
etf-insight/handlers/etf_handler.go:745.3,749.9 2 0
etf-insight/handlers/etf_handler.go:752.2,753.16 2 1
etf-insight/handlers/etf_handler.go:753.16,760.3 3 0
etf-insight/handlers/etf_handler.go:763.2,764.31 2 1
etf-insight/handlers/etf_handler.go:764.31,783.87 1 1
etf-insight/handlers/etf_handler.go:783.87,785.21 2 0
etf-insight/handlers/etf_handler.go:785.21,787.5 1 0
etf-insight/handlers/etf_handler.go:789.4,803.23 2 0
etf-insight/handlers/etf_handler.go:806.3,806.17 1 1
etf-insight/handlers/etf_handler.go:811.2,816.4 1 1
etf-insight/handlers/etf_handler.go:820.49,825.18 4 0
etf-insight/handlers/etf_handler.go:825.18,831.3 2 0
etf-insight/handlers/etf_handler.go:833.2,834.54 2 0
etf-insight/handlers/etf_handler.go:834.54,836.3 1 0
etf-insight/handlers/etf_handler.go:839.2,840.16 2 0
etf-insight/handlers/etf_handler.go:841.12,842.12 1 0
etf-insight/handlers/etf_handler.go:843.12,844.13 1 0
etf-insight/handlers/etf_handler.go:845.12,846.13 1 0
etf-insight/handlers/etf_handler.go:847.12,848.13 1 0
etf-insight/handlers/etf_handler.go:849.12,850.14 1 0
etf-insight/handlers/etf_handler.go:853.2,857.57 2 0
etf-insight/handlers/etf_handler.go:857.57,863.3 2 0
etf-insight/handlers/etf_handler.go:866.2,868.23 2 0
etf-insight/handlers/etf_handler.go:868.23,874.3 2 0
etf-insight/handlers/etf_handler.go:877.2,881.16 3 0
etf-insight/handlers/etf_handler.go:881.16,887.3 2 0
etf-insight/handlers/etf_handler.go:890.2,892.16 3 0
etf-insight/handlers/etf_handler.go:892.16,898.3 2 0
etf-insight/handlers/etf_handler.go:901.2,902.28 2 0
etf-insight/handlers/etf_handler.go:902.28,904.3 1 0
etf-insight/handlers/etf_handler.go:905.2,908.27 4 0
etf-insight/handlers/etf_handler.go:908.27,909.31 1 0
etf-insight/handlers/etf_handler.go:909.31,911.4 1 0
etf-insight/handlers/etf_handler.go:912.3,912.27 1 0
etf-insight/handlers/etf_handler.go:912.27,914.4 1 0
etf-insight/handlers/etf_handler.go:917.2,938.4 1 0
etf-insight/handlers/etf_handler.go:941.53,956.31 3 0
etf-insight/handlers/etf_handler.go:956.31,957.31 1 0
etf-insight/handlers/etf_handler.go:957.31,958.19 1 0
etf-insight/handlers/etf_handler.go:958.19,960.5 1 0
etf-insight/handlers/etf_handler.go:963.2,963.12 1 0
etf-insight/handlers/etf_holding_handler.go:26.59,32.2 1 0
etf-insight/handlers/etf_holding_handler.go:36.60,38.18 2 0
etf-insight/handlers/etf_holding_handler.go:38.18,45.3 2 0
etf-insight/handlers/etf_holding_handler.go:48.2,49.47 2 0
etf-insight/handlers/etf_holding_handler.go:49.47,52.17 3 0
etf-insight/handlers/etf_holding_handler.go:52.17,59.4 2 0
etf-insight/handlers/etf_holding_handler.go:63.2,64.16 2 0
etf-insight/handlers/etf_holding_handler.go:64.16,72.3 3 0
etf-insight/handlers/etf_holding_handler.go:75.2,76.29 2 0
etf-insight/handlers/etf_holding_handler.go:76.29,85.3 1 0
etf-insight/handlers/etf_holding_handler.go:87.2,95.4 1 0
etf-insight/handlers/etf_holding_handler.go:100.59,104.30 3 0
etf-insight/handlers/etf_holding_handler.go:104.30,111.3 2 0
etf-insight/handlers/etf_holding_handler.go:113.2,113.18 1 0
etf-insight/handlers/etf_holding_handler.go:113.18,120.3 2 0
etf-insight/handlers/etf_holding_handler.go:123.2,124.47 2 0
etf-insight/handlers/etf_holding_handler.go:124.47,127.17 3 0
etf-insight/handlers/etf_holding_handler.go:127.17,134.4 2 0
etf-insight/handlers/etf_holding_handler.go:138.2,139.16 2 0
etf-insight/handlers/etf_holding_handler.go:139.16,147.3 3 0
etf-insight/handlers/etf_holding_handler.go:150.2,151.35 2 0
etf-insight/handlers/etf_holding_handler.go:151.35,159.3 1 0
etf-insight/handlers/etf_holding_handler.go:161.2,173.4 1 0
etf-insight/handlers/etf_holding_handler.go:178.70,184.47 2 0
etf-insight/handlers/etf_holding_handler.go:184.47,191.3 2 0
etf-insight/handlers/etf_holding_handler.go:194.2,195.20 2 0
etf-insight/handlers/etf_holding_handler.go:195.20,198.17 3 0
etf-insight/handlers/etf_holding_handler.go:198.17,205.4 2 0
etf-insight/handlers/etf_holding_handler.go:209.2,210.37 2 0
etf-insight/handlers/etf_holding_handler.go:210.37,212.17 2 0
etf-insight/handlers/etf_holding_handler.go:212.17,214.12 2 0
etf-insight/handlers/etf_holding_handler.go:217.3,218.30 2 0
etf-insight/handlers/etf_holding_handler.go:218.30,224.4 1 0
etf-insight/handlers/etf_holding_handler.go:226.3,230.4 1 0
etf-insight/handlers/etf_holding_handler.go:233.2,236.4 1 0
etf-insight/handlers/etf_holding_handler.go:241.60,243.18 2 0
etf-insight/handlers/etf_holding_handler.go:243.18,250.3 2 0
etf-insight/handlers/etf_holding_handler.go:253.2,254.38 2 0
etf-insight/handlers/etf_holding_handler.go:254.38,255.81 1 0
etf-insight/handlers/etf_holding_handler.go:255.81,257.4 1 0
etf-insight/handlers/etf_holding_handler.go:261.2,262.47 2 0
etf-insight/handlers/etf_holding_handler.go:262.47,265.17 3 0
etf-insight/handlers/etf_holding_handler.go:265.17,272.4 2 0
etf-insight/handlers/etf_holding_handler.go:275.2,276.16 2 0
etf-insight/handlers/etf_holding_handler.go:276.16,284.3 3 0
etf-insight/handlers/etf_holding_handler.go:286.2,287.29 2 0
etf-insight/handlers/etf_holding_handler.go:287.29,295.3 1 0
etf-insight/handlers/etf_holding_handler.go:297.2,304.4 1 0
etf-insight/handlers/etf_holding_handler.go:309.65,311.18 2 0
etf-insight/handlers/etf_holding_handler.go:311.18,318.3 2 0
etf-insight/handlers/etf_holding_handler.go:320.2,321.47 2 0
etf-insight/handlers/etf_holding_handler.go:321.47,324.17 3 0
etf-insight/handlers/etf_holding_handler.go:324.17,331.4 2 0
etf-insight/handlers/etf_holding_handler.go:334.2,335.16 2 0
etf-insight/handlers/etf_holding_handler.go:335.16,343.3 3 0
etf-insight/handlers/etf_holding_handler.go:346.2,347.47 2 0
etf-insight/handlers/etf_holding_handler.go:347.47,352.3 1 0
etf-insight/handlers/etf_holding_handler.go:354.2,360.4 1 0
etf-insight/handlers/etf_holding_handler.go:365.61,367.18 2 0
etf-insight/handlers/etf_holding_handler.go:367.18,374.3 2 0
etf-insight/handlers/etf_holding_handler.go:376.2,387.47 2 0
etf-insight/handlers/etf_holding_handler.go:387.47,394.3 2 0
etf-insight/handlers/etf_holding_handler.go:397.2,398.16 2 0
etf-insight/handlers/etf_holding_handler.go:398.16,405.3 2 0
etf-insight/handlers/etf_holding_handler.go:408.2,409.33 2 0
etf-insight/handlers/etf_holding_handler.go:409.33,419.3 1 0
etf-insight/handlers/etf_holding_handler.go:421.2,421.94 1 0
etf-insight/handlers/etf_holding_handler.go:421.94,429.3 3 0
etf-insight/handlers/etf_holding_handler.go:432.2,432.33 1 0
etf-insight/handlers/etf_holding_handler.go:432.33,434.3 1 0
etf-insight/handlers/etf_holding_handler.go:436.2,444.4 1 0
etf-insight/handlers/etf_holding_handler.go:448.59,449.23 1 0
etf-insight/handlers/etf_holding_handler.go:449.23,451.3 1 0
etf-insight/handlers/etf_holding_handler.go:452.2,452.11 1 0
etf-insight/handlers/etf_holding_handler.go:456.38,460.2 3 0
etf-insight/handlers/etf_holding_handler.go:464.59,466.16 2 0
etf-insight/handlers/etf_holding_handler.go:466.16,474.3 3 0
etf-insight/handlers/etf_holding_handler.go:476.2,479.4 1 0
etf-insight/handlers/etf_holding_handler.go:484.61,489.47 2 0
etf-insight/handlers/etf_holding_handler.go:489.47,496.3 2 0
etf-insight/handlers/etf_holding_handler.go:498.2,498.95 1 0
etf-insight/handlers/etf_holding_handler.go:498.95,506.3 3 0
etf-insight/handlers/etf_holding_handler.go:508.2,514.4 1 0
etf-insight/handlers/etf_holding_handler.go:519.63,521.16 2 0
etf-insight/handlers/etf_holding_handler.go:521.16,529.3 3 0
etf-insight/handlers/etf_holding_handler.go:531.2,537.4 1 0
etf-insight/handlers/exchange_rate.go:21.121,26.2 1 1
etf-insight/handlers/exchange_rate.go:45.73,62.2 1 1
etf-insight/handlers/exchange_rate.go:64.64,70.24 4 1
etf-insight/handlers/exchange_rate.go:70.24,72.3 1 1
etf-insight/handlers/exchange_rate.go:74.2,75.22 2 1
etf-insight/handlers/exchange_rate.go:75.22,77.3 1 0
etf-insight/handlers/exchange_rate.go:79.2,80.22 2 1
etf-insight/handlers/exchange_rate.go:80.22,82.3 1 0
etf-insight/handlers/exchange_rate.go:84.2,84.89 1 1
etf-insight/handlers/exchange_rate.go:84.89,90.3 2 0
etf-insight/handlers/exchange_rate.go:92.2,93.23 2 1
etf-insight/handlers/exchange_rate.go:93.23,95.3 1 1
etf-insight/handlers/exchange_rate.go:97.2,101.4 1 1
etf-insight/handlers/exchange_rate.go:104.63,108.44 3 1
etf-insight/handlers/exchange_rate.go:108.44,114.3 2 0
etf-insight/handlers/exchange_rate.go:116.2,122.25 3 1
etf-insight/handlers/exchange_rate.go:122.25,128.3 2 1
etf-insight/handlers/exchange_rate.go:130.2,133.4 1 1
etf-insight/handlers/exchange_rate.go:136.59,137.12 1 0
etf-insight/handlers/exchange_rate.go:137.12,139.3 1 0
etf-insight/handlers/exchange_rate.go:141.2,144.4 1 0
etf-insight/handlers/exchange_rate.go:147.64,153.20 4 1
etf-insight/handlers/exchange_rate.go:153.20,155.3 1 0
etf-insight/handlers/exchange_rate.go:157.2,157.76 1 1
etf-insight/handlers/exchange_rate.go:157.76,163.3 2 1
etf-insight/handlers/exchange_rate.go:165.2,169.4 1 0
etf-insight/handlers/exchange_rate.go:172.63,179.47 2 1
etf-insight/handlers/exchange_rate.go:179.47,185.3 2 1
etf-insight/handlers/exchange_rate.go:187.2,199.4 3 1
etf-insight/handlers/exchange_rate.go:202.70,208.23 3 1
etf-insight/handlers/exchange_rate.go:208.23,210.3 1 0
etf-insight/handlers/exchange_rate.go:212.2,215.4 1 1
etf-insight/handlers/exchange_rate.go:218.71,221.31 3 1
etf-insight/handlers/exchange_rate.go:221.31,223.3 1 0
etf-insight/handlers/exchange_rate.go:225.2,232.23 4 1
etf-insight/handlers/exchange_rate.go:232.23,234.3 1 1
etf-insight/handlers/exchange_rate.go:236.2,240.4 1 1
etf-insight/handlers/exchange_rate.go:244.67,250.2 2 0
etf-insight/handlers/factor_handler.go:19.40,23.2 1 0
etf-insight/handlers/factor_handler.go:51.63,53.47 2 0
etf-insight/handlers/factor_handler.go:53.47,59.3 2 0
etf-insight/handlers/factor_handler.go:62.2,66.18 3 0
etf-insight/handlers/factor_handler.go:66.18,68.3 1 0
etf-insight/handlers/factor_handler.go:71.2,84.22 6 0
etf-insight/handlers/factor_handler.go:84.22,93.23 2 0
etf-insight/handlers/factor_handler.go:93.23,96.4 1 0
etf-insight/handlers/factor_handler.go:96.9,99.35 2 0
etf-insight/handlers/factor_handler.go:99.35,101.5 1 0
etf-insight/handlers/factor_handler.go:105.2,111.22 4 0
etf-insight/handlers/factor_handler.go:111.22,113.3 1 0
etf-insight/handlers/factor_handler.go:113.8,115.3 1 0
etf-insight/handlers/factor_handler.go:117.2,117.16 1 0
etf-insight/handlers/factor_handler.go:117.16,123.3 2 0
etf-insight/handlers/factor_handler.go:125.2,128.4 1 0
etf-insight/handlers/factor_handler.go:154.65,156.47 2 0
etf-insight/handlers/factor_handler.go:156.47,162.3 2 0
etf-insight/handlers/factor_handler.go:165.2,165.36 1 0
etf-insight/handlers/factor_handler.go:165.36,171.3 2 0
etf-insight/handlers/factor_handler.go:174.2,178.23 3 0
etf-insight/handlers/factor_handler.go:178.23,181.3 2 0
etf-insight/handlers/factor_handler.go:181.8,184.3 2 0
etf-insight/handlers/factor_handler.go:187.2,188.16 2 0
etf-insight/handlers/factor_handler.go:188.16,194.3 2 0
etf-insight/handlers/factor_handler.go:196.2,199.4 1 0
etf-insight/handlers/factor_handler.go:224.63,226.47 2 0
etf-insight/handlers/factor_handler.go:226.47,232.3 2 0
etf-insight/handlers/factor_handler.go:235.2,235.26 1 0
etf-insight/handlers/factor_handler.go:235.26,241.3 2 0
etf-insight/handlers/factor_handler.go:244.2,248.37 3 0
etf-insight/handlers/factor_handler.go:248.37,249.28 1 0
etf-insight/handlers/factor_handler.go:249.28,251.4 1 0
etf-insight/handlers/factor_handler.go:254.2,254.17 1 0
etf-insight/handlers/factor_handler.go:254.17,260.3 2 0
etf-insight/handlers/factor_handler.go:263.2,263.23 1 0
etf-insight/handlers/factor_handler.go:263.23,266.3 2 0
etf-insight/handlers/factor_handler.go:266.8,269.3 2 0
etf-insight/handlers/factor_handler.go:272.2,277.4 2 0
etf-insight/handlers/factor_handler.go:296.61,303.19 4 0
etf-insight/handlers/factor_handler.go:303.19,306.3 2 0
etf-insight/handlers/factor_handler.go:306.8,309.3 2 0
etf-insight/handlers/factor_handler.go:311.2,316.4 2 0
etf-insight/handlers/factor_handler.go:341.55,343.47 2 0
etf-insight/handlers/factor_handler.go:343.47,349.3 2 0
etf-insight/handlers/factor_handler.go:351.2,357.4 3 0
etf-insight/handlers/factor_handler.go:383.66,385.47 2 0
etf-insight/handlers/factor_handler.go:385.47,391.3 2 0
etf-insight/handlers/factor_handler.go:394.2,398.41 3 0
etf-insight/handlers/factor_handler.go:398.41,399.28 1 0
etf-insight/handlers/factor_handler.go:399.28,401.4 1 0
etf-insight/handlers/factor_handler.go:405.2,417.4 5 0
etf-insight/handlers/factor_timing_handler.go:16.87,18.2 1 0
etf-insight/handlers/factor_timing_handler.go:20.69,26.47 2 0
etf-insight/handlers/factor_timing_handler.go:26.47,29.3 2 0
etf-insight/handlers/factor_timing_handler.go:31.2,31.27 1 0
etf-insight/handlers/factor_timing_handler.go:31.27,33.3 1 0
etf-insight/handlers/factor_timing_handler.go:35.2,36.16 2 0
etf-insight/handlers/factor_timing_handler.go:36.16,39.3 2 0
etf-insight/handlers/factor_timing_handler.go:41.2,41.63 1 0
etf-insight/handlers/factor_timing_handler.go:44.70,49.22 4 0
etf-insight/handlers/factor_timing_handler.go:49.22,52.3 2 0
etf-insight/handlers/factor_timing_handler.go:54.2,56.38 2 0
etf-insight/handlers/factor_timing_handler.go:56.38,58.17 2 0
etf-insight/handlers/factor_timing_handler.go:58.17,61.4 2 0
etf-insight/handlers/factor_timing_handler.go:62.3,63.17 2 0
etf-insight/handlers/factor_timing_handler.go:63.17,66.4 2 0
etf-insight/handlers/factor_timing_handler.go:67.3,68.17 2 0
etf-insight/handlers/factor_timing_handler.go:68.17,71.4 2 0
etf-insight/handlers/factor_timing_handler.go:72.3,72.28 1 0
etf-insight/handlers/factor_timing_handler.go:72.28,74.4 1 0
etf-insight/handlers/factor_timing_handler.go:75.8,77.17 2 0
etf-insight/handlers/factor_timing_handler.go:77.17,80.4 2 0
etf-insight/handlers/factor_timing_handler.go:81.3,81.20 1 0
etf-insight/handlers/factor_timing_handler.go:81.20,83.4 1 0
etf-insight/handlers/factor_timing_handler.go:86.2,86.64 1 0
etf-insight/handlers/factor_timing_handler.go:89.63,91.22 2 0
etf-insight/handlers/factor_timing_handler.go:91.22,94.3 2 0
etf-insight/handlers/factor_timing_handler.go:96.2,97.16 2 0
etf-insight/handlers/factor_timing_handler.go:97.16,100.3 2 0
etf-insight/handlers/factor_timing_handler.go:102.2,102.19 1 0
etf-insight/handlers/factor_timing_handler.go:102.19,105.3 2 0
etf-insight/handlers/factor_timing_handler.go:107.2,107.63 1 0
etf-insight/handlers/health_handler.go:24.36,30.2 1 1
etf-insight/handlers/health_handler.go:33.35,43.22 2 0
etf-insight/handlers/health_handler.go:43.22,45.17 2 0
etf-insight/handlers/health_handler.go:45.17,48.4 2 0
etf-insight/handlers/health_handler.go:48.9,50.4 1 0
etf-insight/handlers/health_handler.go:51.8,53.3 1 0
etf-insight/handlers/health_handler.go:56.2,61.40 4 0
etf-insight/handlers/health_handler.go:61.40,62.13 1 0
etf-insight/handlers/health_handler.go:62.13,64.9 2 0
etf-insight/handlers/health_handler.go:68.2,68.15 1 0
etf-insight/handlers/health_handler.go:68.15,72.3 3 0
etf-insight/handlers/health_handler.go:74.2,74.31 1 0
etf-insight/handlers/health_handler.go:78.34,84.2 1 0
etf-insight/handlers/middleware.go:12.39,16.35 3 1
etf-insight/handlers/middleware.go:16.35,18.3 1 1
etf-insight/handlers/middleware.go:20.2,20.30 1 1
etf-insight/handlers/middleware.go:20.30,24.41 2 1
etf-insight/handlers/middleware.go:24.41,27.4 2 1
etf-insight/handlers/middleware.go:27.9,27.38 1 1
etf-insight/handlers/middleware.go:27.38,31.4 1 0
etf-insight/handlers/middleware.go:33.3,37.36 4 1
etf-insight/handlers/middleware.go:37.36,40.4 2 1
etf-insight/handlers/middleware.go:42.3,42.11 1 1
etf-insight/handlers/middleware.go:47.39,49.22 2 1
etf-insight/handlers/middleware.go:49.22,55.3 1 1
etf-insight/handlers/middleware.go:57.2,59.33 2 0
etf-insight/handlers/middleware.go:59.33,61.3 1 0
etf-insight/handlers/middleware.go:62.2,62.16 1 0
etf-insight/handlers/middleware.go:66.41,67.30 1 1
etf-insight/handlers/middleware.go:67.30,70.3 1 1
etf-insight/handlers/operation_logs_handler.go:20.92,22.2 1 0
etf-insight/handlers/operation_logs_handler.go:60.56,67.63 4 0
etf-insight/handlers/operation_logs_handler.go:67.63,68.67 1 0
etf-insight/handlers/operation_logs_handler.go:68.67,70.4 1 0
etf-insight/handlers/operation_logs_handler.go:72.2,72.57 1 0
etf-insight/handlers/operation_logs_handler.go:72.57,73.65 1 0
etf-insight/handlers/operation_logs_handler.go:73.65,75.4 1 0
etf-insight/handlers/operation_logs_handler.go:79.2,100.16 7 0
etf-insight/handlers/operation_logs_handler.go:100.16,106.3 2 0
etf-insight/handlers/operation_logs_handler.go:109.2,130.4 3 0
etf-insight/handlers/operation_logs_handler.go:152.59,154.47 2 0
etf-insight/handlers/operation_logs_handler.go:154.47,160.3 2 0
etf-insight/handlers/operation_logs_handler.go:163.2,178.16 3 0
etf-insight/handlers/operation_logs_handler.go:178.16,184.3 2 0
etf-insight/handlers/operation_logs_handler.go:187.2,188.16 2 0
etf-insight/handlers/operation_logs_handler.go:188.16,194.3 2 0
etf-insight/handlers/operation_logs_handler.go:197.2,202.103 4 0
etf-insight/handlers/operation_logs_handler.go:206.69,212.27 3 0
etf-insight/handlers/operation_logs_handler.go:212.27,225.3 12 0
etf-insight/handlers/operation_logs_handler.go:227.2,227.32 1 0
etf-insight/handlers/operation_logs_handler.go:239.61,244.16 4 0
etf-insight/handlers/operation_logs_handler.go:244.16,250.3 2 0
etf-insight/handlers/operation_logs_handler.go:252.2,255.24 3 0
etf-insight/handlers/operation_logs_handler.go:255.24,259.12 4 0
etf-insight/handlers/operation_logs_handler.go:259.12,274.4 1 0
etf-insight/handlers/operation_logs_handler.go:275.8,275.35 1 0
etf-insight/handlers/operation_logs_handler.go:275.35,279.12 4 0
etf-insight/handlers/operation_logs_handler.go:279.12,282.25 3 0
etf-insight/handlers/operation_logs_handler.go:282.25,285.5 2 0
etf-insight/handlers/operation_logs_handler.go:285.10,285.32 1 0
etf-insight/handlers/operation_logs_handler.go:285.32,288.5 2 0
etf-insight/handlers/operation_logs_handler.go:289.4,302.5 1 0
etf-insight/handlers/operation_logs_handler.go:304.8,310.3 2 0
etf-insight/handlers/operation_logs_handler.go:312.2,312.12 1 0
etf-insight/handlers/operation_logs_handler.go:312.12,318.3 2 0
etf-insight/handlers/operation_logs_handler.go:320.2,323.4 1 0
etf-insight/handlers/operation_logs_handler.go:340.60,342.16 2 0
etf-insight/handlers/operation_logs_handler.go:342.16,348.3 2 0
etf-insight/handlers/operation_logs_handler.go:350.2,353.4 1 0
etf-insight/handlers/operation_logs_handler.go:370.63,372.16 2 0
etf-insight/handlers/operation_logs_handler.go:372.16,378.3 2 0
etf-insight/handlers/operation_logs_handler.go:380.2,383.4 1 0
etf-insight/handlers/operation_logs_handler.go:400.57,402.16 2 0
etf-insight/handlers/operation_logs_handler.go:402.16,408.3 2 0
etf-insight/handlers/operation_logs_handler.go:410.2,413.4 1 0
etf-insight/handlers/optimization_handler.go:25.52,31.2 1 0
etf-insight/handlers/optimization_handler.go:84.59,86.47 2 0
etf-insight/handlers/optimization_handler.go:86.47,92.3 2 0
etf-insight/handlers/optimization_handler.go:95.2,95.48 1 0
etf-insight/handlers/optimization_handler.go:95.48,97.17 2 0
etf-insight/handlers/optimization_handler.go:97.17,103.4 2 0
etf-insight/handlers/optimization_handler.go:104.3,104.25 1 0
etf-insight/handlers/optimization_handler.go:104.25,106.4 1 0
etf-insight/handlers/optimization_handler.go:107.3,107.27 1 0
etf-insight/handlers/optimization_handler.go:107.27,109.4 1 0
etf-insight/handlers/optimization_handler.go:113.2,113.26 1 0
etf-insight/handlers/optimization_handler.go:113.26,115.3 1 0
etf-insight/handlers/optimization_handler.go:118.2,119.28 2 0
etf-insight/handlers/optimization_handler.go:119.28,120.40 1 0
etf-insight/handlers/optimization_handler.go:120.40,121.59 1 0
etf-insight/handlers/optimization_handler.go:121.59,123.5 1 0
etf-insight/handlers/optimization_handler.go:125.3,125.40 1 0
etf-insight/handlers/optimization_handler.go:125.40,126.59 1 0
etf-insight/handlers/optimization_handler.go:126.59,128.5 1 0
etf-insight/handlers/optimization_handler.go:130.3,131.61 2 0
etf-insight/handlers/optimization_handler.go:135.2,138.23 3 0
etf-insight/handlers/optimization_handler.go:139.24,140.93 1 0
etf-insight/handlers/optimization_handler.go:141.20,142.89 1 0
etf-insight/handlers/optimization_handler.go:143.23,144.28 1 0
etf-insight/handlers/optimization_handler.go:144.28,150.4 2 0
etf-insight/handlers/optimization_handler.go:151.3,151.113 1 0
etf-insight/handlers/optimization_handler.go:152.10,153.80 1 0
etf-insight/handlers/optimization_handler.go:156.2,156.16 1 0
etf-insight/handlers/optimization_handler.go:156.16,162.3 2 0
etf-insight/handlers/optimization_handler.go:164.2,167.4 1 0
etf-insight/handlers/optimization_handler.go:179.65,181.47 2 0
etf-insight/handlers/optimization_handler.go:181.47,187.3 2 0
etf-insight/handlers/optimization_handler.go:190.2,190.24 1 0
etf-insight/handlers/optimization_handler.go:190.24,192.3 1 0
etf-insight/handlers/optimization_handler.go:193.2,193.25 1 0
etf-insight/handlers/optimization_handler.go:193.25,195.3 1 0
etf-insight/handlers/optimization_handler.go:198.2,198.48 1 0
etf-insight/handlers/optimization_handler.go:198.48,200.17 2 0
etf-insight/handlers/optimization_handler.go:200.17,206.4 2 0
etf-insight/handlers/optimization_handler.go:207.3,207.25 1 0
etf-insight/handlers/optimization_handler.go:207.25,209.4 1 0
etf-insight/handlers/optimization_handler.go:210.3,210.27 1 0
etf-insight/handlers/optimization_handler.go:210.27,212.4 1 0
etf-insight/handlers/optimization_handler.go:216.2,217.28 2 0
etf-insight/handlers/optimization_handler.go:217.28,218.40 1 0
etf-insight/handlers/optimization_handler.go:218.40,219.59 1 0
etf-insight/handlers/optimization_handler.go:219.59,221.5 1 0
etf-insight/handlers/optimization_handler.go:223.3,223.40 1 0
etf-insight/handlers/optimization_handler.go:223.40,224.59 1 0
etf-insight/handlers/optimization_handler.go:224.59,226.5 1 0
etf-insight/handlers/optimization_handler.go:231.2,232.16 2 0
etf-insight/handlers/optimization_handler.go:232.16,238.3 2 0
etf-insight/handlers/optimization_handler.go:240.2,243.4 1 0
etf-insight/handlers/optimization_handler.go:255.73,257.47 2 0
etf-insight/handlers/optimization_handler.go:257.47,263.3 2 0
etf-insight/handlers/optimization_handler.go:266.2,271.4 2 0
etf-insight/handlers/optimization_handler.go:287.92,289.30 2 0
etf-insight/handlers/optimization_handler.go:289.30,291.3 1 0
etf-insight/handlers/optimization_handler.go:293.2,294.12 2 0
etf-insight/handlers/optimization_handler.go:294.12,296.3 1 0
etf-insight/handlers/optimization_handler.go:299.2,300.33 2 0
etf-insight/handlers/optimization_handler.go:300.33,302.21 2 0
etf-insight/handlers/optimization_handler.go:302.21,303.12 1 0
etf-insight/handlers/optimization_handler.go:305.3,306.26 2 0
etf-insight/handlers/optimization_handler.go:306.26,308.4 1 0
etf-insight/handlers/optimization_handler.go:309.3,309.43 1 0
etf-insight/handlers/optimization_handler.go:313.2,314.29 2 0
etf-insight/handlers/optimization_handler.go:314.29,316.30 2 0
etf-insight/handlers/optimization_handler.go:316.30,321.27 4 0
etf-insight/handlers/optimization_handler.go:321.27,323.5 1 0
etf-insight/handlers/optimization_handler.go:325.4,325.19 1 0
etf-insight/handlers/optimization_handler.go:325.19,327.13 2 0
etf-insight/handlers/optimization_handler.go:330.4,331.32 2 0
etf-insight/handlers/optimization_handler.go:331.32,333.5 1 0
etf-insight/handlers/optimization_handler.go:335.4,335.45 1 0
etf-insight/handlers/optimization_handler.go:339.2,339.18 1 0
etf-insight/handlers/optimization_handler.go:379.66,381.47 2 0
etf-insight/handlers/optimization_handler.go:381.47,387.3 2 0
etf-insight/handlers/optimization_handler.go:390.2,391.28 2 0
etf-insight/handlers/optimization_handler.go:391.28,392.40 1 0
etf-insight/handlers/optimization_handler.go:392.40,393.59 1 0
etf-insight/handlers/optimization_handler.go:393.59,395.5 1 0
etf-insight/handlers/optimization_handler.go:397.3,397.40 1 0
etf-insight/handlers/optimization_handler.go:397.40,398.59 1 0
etf-insight/handlers/optimization_handler.go:398.59,400.5 1 0
etf-insight/handlers/optimization_handler.go:402.3,404.55 3 0
etf-insight/handlers/optimization_handler.go:408.2,411.20 3 0
etf-insight/handlers/optimization_handler.go:412.21,413.97 1 0
etf-insight/handlers/optimization_handler.go:414.16,415.31 1 0
etf-insight/handlers/optimization_handler.go:415.31,421.4 2 0
etf-insight/handlers/optimization_handler.go:422.3,422.114 1 0
etf-insight/handlers/optimization_handler.go:423.10,424.87 1 0
etf-insight/handlers/optimization_handler.go:427.2,427.16 1 0
etf-insight/handlers/optimization_handler.go:427.16,433.3 2 0
etf-insight/handlers/optimization_handler.go:435.2,438.4 1 0
etf-insight/handlers/optimization_handler.go:485.70,487.47 2 0
etf-insight/handlers/optimization_handler.go:487.47,493.3 2 0
etf-insight/handlers/optimization_handler.go:496.2,496.17 1 0
etf-insight/handlers/optimization_handler.go:496.17,498.3 1 0
etf-insight/handlers/optimization_handler.go:499.2,499.26 1 0
etf-insight/handlers/optimization_handler.go:499.26,501.3 1 0
etf-insight/handlers/optimization_handler.go:504.2,505.40 2 0
etf-insight/handlers/optimization_handler.go:505.40,507.3 1 0
etf-insight/handlers/optimization_handler.go:508.2,509.28 2 0
etf-insight/handlers/optimization_handler.go:509.28,510.40 1 0
etf-insight/handlers/optimization_handler.go:510.40,511.59 1 0
etf-insight/handlers/optimization_handler.go:511.59,513.5 1 0
etf-insight/handlers/optimization_handler.go:515.3,515.40 1 0
etf-insight/handlers/optimization_handler.go:515.40,516.59 1 0
etf-insight/handlers/optimization_handler.go:516.59,518.5 1 0
etf-insight/handlers/optimization_handler.go:523.2,524.39 2 0
etf-insight/handlers/optimization_handler.go:524.39,526.22 2 0
etf-insight/handlers/optimization_handler.go:526.22,528.4 1 0
etf-insight/handlers/optimization_handler.go:529.3,534.5 1 0
etf-insight/handlers/optimization_handler.go:538.2,546.16 2 0
etf-insight/handlers/optimization_handler.go:546.16,552.3 2 0
etf-insight/handlers/optimization_handler.go:554.2,557.4 1 0
etf-insight/handlers/optimization_handler.go:583.68,585.47 2 0
etf-insight/handlers/optimization_handler.go:585.47,591.3 2 0
etf-insight/handlers/optimization_handler.go:593.2,594.23 2 0
etf-insight/handlers/optimization_handler.go:594.23,596.3 1 0
etf-insight/handlers/optimization_handler.go:598.2,607.4 2 0
etf-insight/handlers/optimization_handler.go:646.64,648.47 2 0
etf-insight/handlers/optimization_handler.go:648.47,654.3 2 0
etf-insight/handlers/optimization_handler.go:657.2,658.23 2 0
etf-insight/handlers/optimization_handler.go:658.23,660.17 2 0
etf-insight/handlers/optimization_handler.go:660.17,666.4 2 0
etf-insight/handlers/optimization_handler.go:667.3,667.23 1 0
etf-insight/handlers/optimization_handler.go:671.2,672.20 2 0
etf-insight/handlers/optimization_handler.go:673.12,674.19 1 0
etf-insight/handlers/optimization_handler.go:675.12,676.23 1 0
etf-insight/handlers/optimization_handler.go:677.12,678.23 1 0
etf-insight/handlers/optimization_handler.go:679.13,680.24 1 0
etf-insight/handlers/optimization_handler.go:683.2,687.37 3 0
etf-insight/handlers/optimization_handler.go:687.37,689.19 2 0
etf-insight/handlers/optimization_handler.go:689.19,691.4 1 0
etf-insight/handlers/optimization_handler.go:694.2,697.4 1 0
etf-insight/handlers/optimization_handler.go:701.89,706.36 2 0
etf-insight/handlers/optimization_handler.go:706.36,708.3 1 0
etf-insight/handlers/optimization_handler.go:710.2,710.23 1 0
etf-insight/handlers/optimization_handler.go:710.23,712.3 1 0
etf-insight/handlers/optimization_handler.go:715.2,716.22 2 0
etf-insight/handlers/optimization_handler.go:716.22,718.3 1 0
etf-insight/handlers/optimization_handler.go:721.2,722.28 2 0
etf-insight/handlers/optimization_handler.go:722.28,724.3 1 0
etf-insight/handlers/optimization_handler.go:727.2,728.33 2 0
etf-insight/handlers/optimization_handler.go:728.33,730.3 1 0
etf-insight/handlers/optimization_handler.go:731.2,737.33 4 0
etf-insight/handlers/optimization_handler.go:737.33,739.3 1 0
etf-insight/handlers/optimization_handler.go:740.2,746.27 5 0
etf-insight/handlers/optimization_handler.go:746.27,748.3 1 0
etf-insight/handlers/optimization_handler.go:751.2,756.86 4 0
etf-insight/handlers/optimization_handler.go:756.86,758.3 1 0
etf-insight/handlers/optimization_handler.go:761.2,772.35 2 0
etf-insight/handlers/optimization_handler.go:772.35,774.3 1 0
etf-insight/handlers/optimization_handler.go:776.2,776.14 1 0
etf-insight/handlers/optimization_handler.go:780.71,781.23 1 0
etf-insight/handlers/optimization_handler.go:781.23,783.3 1 0
etf-insight/handlers/optimization_handler.go:786.2,789.31 3 0
etf-insight/handlers/optimization_handler.go:789.31,791.30 2 0
etf-insight/handlers/optimization_handler.go:791.30,793.4 1 0
etf-insight/handlers/optimization_handler.go:794.3,794.37 1 0
etf-insight/handlers/optimization_handler.go:794.37,796.41 2 0
etf-insight/handlers/optimization_handler.go:796.41,798.5 1 0
etf-insight/handlers/optimization_handler.go:802.2,803.11 2 0
etf-insight/handlers/optimization_handler.go:807.55,809.27 1 0
etf-insight/handlers/optimization_handler.go:809.27,811.3 1 0
etf-insight/handlers/optimization_handler.go:814.2,814.55 1 0
etf-insight/handlers/optimization_handler.go:814.55,816.3 1 0
etf-insight/handlers/optimization_handler.go:819.2,819.56 1 0
etf-insight/handlers/optimization_handler.go:819.56,821.3 1 0
etf-insight/handlers/optimization_handler.go:824.2,824.47 1 0
etf-insight/handlers/optimization_handler.go:824.47,826.3 1 0
etf-insight/handlers/optimization_handler.go:829.2,829.54 1 0
etf-insight/handlers/optimization_handler.go:829.54,831.3 1 0
etf-insight/handlers/optimization_handler.go:833.2,833.13 1 0
etf-insight/handlers/optimization_handler.go:837.137,840.33 2 0
etf-insight/handlers/optimization_handler.go:840.33,842.112 2 0
etf-insight/handlers/optimization_handler.go:842.112,844.4 1 0
etf-insight/handlers/optimization_handler.go:845.3,845.23 1 0
etf-insight/handlers/optimization_handler.go:845.23,847.4 1 0
etf-insight/handlers/optimization_handler.go:848.3,848.29 1 0
etf-insight/handlers/optimization_handler.go:852.2,855.40 3 0
etf-insight/handlers/optimization_handler.go:855.40,857.36 2 0
etf-insight/handlers/optimization_handler.go:857.36,858.56 1 0
etf-insight/handlers/optimization_handler.go:858.56,862.5 3 0
etf-insight/handlers/optimization_handler.go:864.3,867.23 2 0
etf-insight/handlers/optimization_handler.go:867.23,869.30 2 0
etf-insight/handlers/optimization_handler.go:869.30,871.5 1 0
etf-insight/handlers/optimization_handler.go:872.4,874.60 2 0
etf-insight/handlers/optimization_handler.go:879.2,881.40 2 0
etf-insight/handlers/portfolio_handler.go:19.90,24.2 1 1
etf-insight/handlers/portfolio_handler.go:61.73,136.2 2 0
etf-insight/handlers/portfolio_handler.go:138.61,140.47 2 1
etf-insight/handlers/portfolio_handler.go:140.47,146.3 2 1
etf-insight/handlers/portfolio_handler.go:148.2,148.30 1 1
etf-insight/handlers/portfolio_handler.go:148.30,150.3 1 1
etf-insight/handlers/portfolio_handler.go:151.2,151.22 1 1
etf-insight/handlers/portfolio_handler.go:151.22,153.3 1 1
etf-insight/handlers/portfolio_handler.go:155.2,161.16 2 1
etf-insight/handlers/portfolio_handler.go:161.16,167.3 2 0
etf-insight/handlers/portfolio_handler.go:169.2,188.4 2 1
etf-insight/handlers/portfolio_handler.go:197.61,199.47 2 0
etf-insight/handlers/portfolio_handler.go:199.47,205.3 2 0
etf-insight/handlers/portfolio_handler.go:207.2,207.30 1 0
etf-insight/handlers/portfolio_handler.go:207.30,213.3 2 0
etf-insight/handlers/portfolio_handler.go:215.2,215.60 1 0
etf-insight/handlers/portfolio_handler.go:215.60,221.3 2 0
etf-insight/handlers/portfolio_handler.go:223.2,223.29 1 0
etf-insight/handlers/portfolio_handler.go:223.29,228.3 1 0
etf-insight/handlers/portfolio_handler.go:230.2,235.16 2 0
etf-insight/handlers/portfolio_handler.go:235.16,241.3 2 0
etf-insight/handlers/portfolio_handler.go:243.2,246.4 1 0
etf-insight/handlers/portfolio_handler.go:250.64,253.25 3 1
etf-insight/handlers/portfolio_handler.go:253.25,259.3 2 0
etf-insight/handlers/portfolio_handler.go:261.2,262.33 2 1
etf-insight/handlers/portfolio_handler.go:262.33,264.80 2 1
etf-insight/handlers/portfolio_handler.go:264.80,266.4 1 0
etf-insight/handlers/portfolio_handler.go:268.3,279.5 1 1
etf-insight/handlers/portfolio_handler.go:282.2,285.4 1 1
etf-insight/handlers/portfolio_handler.go:289.63,293.59 3 1
etf-insight/handlers/portfolio_handler.go:293.59,299.3 2 1
etf-insight/handlers/portfolio_handler.go:301.2,302.79 2 1
etf-insight/handlers/portfolio_handler.go:302.79,304.3 1 0
etf-insight/handlers/portfolio_handler.go:306.2,320.4 1 1
etf-insight/handlers/portfolio_handler.go:324.66,326.47 2 1
etf-insight/handlers/portfolio_handler.go:326.47,332.3 2 1
etf-insight/handlers/portfolio_handler.go:335.2,336.16 2 1
etf-insight/handlers/portfolio_handler.go:336.16,342.3 2 0
etf-insight/handlers/portfolio_handler.go:345.2,346.29 2 1
etf-insight/handlers/portfolio_handler.go:346.29,348.3 1 1
etf-insight/handlers/portfolio_handler.go:350.2,351.21 2 1
etf-insight/handlers/portfolio_handler.go:351.21,353.3 1 1
etf-insight/handlers/portfolio_handler.go:356.2,356.19 1 1
etf-insight/handlers/portfolio_handler.go:356.19,358.3 1 0
etf-insight/handlers/portfolio_handler.go:360.2,370.56 2 1
etf-insight/handlers/portfolio_handler.go:370.56,376.3 2 0
etf-insight/handlers/portfolio_handler.go:378.2,392.4 1 1
etf-insight/handlers/portfolio_handler.go:396.66,400.59 3 1
etf-insight/handlers/portfolio_handler.go:400.59,406.3 2 0
etf-insight/handlers/portfolio_handler.go:408.2,409.47 2 1
etf-insight/handlers/portfolio_handler.go:409.47,415.3 2 0
etf-insight/handlers/portfolio_handler.go:418.2,418.20 1 1
etf-insight/handlers/portfolio_handler.go:418.20,420.3 1 1
etf-insight/handlers/portfolio_handler.go:421.2,421.27 1 1
etf-insight/handlers/portfolio_handler.go:421.27,423.3 1 0
etf-insight/handlers/portfolio_handler.go:424.2,424.54 1 1
etf-insight/handlers/portfolio_handler.go:424.54,426.17 2 1
etf-insight/handlers/portfolio_handler.go:426.17,432.4 2 0
etf-insight/handlers/portfolio_handler.go:433.3,433.45 1 1
etf-insight/handlers/portfolio_handler.go:435.2,435.29 1 1
etf-insight/handlers/portfolio_handler.go:435.29,437.3 1 0
etf-insight/handlers/portfolio_handler.go:438.2,438.22 1 1
etf-insight/handlers/portfolio_handler.go:438.22,440.3 1 1
etf-insight/handlers/portfolio_handler.go:443.2,443.40 1 1
etf-insight/handlers/portfolio_handler.go:443.40,446.3 2 0
etf-insight/handlers/portfolio_handler.go:446.8,446.46 1 1
etf-insight/handlers/portfolio_handler.go:446.46,448.3 1 0
etf-insight/handlers/portfolio_handler.go:450.2,450.54 1 1
etf-insight/handlers/portfolio_handler.go:450.54,456.3 2 0
etf-insight/handlers/portfolio_handler.go:458.2,475.4 3 1
etf-insight/handlers/portfolio_handler.go:479.66,483.59 3 1
etf-insight/handlers/portfolio_handler.go:483.59,489.3 2 0
etf-insight/handlers/portfolio_handler.go:491.2,491.56 1 1
etf-insight/handlers/portfolio_handler.go:491.56,497.3 2 0
etf-insight/handlers/portfolio_handler.go:499.2,502.4 1 1
etf-insight/handlers/portfolio_handler.go:506.72,510.59 3 0
etf-insight/handlers/portfolio_handler.go:510.59,516.3 2 0
etf-insight/handlers/portfolio_handler.go:519.2,520.24 2 0
etf-insight/handlers/portfolio_handler.go:520.24,522.3 1 0
etf-insight/handlers/portfolio_handler.go:523.2,525.54 2 0
etf-insight/handlers/portfolio_handler.go:525.54,531.3 2 0
etf-insight/handlers/portfolio_handler.go:533.2,546.4 3 0
etf-insight/handlers/portfolio_handler.go:550.67,554.59 3 0
etf-insight/handlers/portfolio_handler.go:554.59,560.3 2 0
etf-insight/handlers/portfolio_handler.go:562.2,565.47 2 0
etf-insight/handlers/portfolio_handler.go:565.47,567.3 1 0
etf-insight/handlers/portfolio_handler.go:568.2,568.22 1 0
etf-insight/handlers/portfolio_handler.go:568.22,570.3 1 0
etf-insight/handlers/portfolio_handler.go:573.2,574.79 2 0
etf-insight/handlers/portfolio_handler.go:574.79,580.3 2 0
etf-insight/handlers/portfolio_handler.go:582.2,587.16 2 0
etf-insight/handlers/portfolio_handler.go:587.16,593.3 2 0
etf-insight/handlers/portfolio_handler.go:595.2,616.4 2 0
etf-insight/handlers/portfolio_handler_risk.go:22.65,24.47 2 0
etf-insight/handlers/portfolio_handler_risk.go:24.47,30.3 2 0
etf-insight/handlers/portfolio_handler_risk.go:32.2,32.29 1 0
etf-insight/handlers/portfolio_handler_risk.go:32.29,38.3 2 0
etf-insight/handlers/portfolio_handler_risk.go:41.2,42.40 2 0
etf-insight/handlers/portfolio_handler_risk.go:42.40,44.3 1 0
etf-insight/handlers/portfolio_handler_risk.go:46.2,47.18 2 0
etf-insight/handlers/portfolio_handler_risk.go:47.18,49.3 1 0
etf-insight/handlers/portfolio_handler_risk.go:52.2,53.16 2 0
etf-insight/handlers/portfolio_handler_risk.go:54.12,55.12 1 0
etf-insight/handlers/portfolio_handler_risk.go:56.12,57.13 1 0
etf-insight/handlers/portfolio_handler_risk.go:58.12,59.13 1 0
etf-insight/handlers/portfolio_handler_risk.go:60.12,61.13 1 0
etf-insight/handlers/portfolio_handler_risk.go:62.12,63.14 1 0
etf-insight/handlers/portfolio_handler_risk.go:67.2,70.36 3 0
etf-insight/handlers/portfolio_handler_risk.go:70.36,75.58 2 0
etf-insight/handlers/portfolio_handler_risk.go:75.58,81.4 2 0
etf-insight/handlers/portfolio_handler_risk.go:82.3,86.34 3 0
etf-insight/handlers/portfolio_handler_risk.go:90.2,93.39 3 0
etf-insight/handlers/portfolio_handler_risk.go:93.39,95.46 2 0
etf-insight/handlers/portfolio_handler_risk.go:95.46,96.30 1 0
etf-insight/handlers/portfolio_handler_risk.go:96.30,99.5 2 0
etf-insight/handlers/portfolio_handler_risk.go:101.3,101.63 1 0
etf-insight/handlers/portfolio_handler_risk.go:105.2,109.16 3 0
etf-insight/handlers/portfolio_handler_risk.go:109.16,115.3 2 0
etf-insight/handlers/portfolio_handler_risk.go:118.2,120.16 3 0
etf-insight/handlers/portfolio_handler_risk.go:120.16,126.3 2 0
etf-insight/handlers/portfolio_handler_risk.go:129.2,130.44 2 0
etf-insight/handlers/portfolio_handler_risk.go:130.44,131.71 1 0
etf-insight/handlers/portfolio_handler_risk.go:131.71,135.45 4 0
etf-insight/handlers/portfolio_handler_risk.go:135.45,137.5 1 0
etf-insight/handlers/portfolio_handler_risk.go:139.4,144.6 1 0
etf-insight/handlers/portfolio_handler_risk.go:149.2,171.4 2 0
etf-insight/handlers/portfolio_handler_risk.go:175.57,176.19 1 0
etf-insight/handlers/portfolio_handler_risk.go:176.19,178.3 1 0
etf-insight/handlers/portfolio_handler_risk.go:179.2,179.11 1 0
etf-insight/handlers/portfolio_handler_risk.go:183.46,184.21 1 0
etf-insight/handlers/portfolio_handler_risk.go:184.21,186.3 1 0
etf-insight/handlers/portfolio_handler_risk.go:186.8,186.28 1 0
etf-insight/handlers/portfolio_handler_risk.go:186.28,188.3 1 0
etf-insight/handlers/portfolio_handler_risk.go:189.2,189.15 1 0
etf-insight/handlers/portfolio_optimizer_handler.go:16.102,20.2 1 0
etf-insight/handlers/portfolio_optimizer_handler.go:37.71,39.47 2 0
etf-insight/handlers/portfolio_optimizer_handler.go:39.47,45.3 2 0
etf-insight/handlers/portfolio_optimizer_handler.go:47.2,47.26 1 0
etf-insight/handlers/portfolio_optimizer_handler.go:47.26,53.3 2 0
etf-insight/handlers/portfolio_optimizer_handler.go:55.2,55.27 1 0
etf-insight/handlers/portfolio_optimizer_handler.go:55.27,61.3 2 0
etf-insight/handlers/portfolio_optimizer_handler.go:63.2,64.30 2 0
etf-insight/handlers/portfolio_optimizer_handler.go:65.20,66.47 1 0
etf-insight/handlers/portfolio_optimizer_handler.go:67.24,68.51 1 0
etf-insight/handlers/portfolio_optimizer_handler.go:69.22,70.49 1 0
etf-insight/handlers/portfolio_optimizer_handler.go:73.2,74.27 2 0
etf-insight/handlers/portfolio_optimizer_handler.go:74.27,76.3 1 0
etf-insight/handlers/portfolio_optimizer_handler.go:78.2,79.24 2 0
etf-insight/handlers/portfolio_optimizer_handler.go:79.24,81.3 1 0
etf-insight/handlers/portfolio_optimizer_handler.go:83.2,84.24 2 0
etf-insight/handlers/portfolio_optimizer_handler.go:84.24,86.3 1 0
etf-insight/handlers/portfolio_optimizer_handler.go:88.2,100.16 3 0
etf-insight/handlers/portfolio_optimizer_handler.go:100.16,106.3 2 0
etf-insight/handlers/portfolio_optimizer_handler.go:108.2,109.45 2 0
etf-insight/handlers/portfolio_optimizer_handler.go:109.45,111.3 1 0
etf-insight/handlers/portfolio_optimizer_handler.go:113.2,125.33 2 0
etf-insight/handlers/portfolio_optimizer_handler.go:128.74,130.47 2 0
etf-insight/handlers/portfolio_optimizer_handler.go:130.47,136.3 2 0
etf-insight/handlers/portfolio_optimizer_handler.go:138.2,139.27 2 0
etf-insight/handlers/portfolio_optimizer_handler.go:139.27,141.3 1 0
etf-insight/handlers/portfolio_optimizer_handler.go:143.2,154.16 3 0
etf-insight/handlers/portfolio_optimizer_handler.go:154.16,160.3 2 0
etf-insight/handlers/portfolio_optimizer_handler.go:162.2,163.33 2 0
etf-insight/handlers/portfolio_optimizer_handler.go:163.33,165.45 2 0
etf-insight/handlers/portfolio_optimizer_handler.go:165.45,167.4 1 0
etf-insight/handlers/portfolio_optimizer_handler.go:168.3,172.5 1 0
etf-insight/handlers/portfolio_optimizer_handler.go:175.2,181.4 1 0
etf-insight/handlers/portfolio_penetration.go:22.79,27.2 1 0
etf-insight/handlers/portfolio_penetration.go:31.83,42.47 2 0
etf-insight/handlers/portfolio_penetration.go:42.47,49.3 2 0
etf-insight/handlers/portfolio_penetration.go:52.2,53.20 2 0
etf-insight/handlers/portfolio_penetration.go:53.20,56.17 3 0
etf-insight/handlers/portfolio_penetration.go:56.17,63.4 2 0
etf-insight/handlers/portfolio_penetration.go:67.2,68.33 2 0
etf-insight/handlers/portfolio_penetration.go:68.33,74.3 1 0
etf-insight/handlers/portfolio_penetration.go:77.2,78.16 2 0
etf-insight/handlers/portfolio_penetration.go:78.16,86.3 3 0
etf-insight/handlers/portfolio_penetration.go:89.2,90.54 2 0
etf-insight/handlers/portfolio_penetration.go:90.54,95.3 1 0
etf-insight/handlers/portfolio_penetration.go:98.2,99.56 2 0
etf-insight/handlers/portfolio_penetration.go:99.56,104.3 1 0
etf-insight/handlers/portfolio_penetration.go:107.2,108.39 2 0
etf-insight/handlers/portfolio_penetration.go:108.39,117.3 1 0
etf-insight/handlers/portfolio_penetration.go:119.2,137.4 1 0
etf-insight/handlers/portfolio_penetration.go:142.73,157.47 2 0
etf-insight/handlers/portfolio_penetration.go:157.47,164.3 2 0
etf-insight/handlers/portfolio_penetration.go:167.2,168.20 2 0
etf-insight/handlers/portfolio_penetration.go:168.20,171.17 3 0
etf-insight/handlers/portfolio_penetration.go:171.17,178.4 2 0
etf-insight/handlers/portfolio_penetration.go:182.2,183.35 2 0
etf-insight/handlers/portfolio_penetration.go:183.35,189.3 1 0
etf-insight/handlers/portfolio_penetration.go:190.2,190.35 1 0
etf-insight/handlers/portfolio_penetration.go:190.35,196.3 1 0
etf-insight/handlers/portfolio_penetration.go:199.2,200.16 2 0
etf-insight/handlers/portfolio_penetration.go:200.16,208.3 3 0
etf-insight/handlers/portfolio_penetration.go:210.2,219.4 1 0
etf-insight/handlers/portfolio_penetration.go:224.73,234.47 2 0
etf-insight/handlers/portfolio_penetration.go:234.47,241.3 2 0
etf-insight/handlers/portfolio_penetration.go:243.2,244.20 2 0
etf-insight/handlers/portfolio_penetration.go:244.20,247.17 3 0
etf-insight/handlers/portfolio_penetration.go:247.17,254.4 2 0
etf-insight/handlers/portfolio_penetration.go:257.2,258.33 2 0
etf-insight/handlers/portfolio_penetration.go:258.33,263.3 1 0
etf-insight/handlers/portfolio_penetration.go:265.2,266.16 2 0
etf-insight/handlers/portfolio_penetration.go:266.16,274.3 3 0
etf-insight/handlers/portfolio_penetration.go:276.2,282.4 1 0
etf-insight/handlers/portfolio_penetration.go:286.73,287.19 1 0
etf-insight/handlers/portfolio_penetration.go:287.19,289.3 1 0
etf-insight/handlers/portfolio_penetration.go:291.2,292.54 2 0
etf-insight/handlers/portfolio_penetration.go:292.54,297.3 1 0
etf-insight/handlers/portfolio_penetration.go:299.2,300.56 2 0
etf-insight/handlers/portfolio_penetration.go:300.56,305.3 1 0
etf-insight/handlers/portfolio_penetration.go:307.2,308.39 2 0
etf-insight/handlers/portfolio_penetration.go:308.39,316.3 1 0
etf-insight/handlers/portfolio_penetration.go:318.2,331.3 1 0
etf-insight/handlers/report_handler.go:17.77,21.2 1 0
etf-insight/handlers/report_handler.go:50.54,52.16 2 0
etf-insight/handlers/report_handler.go:52.16,59.3 2 0
etf-insight/handlers/report_handler.go:61.2,64.4 1 0
etf-insight/handlers/report_handler.go:68.61,70.16 2 0
etf-insight/handlers/report_handler.go:70.16,77.3 2 0
etf-insight/handlers/report_handler.go:79.2,82.4 1 0
etf-insight/handlers/report_handler.go:86.53,88.16 2 0
etf-insight/handlers/report_handler.go:88.16,94.3 2 0
etf-insight/handlers/report_handler.go:96.2,97.16 2 0
etf-insight/handlers/report_handler.go:97.16,103.3 2 0
etf-insight/handlers/report_handler.go:105.2,108.4 1 0
etf-insight/handlers/report_handler.go:112.56,114.47 2 0
etf-insight/handlers/report_handler.go:114.47,120.3 2 0
etf-insight/handlers/report_handler.go:122.2,129.65 2 0
etf-insight/handlers/report_handler.go:129.65,136.3 2 0
etf-insight/handlers/report_handler.go:138.2,142.4 1 0
etf-insight/handlers/report_handler.go:146.56,148.16 2 0
etf-insight/handlers/report_handler.go:148.16,154.3 2 0
etf-insight/handlers/report_handler.go:156.2,157.47 2 0
etf-insight/handlers/report_handler.go:157.47,163.3 2 0
etf-insight/handlers/report_handler.go:165.2,166.16 2 0
etf-insight/handlers/report_handler.go:166.16,172.3 2 0
etf-insight/handlers/report_handler.go:174.2,174.20 1 0
etf-insight/handlers/report_handler.go:174.20,176.3 1 0
etf-insight/handlers/report_handler.go:177.2,177.27 1 0
etf-insight/handlers/report_handler.go:177.27,179.3 1 0
etf-insight/handlers/report_handler.go:181.2,181.65 1 0
etf-insight/handlers/report_handler.go:181.65,188.3 2 0
etf-insight/handlers/report_handler.go:190.2,194.4 1 0
etf-insight/handlers/report_handler.go:198.56,200.16 2 0
etf-insight/handlers/report_handler.go:200.16,206.3 2 0
etf-insight/handlers/report_handler.go:208.2,208.65 1 0
etf-insight/handlers/report_handler.go:208.65,215.3 2 0
etf-insight/handlers/report_handler.go:217.2,220.4 1 0
etf-insight/handlers/report_handler.go:226.56,228.47 2 0
etf-insight/handlers/report_handler.go:228.47,234.3 2 0
etf-insight/handlers/report_handler.go:236.2,242.16 2 0
etf-insight/handlers/report_handler.go:242.16,249.3 2 0
etf-insight/handlers/report_handler.go:251.2,255.4 1 0
etf-insight/handlers/report_handler.go:259.51,261.16 2 0
etf-insight/handlers/report_handler.go:261.16,267.3 2 0
etf-insight/handlers/report_handler.go:269.2,270.16 2 0
etf-insight/handlers/report_handler.go:270.16,276.3 2 0
etf-insight/handlers/report_handler.go:278.2,281.4 1 0
etf-insight/handlers/report_handler.go:285.52,289.14 3 0
etf-insight/handlers/report_handler.go:289.14,291.3 1 0
etf-insight/handlers/report_handler.go:292.2,292.36 1 0
etf-insight/handlers/report_handler.go:292.36,294.3 1 0
etf-insight/handlers/report_handler.go:296.2,297.16 2 0
etf-insight/handlers/report_handler.go:297.16,304.3 2 0
etf-insight/handlers/report_handler.go:306.2,315.4 1 0
etf-insight/handlers/report_handler.go:319.54,321.16 2 0
etf-insight/handlers/report_handler.go:321.16,327.3 2 0
etf-insight/handlers/report_handler.go:329.2,329.63 1 0
etf-insight/handlers/report_handler.go:329.63,336.3 2 0
etf-insight/handlers/report_handler.go:338.2,341.4 1 0
etf-insight/handlers/report_handler.go:345.56,347.16 2 0
etf-insight/handlers/report_handler.go:347.16,353.3 2 0
etf-insight/handlers/report_handler.go:355.2,356.16 2 0
etf-insight/handlers/report_handler.go:356.16,362.3 2 0
etf-insight/handlers/report_handler.go:364.2,364.51 1 0
etf-insight/handlers/report_handler.go:364.51,370.3 2 0
etf-insight/handlers/report_handler.go:373.2,380.4 1 0
etf-insight/handlers/universal_etf_handler.go:20.52,24.2 1 0
etf-insight/handlers/universal_etf_handler.go:40.69,41.58 1 0
etf-insight/handlers/universal_etf_handler.go:41.58,47.3 2 0
etf-insight/handlers/universal_etf_handler.go:49.2,52.4 1 0
etf-insight/handlers/universal_etf_handler.go:70.62,74.16 3 0
etf-insight/handlers/universal_etf_handler.go:74.16,80.3 2 0
etf-insight/handlers/universal_etf_handler.go:82.2,85.4 1 0
etf-insight/handlers/universal_etf_handler.go:103.58,105.16 2 0
etf-insight/handlers/universal_etf_handler.go:105.16,111.3 2 0
etf-insight/handlers/universal_etf_handler.go:113.2,117.4 1 0
etf-insight/handlers/universal_etf_handler.go:136.67,141.16 4 0
etf-insight/handlers/universal_etf_handler.go:141.16,147.3 2 0
etf-insight/handlers/universal_etf_handler.go:149.2,153.4 1 0
etf-insight/handlers/universal_etf_handler.go:172.63,177.16 4 0
etf-insight/handlers/universal_etf_handler.go:177.16,183.3 2 0
etf-insight/handlers/universal_etf_handler.go:185.2,189.4 1 0
etf-insight/handlers/universal_etf_handler.go:208.61,213.16 4 0
etf-insight/handlers/universal_etf_handler.go:213.16,219.3 2 0
etf-insight/handlers/universal_etf_handler.go:221.2,225.4 1 0
etf-insight/handlers/universal_etf_handler.go:244.58,246.19 2 0
etf-insight/handlers/universal_etf_handler.go:246.19,252.3 2 0
etf-insight/handlers/universal_etf_handler.go:254.2,255.16 2 0
etf-insight/handlers/universal_etf_handler.go:255.16,261.3 2 0
etf-insight/handlers/universal_etf_handler.go:263.2,267.4 1 0
etf-insight/handlers/universal_etf_handler.go:299.58,301.47 2 0
etf-insight/handlers/universal_etf_handler.go:301.47,307.3 2 0
etf-insight/handlers/universal_etf_handler.go:309.2,321.16 3 0
etf-insight/handlers/universal_etf_handler.go:321.16,327.3 2 0
etf-insight/handlers/universal_etf_handler.go:329.2,333.4 1 0
etf-insight/handlers/universal_etf_handler.go:350.73,352.16 2 0
etf-insight/handlers/universal_etf_handler.go:352.16,358.3 2 0
etf-insight/handlers/universal_etf_handler.go:360.2,363.4 1 0
etf-insight/handlers/universal_etf_handler.go:380.69,382.16 2 0
etf-insight/handlers/universal_etf_handler.go:382.16,388.3 2 0
etf-insight/handlers/universal_etf_handler.go:390.2,393.4 1 0
etf-insight/handlers/universal_etf_handler.go:418.59,420.47 2 0
etf-insight/handlers/universal_etf_handler.go:420.47,426.3 2 0
etf-insight/handlers/universal_etf_handler.go:428.2,428.26 1 0
etf-insight/handlers/universal_etf_handler.go:428.26,434.3 2 0
etf-insight/handlers/universal_etf_handler.go:436.2,437.16 2 0
etf-insight/handlers/universal_etf_handler.go:437.16,443.3 2 0
etf-insight/handlers/universal_etf_handler.go:445.2,449.4 1 0
etf-insight/handlers/universal_etf_handler.go:468.70,470.20 2 0
etf-insight/handlers/universal_etf_handler.go:470.20,472.3 1 0
etf-insight/handlers/universal_etf_handler.go:474.2,475.16 2 0
etf-insight/handlers/universal_etf_handler.go:475.16,481.3 2 0
etf-insight/handlers/universal_etf_handler.go:483.2,487.4 1 0
etf-insight/handlers/universal_etf_handler.go:507.61,563.2 5 0
etf-insight/handlers/universal_etf_handler.go:583.64,585.18 2 0
etf-insight/handlers/universal_etf_handler.go:585.18,587.3 1 0
etf-insight/handlers/universal_etf_handler.go:589.2,591.16 3 0
etf-insight/handlers/universal_etf_handler.go:591.16,593.3 1 0
etf-insight/handlers/universal_etf_handler.go:596.2,597.16 2 0
etf-insight/handlers/universal_etf_handler.go:597.16,603.3 2 0
etf-insight/handlers/universal_etf_handler.go:606.2,607.16 2 0
etf-insight/handlers/universal_etf_handler.go:608.12,609.44 1 0
etf-insight/handlers/universal_etf_handler.go:610.12,611.44 1 0
etf-insight/handlers/universal_etf_handler.go:612.12,613.44 1 0
etf-insight/handlers/universal_etf_handler.go:614.12,615.44 1 0
etf-insight/handlers/universal_etf_handler.go:616.13,617.45 1 0
etf-insight/handlers/universal_etf_handler.go:618.10,619.20 1 0
etf-insight/handlers/universal_etf_handler.go:623.2,623.29 1 0
etf-insight/handlers/universal_etf_handler.go:623.29,625.3 1 0
etf-insight/handlers/universal_etf_handler.go:627.2,632.4 1 0
etf-insight/handlers/universal_etf_handler.go:636.88,640.2 1 0
etf-insight/middleware/audit.go:21.54,24.2 2 1
etf-insight/middleware/audit.go:26.36,27.30 1 1
etf-insight/middleware/audit.go:27.30,35.28 6 1
etf-insight/middleware/audit.go:35.28,38.4 2 1
etf-insight/middleware/audit.go:40.3,58.27 8 1
etf-insight/middleware/audit.go:58.27,60.53 2 1
etf-insight/middleware/audit.go:60.53,62.43 2 1
etf-insight/middleware/audit.go:62.43,63.38 1 1
etf-insight/middleware/audit.go:63.38,65.7 1 1
etf-insight/middleware/audit.go:67.5,67.40 1 1
etf-insight/middleware/audit.go:71.3,88.77 3 1
etf-insight/middleware/audit.go:88.77,90.4 1 1
etf-insight/middleware/audit.go:93.3,93.23 1 1
etf-insight/middleware/audit.go:93.23,96.4 2 0
etf-insight/middleware/audit.go:99.3,100.33 2 1
etf-insight/middleware/audit.go:100.33,101.54 1 1
etf-insight/middleware/audit.go:101.54,103.5 1 0
etf-insight/middleware/audit.go:104.9,105.34 1 0
etf-insight/middleware/audit.go:105.34,106.55 1 0
etf-insight/middleware/audit.go:106.55,108.6 1 0
etf-insight/middleware/audit.go:114.37,115.14 1 1
etf-insight/middleware/audit.go:115.14,117.3 1 1
etf-insight/middleware/audit.go:118.2,118.29 1 1
etf-insight/middleware/audit.go:118.29,120.3 1 1
etf-insight/middleware/audit.go:121.2,121.11 1 1
etf-insight/middleware/audit.go:124.42,125.20 1 1
etf-insight/middleware/audit.go:125.20,127.3 1 1
etf-insight/middleware/audit.go:128.2,129.21 2 1
etf-insight/middleware/audit.go:129.21,131.3 1 1
etf-insight/middleware/audit.go:132.2,132.28 1 1
etf-insight/middleware/audit.go:135.38,138.33 3 1
etf-insight/middleware/audit.go:138.33,139.21 1 1
etf-insight/middleware/audit.go:139.21,140.24 1 1
etf-insight/middleware/audit.go:140.24,143.5 2 1
etf-insight/middleware/audit.go:144.9,146.4 1 1
etf-insight/middleware/audit.go:148.2,148.22 1 1
etf-insight/middleware/audit.go:148.22,150.3 1 1
etf-insight/middleware/audit.go:151.2,151.14 1 1
etf-insight/middleware/security.go:24.67,34.2 3 1
etf-insight/middleware/security.go:36.42,37.6 1 1
etf-insight/middleware/security.go:37.6,40.34 3 1
etf-insight/middleware/security.go:40.34,41.42 1 0
etf-insight/middleware/security.go:41.42,43.5 1 0
etf-insight/middleware/security.go:45.3,45.17 1 0
etf-insight/middleware/security.go:49.46,54.13 4 1
etf-insight/middleware/security.go:54.13,60.3 2 1
etf-insight/middleware/security.go:62.2,62.40 1 1
etf-insight/middleware/security.go:62.40,66.3 3 1
etf-insight/middleware/security.go:68.2,68.25 1 1
etf-insight/middleware/security.go:68.25,70.3 1 1
etf-insight/middleware/security.go:72.2,74.13 3 1
etf-insight/middleware/security.go:79.36,80.30 1 1
etf-insight/middleware/security.go:80.30,83.25 2 1
etf-insight/middleware/security.go:83.25,89.4 3 1
etf-insight/middleware/security.go:91.3,91.11 1 1
etf-insight/middleware/security.go:95.40,96.30 1 1
etf-insight/middleware/security.go:96.30,105.53 8 1
etf-insight/middleware/security.go:105.53,109.4 3 1
etf-insight/middleware/security.go:111.3,111.11 1 1
etf-insight/middleware/security.go:118.39,119.30 1 0
etf-insight/middleware/security.go:119.30,122.3 1 0
etf-insight/middleware/validation.go:31.43,33.23 2 1
etf-insight/middleware/validation.go:33.23,35.3 1 1
etf-insight/middleware/validation.go:36.2,36.33 1 1
etf-insight/middleware/validation.go:39.60,40.30 1 1
etf-insight/middleware/validation.go:40.30,41.32 1 1
etf-insight/middleware/validation.go:41.32,44.4 2 1
etf-insight/middleware/validation.go:46.3,47.49 2 1
etf-insight/middleware/validation.go:47.49,55.4 3 1
etf-insight/middleware/validation.go:57.3,58.22 2 1
etf-insight/middleware/validation.go:58.22,67.4 3 1
etf-insight/middleware/validation.go:69.3,69.11 1 1
etf-insight/middleware/validation.go:73.89,76.29 2 1
etf-insight/middleware/validation.go:76.29,79.30 2 1
etf-insight/middleware/validation.go:79.30,80.21 1 1
etf-insight/middleware/validation.go:80.21,82.5 1 1
etf-insight/middleware/validation.go:83.4,83.12 1 1
etf-insight/middleware/validation.go:86.3,86.20 1 1
etf-insight/middleware/validation.go:87.17,88.54 1 1
etf-insight/middleware/validation.go:88.54,90.5 1 1
etf-insight/middleware/validation.go:91.33,92.54 1 1
etf-insight/middleware/validation.go:92.54,94.5 1 1
etf-insight/middleware/validation.go:95.16,96.47 1 1
etf-insight/middleware/validation.go:96.47,98.5 1 1
etf-insight/middleware/validation.go:102.2,102.15 1 1
etf-insight/middleware/validation.go:105.78,107.9 2 1
etf-insight/middleware/validation.go:107.9,109.3 1 0
etf-insight/middleware/validation.go:111.2,111.50 1 1
etf-insight/middleware/validation.go:111.50,113.3 1 1
etf-insight/middleware/validation.go:115.2,115.50 1 1
etf-insight/middleware/validation.go:115.50,117.3 1 0
etf-insight/middleware/validation.go:119.2,119.59 1 1
etf-insight/middleware/validation.go:119.59,121.3 1 1
etf-insight/middleware/validation.go:123.2,123.24 1 1
etf-insight/middleware/validation.go:123.24,125.31 2 1
etf-insight/middleware/validation.go:125.31,126.16 1 1
etf-insight/middleware/validation.go:126.16,128.10 2 0
etf-insight/middleware/validation.go:131.3,131.13 1 1
etf-insight/middleware/validation.go:131.13,133.4 1 1
etf-insight/middleware/validation.go:136.2,136.12 1 1
etf-insight/middleware/validation.go:139.78,142.27 2 1
etf-insight/middleware/validation.go:143.15,144.10 1 1
etf-insight/middleware/validation.go:145.15,146.19 1 0
etf-insight/middleware/validation.go:147.11,148.19 1 0
etf-insight/middleware/validation.go:149.13,150.19 1 0
etf-insight/middleware/validation.go:151.14,154.17 3 0
etf-insight/middleware/validation.go:154.17,156.4 1 0
etf-insight/middleware/validation.go:157.10,158.87 1 0
etf-insight/middleware/validation.go:161.2,161.37 1 1
etf-insight/middleware/validation.go:161.37,163.3 1 0
etf-insight/middleware/validation.go:165.2,165.37 1 1
etf-insight/middleware/validation.go:165.37,167.3 1 1
etf-insight/middleware/validation.go:169.2,169.12 1 1
etf-insight/middleware/validation.go:172.56,174.9 2 1
etf-insight/middleware/validation.go:174.9,176.3 1 0
etf-insight/middleware/validation.go:178.2,179.34 2 1
etf-insight/middleware/validation.go:179.34,181.3 1 1
etf-insight/middleware/validation.go:183.2,183.12 1 1
etf-insight/middleware/validation.go:186.39,187.30 1 0
etf-insight/middleware/validation.go:187.30,189.19 2 0
etf-insight/middleware/validation.go:189.19,191.40 2 0
etf-insight/middleware/validation.go:191.40,199.5 3 0
etf-insight/middleware/validation.go:201.3,201.11 1 0
etf-insight/middleware/validation.go:205.80,214.12 4 0
etf-insight/middleware/validation.go:214.12,215.7 1 0
etf-insight/middleware/validation.go:215.7,218.32 3 0
etf-insight/middleware/validation.go:218.32,219.40 1 0
etf-insight/middleware/validation.go:219.40,221.6 1 0
etf-insight/middleware/validation.go:223.4,223.15 1 0
etf-insight/middleware/validation.go:227.2,227.30 1 0
etf-insight/middleware/validation.go:227.30,232.14 4 0
etf-insight/middleware/validation.go:232.14,237.4 4 0
etf-insight/middleware/validation.go:239.3,239.38 1 0
etf-insight/middleware/validation.go:239.38,245.4 5 0
etf-insight/middleware/validation.go:247.3,250.28 3 0
etf-insight/middleware/validation.go:250.28,259.4 4 0
etf-insight/middleware/validation.go:261.3,262.11 2 0
etf-insight/services/etf/cache_service.go:20.63,22.2 1 0
etf-insight/services/etf/cache_service.go:26.145,27.30 1 0
etf-insight/services/etf/cache_service.go:27.30,29.3 1 0
etf-insight/services/etf/cache_service.go:32.2,41.28 4 0
etf-insight/services/etf/cache_service.go:41.28,43.3 1 0
etf-insight/services/etf/cache_service.go:46.2,50.36 2 0
etf-insight/services/etf/cache_service.go:50.36,51.36 1 0
etf-insight/services/etf/cache_service.go:51.36,53.4 1 0
etf-insight/services/etf/cache_service.go:54.3,54.59 1 0
etf-insight/services/etf/cache_service.go:58.2,58.23 1 0
etf-insight/services/etf/cache_service.go:58.23,60.3 1 0
etf-insight/services/etf/cache_service.go:62.2,63.20 2 0
etf-insight/services/etf/cache_service.go:67.150,68.19 1 0
etf-insight/services/etf/cache_service.go:68.19,70.3 1 0
etf-insight/services/etf/cache_service.go:73.2,74.110 2 0
etf-insight/services/etf/cache_service.go:74.110,76.3 1 0
etf-insight/services/etf/cache_service.go:77.2,77.110 1 0
etf-insight/services/etf/cache_service.go:77.110,79.3 1 0
etf-insight/services/etf/cache_service.go:82.2,84.18 3 0
etf-insight/services/etf/cache_service.go:84.18,86.3 1 0
etf-insight/services/etf/cache_service.go:89.2,119.45 3 0
etf-insight/services/etf/cache_service.go:119.45,121.3 1 0
etf-insight/services/etf/cache_service.go:123.2,124.12 2 0
etf-insight/services/etf/cache_service.go:129.99,130.21 1 0
etf-insight/services/etf/cache_service.go:130.21,132.3 1 0
etf-insight/services/etf/cache_service.go:135.2,140.25 2 0
etf-insight/services/etf/cache_service.go:140.25,142.3 1 0
etf-insight/services/etf/cache_service.go:145.2,154.12 4 0
etf-insight/services/etf/cache_service.go:158.84,160.25 2 0
etf-insight/services/etf/cache_service.go:160.25,162.3 1 0
etf-insight/services/etf/cache_service.go:164.2,165.12 2 0
etf-insight/services/etf/cache_service.go:169.98,174.87 4 0
etf-insight/services/etf/cache_service.go:174.87,176.3 1 0
etf-insight/services/etf/cache_service.go:178.2,178.123 1 0
etf-insight/services/etf/cache_service.go:178.123,180.3 1 0
etf-insight/services/etf/cache_service.go:182.2,182.126 1 0
etf-insight/services/etf/cache_service.go:182.126,184.3 1 0
etf-insight/services/etf/cache_service.go:186.2,190.8 1 0
etf-insight/services/etf/cache_service.go:194.85,196.25 2 0
etf-insight/services/etf/cache_service.go:196.25,198.3 1 0
etf-insight/services/etf/cache_service.go:200.2,201.33 2 0
etf-insight/services/etf/cache_service.go:206.53,207.11 1 0
etf-insight/services/etf/cache_service.go:207.11,209.3 1 0
etf-insight/services/etf/cache_service.go:210.2,210.13 1 0
etf-insight/services/etf/cache_service.go:220.67,225.2 1 0
etf-insight/services/etf/cache_service.go:228.148,231.16 2 0
etf-insight/services/etf/cache_service.go:231.16,233.3 1 0
etf-insight/services/etf/cache_service.go:235.2,235.19 1 0
etf-insight/services/etf/cache_service.go:235.19,238.3 1 0
etf-insight/services/etf/cache_service.go:241.2,242.16 2 0
etf-insight/services/etf/cache_service.go:242.16,244.3 1 0
etf-insight/services/etf/cache_service.go:247.2,247.12 1 0
etf-insight/services/etf/cache_service.go:247.12,251.93 3 0
etf-insight/services/etf/cache_service.go:251.93,253.4 1 0
etf-insight/services/etf/cache_service.go:256.2,256.20 1 0
etf-insight/services/etf/cache_service.go:260.128,270.2 1 0
etf-insight/services/etf/holdings_service.go:22.55,24.2 1 1
etf-insight/services/etf/holdings_service.go:28.123,29.18 1 1
etf-insight/services/etf/holdings_service.go:29.18,31.3 1 0
etf-insight/services/etf/holdings_service.go:34.2,35.111 2 1
etf-insight/services/etf/holdings_service.go:35.111,37.3 1 1
etf-insight/services/etf/holdings_service.go:39.2,42.20 3 1
etf-insight/services/etf/holdings_service.go:42.20,44.3 1 1
etf-insight/services/etf/holdings_service.go:44.8,49.3 1 1
etf-insight/services/etf/holdings_service.go:51.2,51.73 1 1
etf-insight/services/etf/holdings_service.go:51.73,53.3 1 0
etf-insight/services/etf/holdings_service.go:55.2,55.22 1 1
etf-insight/services/etf/holdings_service.go:59.104,61.111 2 0
etf-insight/services/etf/holdings_service.go:61.111,63.3 1 0
etf-insight/services/etf/holdings_service.go:65.2,69.36 2 0
etf-insight/services/etf/holdings_service.go:69.36,71.3 1 0
etf-insight/services/etf/holdings_service.go:73.2,73.21 1 0
etf-insight/services/etf/holdings_service.go:77.115,78.21 1 0
etf-insight/services/etf/holdings_service.go:78.21,80.3 1 0
etf-insight/services/etf/holdings_service.go:83.2,84.114 2 0
etf-insight/services/etf/holdings_service.go:84.114,86.3 1 0
etf-insight/services/etf/holdings_service.go:89.2,89.50 1 0
etf-insight/services/etf/holdings_service.go:89.50,90.27 1 0
etf-insight/services/etf/holdings_service.go:90.27,92.56 2 0
etf-insight/services/etf/holdings_service.go:92.56,94.5 1 0
etf-insight/services/etf/holdings_service.go:96.3,96.13 1 0
etf-insight/services/etf/holdings_service.go:125.133,126.30 1 1
etf-insight/services/etf/holdings_service.go:126.30,128.3 1 1
etf-insight/services/etf/holdings_service.go:130.2,130.18 1 1
etf-insight/services/etf/holdings_service.go:130.18,132.3 1 1
etf-insight/services/etf/holdings_service.go:135.2,136.16 2 1
etf-insight/services/etf/holdings_service.go:136.16,138.3 1 0
etf-insight/services/etf/holdings_service.go:140.2,141.16 2 1
etf-insight/services/etf/holdings_service.go:141.16,143.3 1 0
etf-insight/services/etf/holdings_service.go:146.2,147.30 2 1
etf-insight/services/etf/holdings_service.go:147.30,149.3 1 1
etf-insight/services/etf/holdings_service.go:151.2,152.30 2 1
etf-insight/services/etf/holdings_service.go:152.30,154.3 1 1
etf-insight/services/etf/holdings_service.go:157.2,162.37 5 1
etf-insight/services/etf/holdings_service.go:162.37,163.47 1 1
etf-insight/services/etf/holdings_service.go:163.47,178.4 6 1
etf-insight/services/etf/holdings_service.go:183.2,184.24 2 1
etf-insight/services/etf/holdings_service.go:184.24,186.47 2 1
etf-insight/services/etf/holdings_service.go:186.47,188.4 1 1
etf-insight/services/etf/holdings_service.go:192.2,192.55 1 1
etf-insight/services/etf/holdings_service.go:192.55,194.3 1 0
etf-insight/services/etf/holdings_service.go:196.2,213.20 3 1
etf-insight/services/etf/holdings_service.go:217.148,218.22 1 1
etf-insight/services/etf/holdings_service.go:218.22,220.3 1 0
etf-insight/services/etf/holdings_service.go:222.2,224.36 2 1
etf-insight/services/etf/holdings_service.go:224.36,225.41 1 1
etf-insight/services/etf/holdings_service.go:225.41,228.18 3 1
etf-insight/services/etf/holdings_service.go:228.18,230.13 2 0
etf-insight/services/etf/holdings_service.go:232.4,232.25 1 1
etf-insight/services/etf/holdings_service.go:236.2,236.21 1 1
etf-insight/services/etf/holdings_service.go:240.130,242.16 2 1
etf-insight/services/etf/holdings_service.go:242.16,244.3 1 0
etf-insight/services/etf/holdings_service.go:246.2,246.33 1 1
etf-insight/services/etf/holdings_service.go:246.33,248.3 1 1
etf-insight/services/etf/holdings_service.go:250.2,250.26 1 1
etf-insight/services/etf/holdings_service.go:254.135,256.16 2 0
etf-insight/services/etf/holdings_service.go:256.16,258.3 1 0
etf-insight/services/etf/holdings_service.go:260.2,261.29 2 0
etf-insight/services/etf/holdings_service.go:261.29,264.80 2 0
etf-insight/services/etf/holdings_service.go:264.80,267.12 2 0
etf-insight/services/etf/holdings_service.go:270.3,271.19 2 0
etf-insight/services/etf/holdings_service.go:271.19,273.4 1 0
etf-insight/services/etf/holdings_service.go:274.3,274.54 1 0
etf-insight/services/etf/holdings_service.go:277.2,277.23 1 0
etf-insight/services/etf/universal_etf_service.go:21.63,28.2 1 0
etf-insight/services/etf/universal_etf_service.go:38.61,333.30 4 0
etf-insight/services/etf/universal_etf_service.go:333.30,337.45 3 0
etf-insight/services/etf/universal_etf_service.go:337.45,338.50 1 0
etf-insight/services/etf/universal_etf_service.go:338.50,340.5 1 0
etf-insight/services/etf/universal_etf_service.go:341.9,341.33 1 0
etf-insight/services/etf/universal_etf_service.go:341.33,343.67 1 0
etf-insight/services/etf/universal_etf_service.go:343.67,345.5 1 0
etf-insight/services/etf/universal_etf_service.go:349.2,349.12 1 0
etf-insight/services/etf/universal_etf_service.go:353.91,356.25 3 0
etf-insight/services/etf/universal_etf_service.go:356.25,358.3 1 0
etf-insight/services/etf/universal_etf_service.go:359.2,359.18 1 0
etf-insight/services/etf/universal_etf_service.go:363.112,367.2 3 0
etf-insight/services/etf/universal_etf_service.go:370.100,374.2 3 0
etf-insight/services/etf/universal_etf_service.go:377.100,381.2 3 0
etf-insight/services/etf/universal_etf_service.go:384.89,394.2 3 0
etf-insight/services/etf/universal_etf_service.go:397.75,401.2 3 0
etf-insight/services/etf/universal_etf_service.go:404.96,407.29 2 0
etf-insight/services/etf/universal_etf_service.go:407.29,409.3 1 0
etf-insight/services/etf/universal_etf_service.go:410.2,410.25 1 0
etf-insight/services/etf/universal_etf_service.go:410.25,412.3 1 0
etf-insight/services/etf/universal_etf_service.go:413.2,413.26 1 0
etf-insight/services/etf/universal_etf_service.go:413.26,415.3 1 0
etf-insight/services/etf/universal_etf_service.go:416.2,416.25 1 0
etf-insight/services/etf/universal_etf_service.go:416.25,418.3 1 0
etf-insight/services/etf/universal_etf_service.go:419.2,419.27 1 0
etf-insight/services/etf/universal_etf_service.go:419.27,421.3 1 0
etf-insight/services/etf/universal_etf_service.go:422.2,422.27 1 0
etf-insight/services/etf/universal_etf_service.go:422.27,424.3 1 0
etf-insight/services/etf/universal_etf_service.go:425.2,425.54 1 0
etf-insight/services/etf/universal_etf_service.go:425.54,427.3 1 0
etf-insight/services/etf/universal_etf_service.go:428.2,428.54 1 0
etf-insight/services/etf/universal_etf_service.go:428.54,430.3 1 0
etf-insight/services/etf/universal_etf_service.go:432.2,434.27 3 0
etf-insight/services/etf/universal_etf_service.go:450.83,462.25 3 0
etf-insight/services/etf/universal_etf_service.go:462.25,464.3 1 0
etf-insight/services/etf/universal_etf_service.go:466.2,467.28 2 0
etf-insight/services/etf/universal_etf_service.go:467.28,469.3 1 0
etf-insight/services/etf/universal_etf_service.go:471.2,471.26 1 0
etf-insight/services/etf/universal_etf_service.go:475.79,487.25 3 0
etf-insight/services/etf/universal_etf_service.go:487.25,489.3 1 0
etf-insight/services/etf/universal_etf_service.go:491.2,492.28 2 0
etf-insight/services/etf/universal_etf_service.go:492.28,494.3 1 0
etf-insight/services/etf/universal_etf_service.go:496.2,496.26 1 0
etf-insight/services/etf/universal_etf_service.go:500.92,504.2 3 0
etf-insight/services/etf/universal_etf_service.go:507.99,540.49 2 0
etf-insight/services/etf/universal_etf_service.go:540.49,542.3 1 0
etf-insight/services/etf/universal_etf_service.go:544.2,544.57 1 0
etf-insight/services/sync/config.go:15.47,138.2 1 0
etf-insight/services/sync/config.go:141.42,145.30 3 0
etf-insight/services/sync/config.go:145.30,146.65 1 0
etf-insight/services/sync/config.go:146.65,148.4 1 0
etf-insight/services/sync/config.go:151.2,155.3 1 0
etf-insight/services/sync/config.go:159.40,163.30 3 0
etf-insight/services/sync/config.go:163.30,164.65 1 0
etf-insight/services/sync/config.go:164.65,166.4 1 0
etf-insight/services/sync/config.go:169.2,173.3 1 0
etf-insight/services/sync/config.go:177.40,181.30 3 0
etf-insight/services/sync/config.go:181.30,182.65 1 0
etf-insight/services/sync/config.go:182.65,184.4 1 0
etf-insight/services/sync/config.go:187.2,191.3 1 0
etf-insight/services/sync/service.go:49.74,59.2 4 0
etf-insight/services/sync/service.go:63.91,68.16 4 0
etf-insight/services/sync/service.go:68.16,70.3 1 0
etf-insight/services/sync/service.go:72.2,76.8 1 0
etf-insight/services/sync/service.go:80.104,93.34 4 0
etf-insight/services/sync/service.go:93.34,97.9 3 0
etf-insight/services/sync/service.go:97.9,101.4 3 0
etf-insight/services/sync/service.go:101.9,104.4 2 0
etf-insight/services/sync/service.go:105.8,107.3 1 0
etf-insight/services/sync/service.go:110.2,112.30 3 0
etf-insight/services/sync/service.go:112.30,115.3 2 0
etf-insight/services/sync/service.go:118.2,119.16 2 0
etf-insight/services/sync/service.go:119.16,122.3 2 0
etf-insight/services/sync/service.go:125.2,125.31 1 0
etf-insight/services/sync/service.go:125.31,134.48 3 0
etf-insight/services/sync/service.go:134.48,140.12 6 0
etf-insight/services/sync/service.go:144.3,144.48 1 0
etf-insight/services/sync/service.go:144.48,150.12 6 0
etf-insight/services/sync/service.go:153.3,158.50 6 0
etf-insight/services/sync/service.go:161.2,167.20 4 0
etf-insight/services/sync/service.go:171.103,173.16 2 0
etf-insight/services/sync/service.go:173.16,175.3 1 0
etf-insight/services/sync/service.go:178.2,178.47 1 0
etf-insight/services/sync/service.go:178.47,180.3 1 0
etf-insight/services/sync/service.go:182.2,182.47 1 0
etf-insight/services/sync/service.go:182.47,184.3 1 0
etf-insight/services/sync/service.go:186.2,192.8 1 0
etf-insight/services/sync/service.go:196.67,198.2 1 0
etf-insight/services/sync/service.go:201.57,203.9 2 0
etf-insight/services/sync/service.go:203.9,205.3 1 0
etf-insight/services/sync/service.go:207.2,208.12 2 0
etf-insight/services/sync/service.go:212.69,216.25 3 0
etf-insight/services/sync/service.go:216.25,233.3 2 0
etf-insight/services/sync/service.go:236.2,244.10 1 0
etf-insight/services/sync/service.go:248.72,253.90 2 0
etf-insight/services/sync/service.go:253.90,260.3 2 0
etf-insight/services/sync/service.go:262.2,265.25 3 0
etf-insight/services/sync/service.go:265.25,274.3 7 0
etf-insight/services/sync/service.go:277.2,288.37 2 0
etf-insight/services/sync/service.go:292.62,303.2 3 0
etf-insight/services/sync/service.go:306.66,313.2 2 0
etf-insight/services/sync/service.go:316.73,328.26 4 0
etf-insight/services/sync/service.go:328.26,329.31 1 0
etf-insight/services/sync/service.go:329.31,331.4 1 0
etf-insight/services/sync/service.go:331.9,333.4 1 0
etf-insight/services/sync/service.go:336.2,337.28 2 0
etf-insight/services/sync/service.go:337.28,339.3 1 0
etf-insight/services/sync/service.go:341.2,349.4 2 0
etf-insight/tasks/ashare_price_scheduler.go:20.54,26.2 1 0
etf-insight/tasks/ashare_price_scheduler.go:30.62,31.17 1 0
etf-insight/tasks/ashare_price_scheduler.go:31.17,34.3 2 0
etf-insight/tasks/ashare_price_scheduler.go:36.2,36.19 1 0
etf-insight/tasks/ashare_price_scheduler.go:36.19,38.3 1 0
etf-insight/tasks/ashare_price_scheduler.go:40.2,49.12 5 0
etf-insight/tasks/ashare_price_scheduler.go:49.12,50.7 1 0
etf-insight/tasks/ashare_price_scheduler.go:50.7,51.11 1 0
etf-insight/tasks/ashare_price_scheduler.go:52.22,53.21 1 0
etf-insight/tasks/ashare_price_scheduler.go:54.20,55.11 1 0
etf-insight/tasks/ashare_price_scheduler.go:62.39,63.18 1 0
etf-insight/tasks/ashare_price_scheduler.go:63.18,65.3 1 0
etf-insight/tasks/ashare_price_scheduler.go:67.2,71.50 4 0
etf-insight/tasks/ashare_price_scheduler.go:75.49,77.2 1 0
etf-insight/tasks/ashare_price_scheduler.go:80.47,84.24 2 0
etf-insight/tasks/ashare_price_scheduler.go:84.24,87.3 2 0
etf-insight/tasks/ashare_price_scheduler.go:89.2,89.60 1 0
etf-insight/tasks/ashare_price_scheduler.go:89.60,92.3 2 0
etf-insight/tasks/ashare_price_scheduler.go:94.2,94.47 1 0
etf-insight/tasks/ashare_price_scheduler.go:99.53,104.56 3 0
etf-insight/tasks/ashare_price_scheduler.go:104.56,106.3 1 0
etf-insight/tasks/ashare_price_scheduler.go:108.2,117.47 6 0
etf-insight/tasks/ashare_price_scheduler.go:121.50,124.2 2 0
etf-insight/tasks/ashare_price_scheduler.go:133.55,134.39 1 0
etf-insight/tasks/ashare_price_scheduler.go:134.39,136.3 1 0
etf-insight/tasks/ashare_price_scheduler.go:138.2,139.44 2 0
etf-insight/tasks/ashare_price_scheduler.go:143.33,144.39 1 0
etf-insight/tasks/ashare_price_scheduler.go:144.39,147.3 2 0
etf-insight/tasks/ashare_price_scheduler.go:151.54,153.2 1 0
etf-insight/tasks/ashare_price_scheduler.go:156.36,157.39 1 0
etf-insight/tasks/ashare_price_scheduler.go:157.39,159.3 1 0
etf-insight/tasks/ashare_price_scheduler.go:162.2,163.37 2 0
etf-insight/tasks/ashare_price_scheduler.go:170.40,172.2 1 0
etf-insight/tasks/ashare_price_scheduler.go:175.47,177.2 1 0
etf-insight/tasks/ashare_price_scheduler.go:180.61,182.2 1 0
etf-insight/tasks/ashare_price_scheduler.go:185.44,187.2 1 0
etf-insight/tasks/exchange_rate_task.go:19.81,24.2 1 0
etf-insight/tasks/exchange_rate_task.go:26.36,27.17 1 0
etf-insight/tasks/exchange_rate_task.go:27.17,29.3 1 0
etf-insight/tasks/exchange_rate_task.go:32.2,32.51 1 0
etf-insight/tasks/exchange_rate_task.go:32.51,34.3 1 0
etf-insight/tasks/exchange_rate_task.go:35.2,35.16 1 0
etf-insight/tasks/exchange_rate_task.go:35.16,38.3 2 0
etf-insight/tasks/exchange_rate_task.go:41.2,41.50 1 0
etf-insight/tasks/exchange_rate_task.go:41.50,43.3 1 0
etf-insight/tasks/exchange_rate_task.go:44.2,44.16 1 0
etf-insight/tasks/exchange_rate_task.go:44.16,47.3 2 0
etf-insight/tasks/exchange_rate_task.go:50.2,50.48 1 0
etf-insight/tasks/exchange_rate_task.go:50.48,52.3 1 0
etf-insight/tasks/exchange_rate_task.go:53.2,53.16 1 0
etf-insight/tasks/exchange_rate_task.go:53.16,56.3 2 0
etf-insight/tasks/exchange_rate_task.go:58.2,63.25 3 0
etf-insight/tasks/exchange_rate_task.go:66.35,67.18 1 0
etf-insight/tasks/exchange_rate_task.go:67.18,69.3 1 0
etf-insight/tasks/exchange_rate_task.go:70.2,72.43 3 0
etf-insight/tasks/exchange_rate_task.go:75.46,82.16 5 0
etf-insight/tasks/exchange_rate_task.go:82.16,85.3 2 0
etf-insight/tasks/exchange_rate_task.go:87.2,87.74 1 0
etf-insight/tasks/exchange_rate_task.go:90.43,97.16 5 0
etf-insight/tasks/exchange_rate_task.go:97.16,100.3 2 0
etf-insight/tasks/exchange_rate_task.go:102.2,102.74 1 0
etf-insight/tasks/exchange_rate_task.go:105.48,106.38 1 0
etf-insight/tasks/exchange_rate_task.go:106.38,109.57 2 0
etf-insight/tasks/exchange_rate_task.go:109.57,111.4 1 0
etf-insight/tasks/exchange_rate_task.go:115.54,117.2 1 0
etf-insight/tasks/exchange_rate_task.go:119.45,121.2 1 0
etf-insight/tasks/exchange_rate_task.go:124.75,126.2 1 0
etf-insight/tasks/scheduler.go:28.177,38.2 2 0
etf-insight/tasks/scheduler.go:41.29,46.16 3 0
etf-insight/tasks/scheduler.go:46.16,48.3 1 0
etf-insight/tasks/scheduler.go:48.8,50.3 1 0
etf-insight/tasks/scheduler.go:53.2,54.16 2 0
etf-insight/tasks/scheduler.go:54.16,56.3 1 0
etf-insight/tasks/scheduler.go:56.8,58.3 1 0
etf-insight/tasks/scheduler.go:61.2,62.16 2 0
etf-insight/tasks/scheduler.go:62.16,64.3 1 0
etf-insight/tasks/scheduler.go:64.8,66.3 1 0
etf-insight/tasks/scheduler.go:69.2,70.16 2 0
etf-insight/tasks/scheduler.go:70.16,72.3 1 0
etf-insight/tasks/scheduler.go:72.8,74.3 1 0
etf-insight/tasks/scheduler.go:76.2,77.46 2 0
etf-insight/tasks/scheduler.go:81.28,86.2 4 0
etf-insight/tasks/scheduler.go:89.43,101.26 4 0
etf-insight/tasks/scheduler.go:101.26,102.53 1 0
etf-insight/tasks/scheduler.go:102.53,106.4 3 0
etf-insight/tasks/scheduler.go:106.9,109.4 2 0
etf-insight/tasks/scheduler.go:112.2,115.24 4 0
etf-insight/tasks/scheduler.go:119.37,133.105 5 0
etf-insight/tasks/scheduler.go:133.105,141.3 7 0
etf-insight/tasks/scheduler.go:143.2,144.33 2 0
etf-insight/tasks/scheduler.go:144.33,146.3 1 0
etf-insight/tasks/scheduler.go:149.2,152.55 3 0
etf-insight/tasks/scheduler.go:152.55,154.24 2 0
etf-insight/tasks/scheduler.go:154.24,156.4 1 0
etf-insight/tasks/scheduler.go:157.3,163.9 7 0
etf-insight/tasks/scheduler.go:167.2,168.16 2 0
etf-insight/tasks/scheduler.go:168.16,176.3 7 0
etf-insight/tasks/scheduler.go:179.2,181.31 3 0
etf-insight/tasks/scheduler.go:181.31,183.91 1 0
etf-insight/tasks/scheduler.go:183.91,189.12 3 0
etf-insight/tasks/scheduler.go:193.3,194.20 2 0
etf-insight/tasks/scheduler.go:194.20,196.4 1 0
etf-insight/tasks/scheduler.go:199.3,215.26 3 0
etf-insight/tasks/scheduler.go:215.26,218.12 3 0
etf-insight/tasks/scheduler.go:221.3,229.31 2 0
etf-insight/tasks/scheduler.go:234.2,237.40 3 0
etf-insight/tasks/scheduler.go:237.40,239.3 1 0
etf-insight/tasks/scheduler.go:239.8,239.26 1 0
etf-insight/tasks/scheduler.go:239.26,241.3 1 0
etf-insight/tasks/scheduler.go:242.2,245.24 4 0
etf-insight/tasks/scheduler.go:249.35,256.2 1 0
etf-insight/tasks/scheduler.go:259.31,263.2 3 0
etf-insight/tasks/scheduler.go:266.56,270.32 3 0
etf-insight/tasks/scheduler.go:270.32,276.3 1 0
etf-insight/tasks/scheduler.go:278.2,278.13 1 0
etf-insight/services/event/trigger.go:49.41,59.2 4 1
etf-insight/services/event/trigger.go:62.48,64.2 1 1
etf-insight/services/event/trigger.go:67.60,77.39 4 1
etf-insight/services/event/trigger.go:77.39,78.35 1 1
etf-insight/services/event/trigger.go:78.35,80.4 1 1
etf-insight/services/event/trigger.go:85.71,86.18 1 1
etf-insight/services/event/trigger.go:86.18,88.3 1 1
etf-insight/services/event/trigger.go:90.2,90.30 1 1
etf-insight/services/event/trigger.go:90.30,92.3 1 1
etf-insight/services/event/trigger.go:94.2,107.35 7 1
etf-insight/services/event/trigger.go:107.35,109.27 2 1
etf-insight/services/event/trigger.go:109.27,111.47 2 1
etf-insight/services/event/trigger.go:111.47,117.5 2 0
etf-insight/services/event/trigger.go:121.2,125.27 4 1
etf-insight/services/event/trigger.go:125.27,127.3 1 0
etf-insight/services/event/trigger.go:129.2,129.21 1 1
etf-insight/services/event/trigger.go:129.21,131.3 1 0
etf-insight/services/event/trigger.go:133.2,133.12 1 1
etf-insight/services/event/trigger.go:137.105,145.2 1 0
etf-insight/services/event/trigger.go:148.101,156.2 1 0
etf-insight/services/event/trigger.go:164.84,165.20 1 1
etf-insight/services/event/trigger.go:166.31,168.26 2 1
etf-insight/services/event/trigger.go:168.26,170.4 1 0
etf-insight/services/event/trigger.go:172.3,172.69 1 1
etf-insight/services/event/trigger.go:172.69,174.4 1 1
etf-insight/services/event/trigger.go:174.9,176.4 1 0
etf-insight/services/event/trigger.go:178.27,180.19 2 0
etf-insight/services/event/trigger.go:180.19,181.65 1 0
etf-insight/services/event/trigger.go:181.65,183.5 1 0
etf-insight/services/event/trigger.go:183.10,185.5 1 0
etf-insight/services/event/trigger.go:186.9,187.70 1 0
etf-insight/services/event/trigger.go:187.70,189.5 1 0
etf-insight/services/event/trigger.go:193.2,193.12 1 1
etf-insight/services/event/trigger.go:197.72,199.2 1 1
etf-insight/services/event/trigger.go:205.32,208.2 2 1
etf-insight/services/exchange_rate/datasource/currencyapi.go:48.65,79.2 3 0
etf-insight/services/exchange_rate/datasource/currencyapi.go:82.48,84.2 1 0
etf-insight/services/exchange_rate/datasource/currencyapi.go:87.56,89.2 1 0
etf-insight/services/exchange_rate/datasource/currencyapi.go:92.118,97.80 3 0
etf-insight/services/exchange_rate/datasource/currencyapi.go:97.80,104.3 2 0
etf-insight/services/exchange_rate/datasource/currencyapi.go:107.2,107.32 1 0
etf-insight/services/exchange_rate/datasource/currencyapi.go:107.32,110.3 2 0
etf-insight/services/exchange_rate/datasource/currencyapi.go:113.2,114.16 2 0
etf-insight/services/exchange_rate/datasource/currencyapi.go:114.16,117.3 2 0
etf-insight/services/exchange_rate/datasource/currencyapi.go:120.2,120.45 1 0
etf-insight/services/exchange_rate/datasource/currencyapi.go:120.45,123.3 2 0
etf-insight/services/exchange_rate/datasource/currencyapi.go:126.2,126.50 1 0
etf-insight/services/exchange_rate/datasource/currencyapi.go:126.50,130.33 3 0
etf-insight/services/exchange_rate/datasource/currencyapi.go:130.33,134.4 3 0
etf-insight/services/exchange_rate/datasource/currencyapi.go:137.2,142.3 2 0
etf-insight/services/exchange_rate/datasource/currencyapi.go:146.108,151.25 3 0
etf-insight/services/exchange_rate/datasource/currencyapi.go:151.25,159.3 2 0
etf-insight/services/exchange_rate/datasource/currencyapi.go:162.2,162.20 1 0
etf-insight/services/exchange_rate/datasource/currencyapi.go:162.20,170.3 2 0
etf-insight/services/exchange_rate/datasource/currencyapi.go:173.2,177.16 3 0
etf-insight/services/exchange_rate/datasource/currencyapi.go:177.16,185.3 2 0
etf-insight/services/exchange_rate/datasource/currencyapi.go:187.2,191.16 4 0
etf-insight/services/exchange_rate/datasource/currencyapi.go:191.16,199.3 2 0
etf-insight/services/exchange_rate/datasource/currencyapi.go:200.2,204.16 3 0
etf-insight/services/exchange_rate/datasource/currencyapi.go:204.16,212.3 2 0
etf-insight/services/exchange_rate/datasource/currencyapi.go:215.2,215.38 1 0
etf-insight/services/exchange_rate/datasource/currencyapi.go:215.38,231.3 3 0
etf-insight/services/exchange_rate/datasource/currencyapi.go:234.2,235.55 2 0
etf-insight/services/exchange_rate/datasource/currencyapi.go:235.55,243.3 2 0
etf-insight/services/exchange_rate/datasource/currencyapi.go:246.2,246.19 1 0
etf-insight/services/exchange_rate/datasource/currencyapi.go:246.19,258.3 2 0
etf-insight/services/exchange_rate/datasource/currencyapi.go:261.2,262.51 2 0
etf-insight/services/exchange_rate/datasource/currencyapi.go:262.51,264.3 1 0
etf-insight/services/exchange_rate/datasource/currencyapi.go:267.2,288.8 6 0
etf-insight/services/exchange_rate/datasource/currencyapi.go:292.69,294.20 1 0
etf-insight/services/exchange_rate/datasource/currencyapi.go:294.20,296.3 1 0
etf-insight/services/exchange_rate/datasource/currencyapi.go:299.2,299.53 1 0
etf-insight/services/exchange_rate/datasource/currencyapi.go:299.53,301.44 1 0
etf-insight/services/exchange_rate/datasource/currencyapi.go:301.44,303.4 1 0
etf-insight/services/exchange_rate/datasource/currencyapi.go:307.2,308.19 2 0
etf-insight/services/exchange_rate/datasource/currencyapi.go:312.50,314.2 1 0
etf-insight/services/exchange_rate/datasource/currencyapi.go:317.63,319.23 2 0
etf-insight/services/exchange_rate/datasource/currencyapi.go:319.23,321.3 1 0
etf-insight/services/exchange_rate/datasource/currencyapi.go:322.2,322.67 1 0
etf-insight/services/exchange_rate/datasource/currencyapi.go:326.56,328.16 2 0
etf-insight/services/exchange_rate/datasource/currencyapi.go:328.16,330.3 1 0
etf-insight/services/exchange_rate/datasource/currencyapi.go:331.2,332.42 2 0
etf-insight/services/exchange_rate/datasource/currencyapi.go:336.50,338.23 1 0
etf-insight/services/exchange_rate/datasource/currencyapi.go:338.23,340.3 1 0
etf-insight/services/exchange_rate/datasource/currencyapi.go:341.2,341.15 1 0
etf-insight/services/exchange_rate/datasource/currencyapi.go:345.65,347.2 1 0
etf-insight/services/exchange_rate/datasource/currencyapi.go:350.72,351.20 1 0
etf-insight/services/exchange_rate/datasource/currencyapi.go:351.20,353.3 1 0
etf-insight/services/exchange_rate/datasource/currencyapi.go:356.2,357.16 2 0
etf-insight/services/exchange_rate/datasource/currencyapi.go:357.16,360.3 2 0
etf-insight/services/exchange_rate/datasource/currencyapi.go:362.2,367.23 2 0
etf-insight/services/exchange_rate/datasource/currencyapi.go:371.53,375.45 2 0
etf-insight/services/exchange_rate/datasource/currencyapi.go:375.45,380.3 2 0
etf-insight/services/exchange_rate/datasource/currencyapi.go:381.2,381.13 1 0
etf-insight/services/exchange_rate/datasource/currencyapi.go:385.73,389.50 2 0
etf-insight/services/exchange_rate/datasource/currencyapi.go:389.50,390.28 1 0
etf-insight/services/exchange_rate/datasource/currencyapi.go:390.28,392.4 1 0
etf-insight/services/exchange_rate/datasource/currencyapi.go:397.2,397.24 1 0
etf-insight/services/exchange_rate/datasource/currencyapi.go:397.24,399.3 1 0
etf-insight/services/exchange_rate/datasource/currencyapi.go:402.2,402.29 1 0
etf-insight/services/exchange_rate/datasource/currencyapi.go:402.29,403.58 1 0
etf-insight/services/exchange_rate/datasource/currencyapi.go:403.58,405.4 1 0
etf-insight/services/exchange_rate/datasource/currencyapi.go:408.2,408.13 1 0
etf-insight/services/exchange_rate/datasource/currencyapi.go:412.77,415.29 2 0
etf-insight/services/exchange_rate/datasource/currencyapi.go:415.29,416.27 1 0
etf-insight/services/exchange_rate/datasource/currencyapi.go:416.27,418.4 1 0
etf-insight/services/exchange_rate/datasource/currencyapi.go:418.9,420.4 1 0
etf-insight/services/exchange_rate/datasource/currencyapi.go:422.2,422.19 1 0
etf-insight/services/exchange_rate/datasource/currencyapi.go:426.66,433.15 5 0
etf-insight/services/exchange_rate/datasource/currencyapi.go:433.15,436.3 2 0
etf-insight/services/exchange_rate/datasource/currencyapi.go:436.8,438.3 1 0
etf-insight/services/exchange_rate/datasource/errors.go:63.40,64.20 1 1
etf-insight/services/exchange_rate/datasource/errors.go:64.20,66.3 1 1
etf-insight/services/exchange_rate/datasource/errors.go:67.2,67.50 1 0
etf-insight/services/exchange_rate/datasource/errors.go:71.40,73.2 1 1
etf-insight/services/exchange_rate/datasource/errors.go:76.67,84.2 1 1
etf-insight/services/exchange_rate/datasource/errors.go:87.38,90.2 2 1
etf-insight/services/exchange_rate/datasource/errors.go:93.37,94.40 1 1
etf-insight/services/exchange_rate/datasource/errors.go:94.40,96.3 1 1
etf-insight/services/exchange_rate/datasource/errors.go:97.2,97.24 1 0
etf-insight/services/exchange_rate/datasource/errors.go:101.39,103.14 2 1
etf-insight/services/exchange_rate/datasource/errors.go:104.68,105.14 1 1
etf-insight/services/exchange_rate/datasource/errors.go:106.10,107.15 1 1
etf-insight/services/exchange_rate/datasource/errors.go:112.35,114.14 2 1
etf-insight/services/exchange_rate/datasource/errors.go:115.51,116.14 1 1
etf-insight/services/exchange_rate/datasource/errors.go:117.10,118.15 1 1
etf-insight/services/exchange_rate/datasource/factory.go:19.82,25.37 3 0
etf-insight/services/exchange_rate/datasource/factory.go:25.37,29.3 2 0
etf-insight/services/exchange_rate/datasource/factory.go:29.8,33.3 2 0
etf-insight/services/exchange_rate/datasource/factory.go:36.2,39.37 2 0
etf-insight/services/exchange_rate/datasource/factory.go:39.37,43.3 3 0
etf-insight/services/exchange_rate/datasource/factory.go:46.2,46.33 1 0
etf-insight/services/exchange_rate/datasource/factory.go:46.33,51.3 3 0
etf-insight/services/exchange_rate/datasource/factory.go:51.8,53.3 1 0
etf-insight/services/exchange_rate/datasource/factory.go:56.2,56.72 1 0
etf-insight/services/exchange_rate/datasource/factory.go:56.72,60.3 3 0
etf-insight/services/exchange_rate/datasource/factory.go:63.2,74.21 6 0
etf-insight/services/exchange_rate/datasource/factory.go:78.71,84.20 4 0
etf-insight/services/exchange_rate/datasource/factory.go:84.20,89.3 2 0
etf-insight/services/exchange_rate/datasource/factory.go:92.2,92.54 1 0
etf-insight/services/exchange_rate/datasource/factory.go:92.54,97.3 2 0
etf-insight/services/exchange_rate/datasource/factory.go:99.2,99.16 1 0
etf-insight/services/exchange_rate/datasource/factory.go:103.75,109.20 4 0
etf-insight/services/exchange_rate/datasource/factory.go:109.20,118.3 1 0
etf-insight/services/exchange_rate/datasource/factory.go:121.2,122.54 2 0
etf-insight/services/exchange_rate/datasource/factory.go:122.54,131.3 1 0
etf-insight/services/exchange_rate/datasource/factory.go:132.2,141.15 5 0
etf-insight/services/exchange_rate/datasource/fallback.go:38.46,81.2 5 1
etf-insight/services/exchange_rate/datasource/fallback.go:84.46,86.41 2 1
etf-insight/services/exchange_rate/datasource/fallback.go:86.41,93.3 1 1
etf-insight/services/exchange_rate/datasource/fallback.go:97.45,99.2 1 1
etf-insight/services/exchange_rate/datasource/fallback.go:102.53,104.2 1 1
etf-insight/services/exchange_rate/datasource/fallback.go:107.115,113.32 4 1
etf-insight/services/exchange_rate/datasource/fallback.go:113.32,116.3 2 1
etf-insight/services/exchange_rate/datasource/fallback.go:119.2,120.11 2 1
etf-insight/services/exchange_rate/datasource/fallback.go:120.11,123.3 2 1
etf-insight/services/exchange_rate/datasource/fallback.go:126.2,127.11 2 1
etf-insight/services/exchange_rate/datasource/fallback.go:127.11,131.3 3 0
etf-insight/services/exchange_rate/datasource/fallback.go:134.2,134.50 1 1
etf-insight/services/exchange_rate/datasource/fallback.go:134.50,137.23 3 1
etf-insight/services/exchange_rate/datasource/fallback.go:137.23,142.4 4 0
etf-insight/services/exchange_rate/datasource/fallback.go:145.2,150.3 2 1
etf-insight/services/exchange_rate/datasource/fallback.go:154.105,161.47 5 1
etf-insight/services/exchange_rate/datasource/fallback.go:161.47,162.29 1 1
etf-insight/services/exchange_rate/datasource/fallback.go:162.29,163.12 1 1
etf-insight/services/exchange_rate/datasource/fallback.go:165.3,166.17 2 1
etf-insight/services/exchange_rate/datasource/fallback.go:166.17,168.4 1 1
etf-insight/services/exchange_rate/datasource/fallback.go:171.2,179.8 2 1
etf-insight/services/exchange_rate/datasource/fallback.go:183.66,185.2 1 1
etf-insight/services/exchange_rate/datasource/fallback.go:188.47,190.2 1 0
etf-insight/services/exchange_rate/datasource/fallback.go:193.60,195.2 1 0
etf-insight/services/exchange_rate/datasource/fallback.go:198.53,200.16 2 0
etf-insight/services/exchange_rate/datasource/fallback.go:200.16,202.3 1 0
etf-insight/services/exchange_rate/datasource/fallback.go:203.2,203.56 1 0
etf-insight/services/exchange_rate/datasource/fallback.go:207.47,209.2 1 0
etf-insight/services/exchange_rate/datasource/fallback.go:212.62,214.2 1 0
etf-insight/services/exchange_rate/datasource/fallback.go:217.69,219.2 1 1
etf-insight/services/exchange_rate/datasource/fallback.go:222.110,228.2 2 1
etf-insight/services/exchange_rate/datasource/fallback.go:231.115,233.34 2 1
etf-insight/services/exchange_rate/datasource/fallback.go:233.34,236.3 2 1
etf-insight/services/exchange_rate/datasource/fallback.go:237.2,240.20 1 1
etf-insight/services/exchange_rate/datasource/fallback.go:244.67,249.50 4 1
etf-insight/services/exchange_rate/datasource/fallback.go:249.50,251.44 2 1
etf-insight/services/exchange_rate/datasource/fallback.go:251.44,252.35 1 1
etf-insight/services/exchange_rate/datasource/fallback.go:252.35,254.5 1 0
etf-insight/services/exchange_rate/datasource/fallback.go:256.3,256.14 1 1
etf-insight/services/exchange_rate/datasource/fallback.go:259.2,264.3 1 1
etf-insight/services/exchange_rate/datasource/fallback.go:268.52,272.50 3 0
etf-insight/services/exchange_rate/datasource/fallback.go:272.50,273.44 1 0
etf-insight/services/exchange_rate/datasource/fallback.go:273.44,274.35 1 0
etf-insight/services/exchange_rate/datasource/fallback.go:274.35,277.5 2 0
etf-insight/services/exchange_rate/datasource/fallback.go:279.3,279.14 1 0
etf-insight/services/exchange_rate/datasource/fallback.go:282.2,282.17 1 0
etf-insight/services/exchange_rate/datasource/fallback.go:282.17,284.3 1 0
etf-insight/services/exchange_rate/datasource/fallback.go:285.2,285.16 1 0
etf-insight/services/exchange_rate/datasource/fallback.go:290.92,299.2 3 1
etf-insight/services/exchange_rate/datasource/fallback.go:301.82,303.38 2 1
etf-insight/services/exchange_rate/datasource/fallback.go:303.38,304.42 1 1
etf-insight/services/exchange_rate/datasource/fallback.go:304.42,305.77 1 1
etf-insight/services/exchange_rate/datasource/fallback.go:305.77,308.5 1 1
etf-insight/services/exchange_rate/datasource/fallback.go:311.2,311.28 1 1
etf-insight/services/exchange_rate/datasource/fallback.go:314.84,316.41 2 1
etf-insight/services/exchange_rate/datasource/fallback.go:316.41,318.3 1 0
etf-insight/services/exchange_rate/datasource/fallback.go:319.2,319.28 1 1
etf-insight/services/exchange_rate/datasource/fallback.go:322.91,323.52 1 1
etf-insight/services/exchange_rate/datasource/fallback.go:323.52,325.3 1 0
etf-insight/services/exchange_rate/datasource/fallback.go:326.2,326.35 1 1
etf-insight/services/exchange_rate/datasource/fallback.go:329.70,331.42 2 0
etf-insight/services/exchange_rate/datasource/fallback.go:331.42,332.20 1 0
etf-insight/services/exchange_rate/datasource/fallback.go:332.20,334.4 1 0
etf-insight/services/exchange_rate/datasource/fallback.go:336.2,336.14 1 0
etf-insight/services/exchange_rate/datasource/fallback.go:340.48,342.29 2 1
etf-insight/services/exchange_rate/datasource/fallback.go:342.29,343.27 1 1
etf-insight/services/exchange_rate/datasource/fallback.go:343.27,345.4 1 0
etf-insight/services/exchange_rate/datasource/fallback.go:345.9,347.4 1 1
etf-insight/services/exchange_rate/datasource/fallback.go:349.2,349.23 1 1
etf-insight/services/exchange_rate/datasource/frankfurter.go:42.45,51.2 1 1
etf-insight/services/exchange_rate/datasource/frankfurter.go:54.52,75.2 3 1
etf-insight/services/exchange_rate/datasource/frankfurter.go:78.48,80.2 1 1
etf-insight/services/exchange_rate/datasource/frankfurter.go:83.56,85.2 1 0
etf-insight/services/exchange_rate/datasource/frankfurter.go:88.118,93.80 3 0
etf-insight/services/exchange_rate/datasource/frankfurter.go:93.80,100.3 2 0
etf-insight/services/exchange_rate/datasource/frankfurter.go:103.2,103.32 1 0
etf-insight/services/exchange_rate/datasource/frankfurter.go:103.32,106.3 2 0
etf-insight/services/exchange_rate/datasource/frankfurter.go:109.2,110.16 2 0
etf-insight/services/exchange_rate/datasource/frankfurter.go:110.16,113.3 2 0
etf-insight/services/exchange_rate/datasource/frankfurter.go:116.2,116.45 1 0
etf-insight/services/exchange_rate/datasource/frankfurter.go:116.45,119.3 2 0
etf-insight/services/exchange_rate/datasource/frankfurter.go:122.2,122.50 1 0
etf-insight/services/exchange_rate/datasource/frankfurter.go:122.50,126.33 3 0
etf-insight/services/exchange_rate/datasource/frankfurter.go:126.33,130.4 3 0
etf-insight/services/exchange_rate/datasource/frankfurter.go:133.2,138.3 2 0
etf-insight/services/exchange_rate/datasource/frankfurter.go:142.108,147.25 3 0
etf-insight/services/exchange_rate/datasource/frankfurter.go:147.25,155.3 2 0
etf-insight/services/exchange_rate/datasource/frankfurter.go:158.2,162.16 3 0
etf-insight/services/exchange_rate/datasource/frankfurter.go:162.16,170.3 2 0
etf-insight/services/exchange_rate/datasource/frankfurter.go:172.2,176.16 4 0
etf-insight/services/exchange_rate/datasource/frankfurter.go:176.16,184.3 2 0
etf-insight/services/exchange_rate/datasource/frankfurter.go:185.2,189.16 3 0
etf-insight/services/exchange_rate/datasource/frankfurter.go:189.16,197.3 2 0
etf-insight/services/exchange_rate/datasource/frankfurter.go:200.2,200.38 1 0
etf-insight/services/exchange_rate/datasource/frankfurter.go:200.38,208.91 4 0
etf-insight/services/exchange_rate/datasource/frankfurter.go:208.91,219.4 1 0
etf-insight/services/exchange_rate/datasource/frankfurter.go:221.3,230.5 1 0
etf-insight/services/exchange_rate/datasource/frankfurter.go:234.2,235.55 2 0
etf-insight/services/exchange_rate/datasource/frankfurter.go:235.55,243.3 2 0
etf-insight/services/exchange_rate/datasource/frankfurter.go:246.2,247.44 2 0
etf-insight/services/exchange_rate/datasource/frankfurter.go:247.44,249.3 1 0
etf-insight/services/exchange_rate/datasource/frankfurter.go:252.2,273.8 6 0
etf-insight/services/exchange_rate/datasource/frankfurter.go:277.69,282.53 1 0
etf-insight/services/exchange_rate/datasource/frankfurter.go:282.53,284.44 1 0
etf-insight/services/exchange_rate/datasource/frankfurter.go:284.44,286.4 1 0
etf-insight/services/exchange_rate/datasource/frankfurter.go:290.2,291.19 2 0
etf-insight/services/exchange_rate/datasource/frankfurter.go:295.50,297.2 1 0
etf-insight/services/exchange_rate/datasource/frankfurter.go:300.63,302.23 2 0
etf-insight/services/exchange_rate/datasource/frankfurter.go:302.23,304.3 1 0
etf-insight/services/exchange_rate/datasource/frankfurter.go:305.2,305.67 1 0
etf-insight/services/exchange_rate/datasource/frankfurter.go:309.56,311.16 2 0
etf-insight/services/exchange_rate/datasource/frankfurter.go:311.16,313.3 1 0
etf-insight/services/exchange_rate/datasource/frankfurter.go:314.2,315.42 2 0
etf-insight/services/exchange_rate/datasource/frankfurter.go:319.50,322.2 1 0
etf-insight/services/exchange_rate/datasource/frankfurter.go:325.65,327.2 1 0
etf-insight/services/exchange_rate/datasource/frankfurter.go:330.72,333.2 1 0
etf-insight/services/exchange_rate/datasource/frankfurter.go:336.53,342.53 2 0
etf-insight/services/exchange_rate/datasource/frankfurter.go:342.53,343.41 1 0
etf-insight/services/exchange_rate/datasource/frankfurter.go:343.41,345.41 1 0
etf-insight/services/exchange_rate/datasource/frankfurter.go:345.41,350.5 2 0
etf-insight/services/exchange_rate/datasource/frankfurter.go:353.2,353.13 1 0
etf-insight/services/exchange_rate/datasource/frankfurter.go:357.73,361.50 2 0
etf-insight/services/exchange_rate/datasource/frankfurter.go:361.50,362.28 1 0
etf-insight/services/exchange_rate/datasource/frankfurter.go:362.28,364.4 1 0
etf-insight/services/exchange_rate/datasource/frankfurter.go:368.2,374.34 2 0
etf-insight/services/exchange_rate/datasource/frankfurter.go:378.77,381.29 2 0
etf-insight/services/exchange_rate/datasource/frankfurter.go:381.29,382.27 1 0
etf-insight/services/exchange_rate/datasource/frankfurter.go:382.27,384.4 1 0
etf-insight/services/exchange_rate/datasource/frankfurter.go:384.9,386.4 1 0
etf-insight/services/exchange_rate/datasource/frankfurter.go:388.2,388.19 1 0
etf-insight/services/exchange_rate/datasource/frankfurter.go:392.66,399.15 5 0
etf-insight/services/exchange_rate/datasource/frankfurter.go:399.15,402.3 2 0
etf-insight/services/exchange_rate/datasource/frankfurter.go:402.8,404.3 1 0
etf-insight/services/exchange_rate/datasource/healthcheck.go:38.116,47.2 1 1
etf-insight/services/exchange_rate/datasource/healthcheck.go:50.53,54.54 3 1
etf-insight/services/exchange_rate/datasource/healthcheck.go:54.54,62.3 2 1
etf-insight/services/exchange_rate/datasource/healthcheck.go:66.80,72.2 2 0
etf-insight/services/exchange_rate/datasource/healthcheck.go:75.32,78.2 2 0
etf-insight/services/exchange_rate/datasource/healthcheck.go:81.58,86.13 4 1
etf-insight/services/exchange_rate/datasource/healthcheck.go:86.13,95.3 2 0
etf-insight/services/exchange_rate/datasource/healthcheck.go:97.2,106.32 8 1
etf-insight/services/exchange_rate/datasource/healthcheck.go:106.32,108.3 1 0
etf-insight/services/exchange_rate/datasource/healthcheck.go:108.8,110.3 1 1
etf-insight/services/exchange_rate/datasource/healthcheck.go:113.2,113.70 1 1
etf-insight/services/exchange_rate/datasource/healthcheck.go:113.70,118.3 2 0
etf-insight/services/exchange_rate/datasource/healthcheck.go:122.58,127.13 4 1
etf-insight/services/exchange_rate/datasource/healthcheck.go:127.13,136.3 2 0
etf-insight/services/exchange_rate/datasource/healthcheck.go:138.2,146.32 7 1
etf-insight/services/exchange_rate/datasource/healthcheck.go:146.32,148.3 1 0
etf-insight/services/exchange_rate/datasource/healthcheck.go:148.8,150.3 1 1
etf-insight/services/exchange_rate/datasource/healthcheck.go:153.2,153.69 1 1
etf-insight/services/exchange_rate/datasource/healthcheck.go:153.69,158.3 2 1
etf-insight/services/exchange_rate/datasource/healthcheck.go:162.68,167.2 3 1
etf-insight/services/exchange_rate/datasource/healthcheck.go:170.65,176.43 4 0
etf-insight/services/exchange_rate/datasource/healthcheck.go:176.43,179.3 2 0
etf-insight/services/exchange_rate/datasource/healthcheck.go:180.2,180.15 1 0
etf-insight/services/exchange_rate/datasource/healthcheck.go:184.90,190.6 4 0
etf-insight/services/exchange_rate/datasource/healthcheck.go:190.6,191.10 1 0
etf-insight/services/exchange_rate/datasource/healthcheck.go:192.19,193.39 1 0
etf-insight/services/exchange_rate/datasource/healthcheck.go:194.21,196.10 2 0
etf-insight/services/exchange_rate/datasource/healthcheck.go:197.21,199.10 2 0
etf-insight/services/exchange_rate/datasource/healthcheck.go:205.94,208.41 3 0
etf-insight/services/exchange_rate/datasource/healthcheck.go:208.41,210.3 1 0
etf-insight/services/exchange_rate/datasource/healthcheck.go:211.2,213.37 2 0
etf-insight/services/exchange_rate/datasource/healthcheck.go:213.37,214.10 1 0
etf-insight/services/exchange_rate/datasource/healthcheck.go:215.21,216.10 1 0
etf-insight/services/exchange_rate/datasource/healthcheck.go:217.11,218.40 1 0
etf-insight/services/exchange_rate/datasource/healthcheck.go:223.2,223.78 1 0
etf-insight/services/exchange_rate/datasource/healthcheck.go:227.83,235.2 2 0
etf-insight/services/exchange_rate/datasource/healthcheck.go:238.67,243.13 4 0
etf-insight/services/exchange_rate/datasource/healthcheck.go:243.13,245.3 1 0
etf-insight/services/exchange_rate/datasource/healthcheck.go:246.2,246.27 1 0
etf-insight/services/exchange_rate/datasource/healthcheck.go:250.71,258.43 6 1
etf-insight/services/exchange_rate/datasource/healthcheck.go:258.43,259.25 1 1
etf-insight/services/exchange_rate/datasource/healthcheck.go:259.25,261.4 1 0
etf-insight/services/exchange_rate/datasource/healthcheck.go:263.3,272.4 1 1
etf-insight/services/exchange_rate/datasource/healthcheck.go:275.2,284.14 2 1
etf-insight/services/exchange_rate/datasource/manager.go:27.105,48.2 4 1
etf-insight/services/exchange_rate/datasource/manager.go:51.69,55.2 3 1
etf-insight/services/exchange_rate/datasource/manager.go:58.69,62.2 3 1
etf-insight/services/exchange_rate/datasource/manager.go:65.71,69.2 3 1
etf-insight/services/exchange_rate/datasource/manager.go:72.116,80.16 5 1
etf-insight/services/exchange_rate/datasource/manager.go:80.16,84.3 2 1
etf-insight/services/exchange_rate/datasource/manager.go:87.2,93.52 2 1
etf-insight/services/exchange_rate/datasource/manager.go:93.52,96.3 1 0
etf-insight/services/exchange_rate/datasource/manager.go:99.2,99.57 1 1
etf-insight/services/exchange_rate/datasource/manager.go:103.106,111.34 5 0
etf-insight/services/exchange_rate/datasource/manager.go:111.34,115.3 2 0
etf-insight/services/exchange_rate/datasource/manager.go:118.2,124.52 2 0
etf-insight/services/exchange_rate/datasource/manager.go:124.52,131.3 1 0
etf-insight/services/exchange_rate/datasource/manager.go:134.2,134.46 1 0
etf-insight/services/exchange_rate/datasource/manager.go:138.93,154.58 8 1
etf-insight/services/exchange_rate/datasource/manager.go:154.58,160.3 3 0
etf-insight/services/exchange_rate/datasource/manager.go:160.8,162.36 1 1
etf-insight/services/exchange_rate/datasource/manager.go:162.36,163.54 1 1
etf-insight/services/exchange_rate/datasource/manager.go:163.54,170.10 4 1
etf-insight/services/exchange_rate/datasource/manager.go:175.2,175.24 1 1
etf-insight/services/exchange_rate/datasource/manager.go:175.24,187.3 2 0
etf-insight/services/exchange_rate/datasource/manager.go:190.2,200.12 4 1
etf-insight/services/exchange_rate/datasource/manager.go:204.72,208.28 3 1
etf-insight/services/exchange_rate/datasource/manager.go:208.28,211.3 1 1
etf-insight/services/exchange_rate/datasource/manager.go:213.2,213.33 1 0
etf-insight/services/exchange_rate/datasource/manager.go:213.33,216.3 1 0
etf-insight/services/exchange_rate/datasource/manager.go:219.2,226.13 4 0
etf-insight/services/exchange_rate/datasource/manager.go:230.72,238.26 5 0
etf-insight/services/exchange_rate/datasource/manager.go:238.26,240.3 1 0
etf-insight/services/exchange_rate/datasource/manager.go:243.2,243.35 1 0
etf-insight/services/exchange_rate/datasource/manager.go:243.35,245.26 2 0
etf-insight/services/exchange_rate/datasource/manager.go:245.26,247.4 1 0
etf-insight/services/exchange_rate/datasource/manager.go:251.2,252.26 2 0
etf-insight/services/exchange_rate/datasource/manager.go:252.26,254.3 1 0
etf-insight/services/exchange_rate/datasource/manager.go:257.2,265.15 2 0
etf-insight/services/exchange_rate/datasource/manager.go:269.67,271.2 1 0
etf-insight/services/exchange_rate/datasource/manager.go:274.47,276.2 1 0
etf-insight/services/exchange_rate/datasource/manager.go:279.71,290.2 3 1
etf-insight/services/exchange_rate/datasource/manager.go:293.54,297.35 2 1
etf-insight/services/exchange_rate/datasource/manager.go:297.35,299.3 1 1
etf-insight/services/exchange_rate/datasource/openexchange.go:47.67,73.2 3 0
etf-insight/services/exchange_rate/datasource/openexchange.go:76.49,78.2 1 0
etf-insight/services/exchange_rate/datasource/openexchange.go:81.57,83.2 1 0
etf-insight/services/exchange_rate/datasource/openexchange.go:86.119,91.80 3 0
etf-insight/services/exchange_rate/datasource/openexchange.go:91.80,98.3 2 0
etf-insight/services/exchange_rate/datasource/openexchange.go:101.2,101.32 1 0
etf-insight/services/exchange_rate/datasource/openexchange.go:101.32,104.3 2 0
etf-insight/services/exchange_rate/datasource/openexchange.go:107.2,108.16 2 0
etf-insight/services/exchange_rate/datasource/openexchange.go:108.16,111.3 2 0
etf-insight/services/exchange_rate/datasource/openexchange.go:114.2,114.45 1 0
etf-insight/services/exchange_rate/datasource/openexchange.go:114.45,117.3 2 0
etf-insight/services/exchange_rate/datasource/openexchange.go:120.2,120.50 1 0
etf-insight/services/exchange_rate/datasource/openexchange.go:120.50,124.33 3 0
etf-insight/services/exchange_rate/datasource/openexchange.go:124.33,128.4 3 0
etf-insight/services/exchange_rate/datasource/openexchange.go:131.2,136.3 2 0
etf-insight/services/exchange_rate/datasource/openexchange.go:140.109,145.25 3 0
etf-insight/services/exchange_rate/datasource/openexchange.go:145.25,153.3 2 0
etf-insight/services/exchange_rate/datasource/openexchange.go:156.2,156.20 1 0
etf-insight/services/exchange_rate/datasource/openexchange.go:156.20,164.3 2 0
etf-insight/services/exchange_rate/datasource/openexchange.go:167.2,171.16 3 0
etf-insight/services/exchange_rate/datasource/openexchange.go:171.16,179.3 2 0
etf-insight/services/exchange_rate/datasource/openexchange.go:181.2,185.16 4 0
etf-insight/services/exchange_rate/datasource/openexchange.go:185.16,193.3 2 0
etf-insight/services/exchange_rate/datasource/openexchange.go:194.2,198.16 3 0
etf-insight/services/exchange_rate/datasource/openexchange.go:198.16,206.3 2 0
etf-insight/services/exchange_rate/datasource/openexchange.go:209.2,209.38 1 0
etf-insight/services/exchange_rate/datasource/openexchange.go:209.38,225.3 3 0
etf-insight/services/exchange_rate/datasource/openexchange.go:228.2,229.55 2 0
etf-insight/services/exchange_rate/datasource/openexchange.go:229.55,237.3 2 0
etf-insight/services/exchange_rate/datasource/openexchange.go:240.2,240.19 1 0
etf-insight/services/exchange_rate/datasource/openexchange.go:240.19,252.3 2 0
etf-insight/services/exchange_rate/datasource/openexchange.go:255.2,256.44 2 0
etf-insight/services/exchange_rate/datasource/openexchange.go:256.44,258.3 1 0
etf-insight/services/exchange_rate/datasource/openexchange.go:261.2,281.8 6 0
etf-insight/services/exchange_rate/datasource/openexchange.go:285.70,287.20 1 0
etf-insight/services/exchange_rate/datasource/openexchange.go:287.20,289.3 1 0
etf-insight/services/exchange_rate/datasource/openexchange.go:292.2,292.53 1 0
etf-insight/services/exchange_rate/datasource/openexchange.go:292.53,294.43 1 0
etf-insight/services/exchange_rate/datasource/openexchange.go:294.43,296.4 1 0
etf-insight/services/exchange_rate/datasource/openexchange.go:300.2,301.19 2 0
etf-insight/services/exchange_rate/datasource/openexchange.go:305.51,307.2 1 0
etf-insight/services/exchange_rate/datasource/openexchange.go:310.64,312.23 2 0
etf-insight/services/exchange_rate/datasource/openexchange.go:312.23,314.3 1 0
etf-insight/services/exchange_rate/datasource/openexchange.go:315.2,315.67 1 0
etf-insight/services/exchange_rate/datasource/openexchange.go:319.57,321.16 2 0
etf-insight/services/exchange_rate/datasource/openexchange.go:321.16,323.3 1 0
etf-insight/services/exchange_rate/datasource/openexchange.go:324.2,325.42 2 0
etf-insight/services/exchange_rate/datasource/openexchange.go:329.51,331.23 1 0
etf-insight/services/exchange_rate/datasource/openexchange.go:331.23,333.3 1 0
etf-insight/services/exchange_rate/datasource/openexchange.go:334.2,334.15 1 0
etf-insight/services/exchange_rate/datasource/openexchange.go:338.66,340.2 1 0
etf-insight/services/exchange_rate/datasource/openexchange.go:343.73,344.20 1 0
etf-insight/services/exchange_rate/datasource/openexchange.go:344.20,346.3 1 0
etf-insight/services/exchange_rate/datasource/openexchange.go:349.2,350.16 2 0
etf-insight/services/exchange_rate/datasource/openexchange.go:350.16,353.3 2 0
etf-insight/services/exchange_rate/datasource/openexchange.go:355.2,359.23 2 0
etf-insight/services/exchange_rate/datasource/openexchange.go:363.54,367.42 2 0
etf-insight/services/exchange_rate/datasource/openexchange.go:367.42,369.3 1 0
etf-insight/services/exchange_rate/datasource/openexchange.go:370.2,370.13 1 0
etf-insight/services/exchange_rate/datasource/openexchange.go:374.74,378.50 2 0
etf-insight/services/exchange_rate/datasource/openexchange.go:378.50,379.28 1 0
etf-insight/services/exchange_rate/datasource/openexchange.go:379.28,381.4 1 0
etf-insight/services/exchange_rate/datasource/openexchange.go:385.2,390.34 2 0
etf-insight/services/exchange_rate/datasource/openexchange.go:394.78,397.29 2 0
etf-insight/services/exchange_rate/datasource/openexchange.go:397.29,398.27 1 0
etf-insight/services/exchange_rate/datasource/openexchange.go:398.27,400.4 1 0
etf-insight/services/exchange_rate/datasource/openexchange.go:400.9,402.4 1 0
etf-insight/services/exchange_rate/datasource/openexchange.go:404.2,404.19 1 0
etf-insight/services/exchange_rate/datasource/openexchange.go:408.67,415.15 5 0
etf-insight/services/exchange_rate/datasource/openexchange.go:415.15,418.3 2 0
etf-insight/services/exchange_rate/datasource/openexchange.go:418.8,420.3 1 0
etf-insight/services/exchange_rate/datasource/provider.go:80.44,84.2 1 1
etf-insight/services/exchange_rate/datasource/provider.go:87.78,89.2 1 1
etf-insight/services/exchange_rate/datasource/provider.go:92.71,95.2 2 1
etf-insight/services/exchange_rate/datasource/provider.go:99.97,103.34 2 0
etf-insight/services/exchange_rate/datasource/provider.go:103.34,104.73 1 0
etf-insight/services/exchange_rate/datasource/provider.go:104.73,106.4 1 0
etf-insight/services/exchange_rate/datasource/provider.go:109.2,109.36 1 0
etf-insight/services/exchange_rate/datasource/provider.go:113.52,115.32 2 1
etf-insight/services/exchange_rate/datasource/provider.go:115.32,117.3 1 1
etf-insight/services/exchange_rate/datasource/provider.go:118.2,118.14 1 1
etf-insight/services/factor/fama_french.go:34.44,38.2 1 1
etf-insight/services/factor/fama_french.go:41.61,43.2 1 1
etf-insight/services/factor/fama_french.go:93.31,98.16 2 1
etf-insight/services/factor/fama_french.go:98.16,100.3 1 1
etf-insight/services/factor/fama_french.go:103.2,112.21 2 1
etf-insight/services/factor/fama_french.go:112.21,115.3 2 1
etf-insight/services/factor/fama_french.go:118.2,122.37 3 1
etf-insight/services/factor/fama_french.go:122.37,124.3 1 1
etf-insight/services/factor/fama_french.go:125.2,130.21 4 1
etf-insight/services/factor/fama_french.go:130.21,132.3 1 1
etf-insight/services/factor/fama_french.go:134.2,143.8 1 1
etf-insight/services/factor/fama_french.go:150.31,152.2 1 1
etf-insight/services/factor/fama_french.go:155.93,157.12 2 1
etf-insight/services/factor/fama_french.go:157.12,159.3 1 1
etf-insight/services/factor/fama_french.go:162.2,163.21 2 1
etf-insight/services/factor/fama_french.go:163.21,165.3 1 1
etf-insight/services/factor/fama_french.go:165.8,167.3 1 1
etf-insight/services/factor/fama_french.go:170.2,171.35 2 1
etf-insight/services/factor/fama_french.go:171.35,173.3 1 1
etf-insight/services/factor/fama_french.go:174.2,174.32 1 1
etf-insight/services/factor/fama_french.go:174.32,176.3 1 0
etf-insight/services/factor/fama_french.go:177.2,177.32 1 1
etf-insight/services/factor/fama_french.go:177.32,179.3 1 0
etf-insight/services/factor/fama_french.go:180.2,180.21 1 1
etf-insight/services/factor/fama_french.go:180.21,181.33 1 1
etf-insight/services/factor/fama_french.go:181.33,183.4 1 0
etf-insight/services/factor/fama_french.go:184.3,184.33 1 1
etf-insight/services/factor/fama_french.go:184.33,186.4 1 0
etf-insight/services/factor/fama_french.go:190.2,190.17 1 1
etf-insight/services/factor/fama_french.go:190.17,192.3 1 1
etf-insight/services/factor/fama_french.go:194.2,194.16 1 1
etf-insight/services/factor/fama_french.go:194.16,196.3 1 1
etf-insight/services/factor/fama_french.go:199.2,202.30 3 1
etf-insight/services/factor/fama_french.go:202.30,208.22 6 1
etf-insight/services/factor/fama_french.go:208.22,211.4 2 1
etf-insight/services/factor/fama_french.go:212.3,212.22 1 1
etf-insight/services/factor/fama_french.go:216.2,229.22 9 1
etf-insight/services/factor/fama_french.go:229.22,231.3 1 1
etf-insight/services/factor/fama_french.go:232.2,234.30 2 1
etf-insight/services/factor/fama_french.go:234.30,236.26 2 1
etf-insight/services/factor/fama_french.go:236.26,238.4 1 1
etf-insight/services/factor/fama_french.go:239.3,241.37 3 1
etf-insight/services/factor/fama_french.go:245.2,246.13 2 1
etf-insight/services/factor/fama_french.go:246.13,248.3 1 1
etf-insight/services/factor/fama_french.go:251.2,258.25 5 1
etf-insight/services/factor/fama_french.go:258.25,260.3 1 1
etf-insight/services/factor/fama_french.go:263.2,277.43 3 1
etf-insight/services/factor/fama_french.go:277.43,278.17 1 1
etf-insight/services/factor/fama_french.go:278.17,280.4 1 0
etf-insight/services/factor/fama_french.go:281.3,281.16 1 1
etf-insight/services/factor/fama_french.go:284.2,291.21 2 1
etf-insight/services/factor/fama_french.go:291.21,298.3 6 1
etf-insight/services/factor/fama_french.go:301.2,302.33 2 1
etf-insight/services/factor/fama_french.go:302.33,304.3 1 1
etf-insight/services/factor/fama_french.go:306.2,314.8 1 1
etf-insight/services/factor/fama_french.go:318.101,322.45 2 1
etf-insight/services/factor/fama_french.go:322.45,323.24 1 1
etf-insight/services/factor/fama_french.go:323.24,325.4 1 0
etf-insight/services/factor/fama_french.go:326.3,327.29 2 1
etf-insight/services/factor/fama_french.go:327.29,329.4 1 1
etf-insight/services/factor/fama_french.go:330.3,330.37 1 1
etf-insight/services/factor/fama_french.go:334.2,344.21 8 1
etf-insight/services/factor/fama_french.go:344.21,350.3 4 1
etf-insight/services/factor/fama_french.go:352.2,352.22 1 1
etf-insight/services/factor/fama_french.go:356.65,363.21 2 1
etf-insight/services/factor/fama_french.go:363.21,366.3 2 1
etf-insight/services/factor/fama_french.go:368.2,368.16 1 1
etf-insight/services/factor/fama_french.go:372.94,373.23 1 1
etf-insight/services/factor/fama_french.go:373.23,375.3 1 0
etf-insight/services/factor/fama_french.go:378.2,379.28 2 1
etf-insight/services/factor/fama_french.go:379.28,381.3 1 1
etf-insight/services/factor/fama_french.go:382.2,387.28 4 1
etf-insight/services/factor/fama_french.go:387.28,389.3 1 1
etf-insight/services/factor/fama_french.go:392.2,393.22 2 1
etf-insight/services/factor/fama_french.go:393.22,395.3 1 1
etf-insight/services/factor/fama_french.go:395.8,397.3 1 0
etf-insight/services/factor/fama_french.go:398.2,404.36 4 1
etf-insight/services/factor/fama_french.go:404.36,406.3 1 1
etf-insight/services/factor/fama_french.go:406.8,406.30 1 0
etf-insight/services/factor/fama_french.go:406.30,409.3 1 0
etf-insight/services/factor/fama_french.go:412.2,420.3 2 1
etf-insight/services/factor/fama_french.go:424.75,425.23 1 1
etf-insight/services/factor/fama_french.go:425.23,427.3 1 0
etf-insight/services/factor/fama_french.go:429.2,433.28 4 1
etf-insight/services/factor/fama_french.go:433.28,435.24 2 1
etf-insight/services/factor/fama_french.go:435.24,437.4 1 1
etf-insight/services/factor/fama_french.go:438.3,439.29 2 1
etf-insight/services/factor/fama_french.go:439.29,441.4 1 1
etf-insight/services/factor/fama_french.go:444.2,444.20 1 1
etf-insight/services/factor/fama_french.go:450.33,453.40 2 1
etf-insight/services/factor/fama_french.go:453.40,455.17 2 1
etf-insight/services/factor/fama_french.go:455.17,457.4 1 1
etf-insight/services/factor/fama_french.go:460.2,460.16 1 1
etf-insight/services/factor/fama_french.go:466.22,472.21 3 1
etf-insight/services/factor/fama_french.go:472.21,474.3 1 1
etf-insight/services/factor/fama_french.go:476.2,476.23 1 1
etf-insight/services/factor/fama_french.go:476.23,480.22 4 1
etf-insight/services/factor/fama_french.go:480.22,483.4 2 1
etf-insight/services/factor/fama_french.go:486.2,486.22 1 1
etf-insight/services/factor/fama_french.go:492.69,497.24 4 1
etf-insight/services/factor/fama_french.go:497.24,499.3 1 1
etf-insight/services/factor/fama_french.go:501.2,501.28 1 1
etf-insight/services/factor/fama_french.go:501.28,502.29 1 1
etf-insight/services/factor/fama_french.go:502.29,504.4 1 1
etf-insight/services/factor/fama_french.go:507.2,507.15 1 1
etf-insight/services/factor/fama_french.go:511.72,517.24 5 1
etf-insight/services/factor/fama_french.go:517.24,519.3 1 1
etf-insight/services/factor/fama_french.go:521.2,521.28 1 1
etf-insight/services/factor/fama_french.go:521.28,522.29 1 1
etf-insight/services/factor/fama_french.go:522.29,523.31 1 1
etf-insight/services/factor/fama_french.go:523.31,525.5 1 1
etf-insight/services/factor/fama_french.go:529.2,529.15 1 1
etf-insight/services/factor/fama_french.go:533.96,537.28 3 1
etf-insight/services/factor/fama_french.go:537.28,538.36 1 1
etf-insight/services/factor/fama_french.go:538.36,540.4 1 1
etf-insight/services/factor/fama_french.go:543.2,543.15 1 1
etf-insight/services/factor/fama_french.go:547.83,552.27 3 1
etf-insight/services/factor/fama_french.go:552.27,556.3 3 1
etf-insight/services/factor/fama_french.go:559.2,559.25 1 1
etf-insight/services/factor/fama_french.go:559.25,562.30 2 1
etf-insight/services/factor/fama_french.go:562.30,563.66 1 1
etf-insight/services/factor/fama_french.go:563.66,565.5 1 1
etf-insight/services/factor/fama_french.go:567.3,570.40 2 1
etf-insight/services/factor/fama_french.go:570.40,573.4 1 1
etf-insight/services/factor/fama_french.go:576.3,576.30 1 1
etf-insight/services/factor/fama_french.go:576.30,578.28 2 1
etf-insight/services/factor/fama_french.go:578.28,580.5 1 1
etf-insight/services/factor/fama_french.go:585.2,586.30 2 1
etf-insight/services/factor/fama_french.go:586.30,588.40 1 1
etf-insight/services/factor/fama_french.go:588.40,590.12 2 0
etf-insight/services/factor/fama_french.go:592.3,593.30 2 1
etf-insight/services/factor/fama_french.go:593.30,595.4 1 1
etf-insight/services/factor/fama_french.go:596.3,596.26 1 1
etf-insight/services/factor/fama_french.go:599.2,599.10 1 1
etf-insight/services/factor/fama_french.go:604.117,610.30 3 1
etf-insight/services/factor/fama_french.go:610.30,615.3 3 1
etf-insight/services/factor/fama_french.go:618.2,618.45 1 1
etf-insight/services/factor/fama_french.go:622.73,625.24 3 1
etf-insight/services/factor/fama_french.go:625.24,627.3 1 1
etf-insight/services/factor/fama_french.go:630.2,630.25 1 1
etf-insight/services/factor/fama_french.go:630.25,632.3 1 1
etf-insight/services/factor/fama_french.go:635.2,636.27 2 1
etf-insight/services/factor/fama_french.go:636.27,640.3 3 1
etf-insight/services/factor/fama_french.go:643.2,643.25 1 1
etf-insight/services/factor/fama_french.go:643.25,645.30 2 1
etf-insight/services/factor/fama_french.go:645.30,646.66 1 1
etf-insight/services/factor/fama_french.go:646.66,648.5 1 1
etf-insight/services/factor/fama_french.go:650.3,654.30 3 1
etf-insight/services/factor/fama_french.go:654.30,656.30 1 1
etf-insight/services/factor/fama_french.go:656.30,657.31 1 1
etf-insight/services/factor/fama_french.go:657.31,658.18 1 1
etf-insight/services/factor/fama_french.go:658.18,660.7 1 1
etf-insight/services/factor/fama_french.go:660.12,662.7 1 1
etf-insight/services/factor/fama_french.go:665.4,665.17 1 1
etf-insight/services/factor/fama_french.go:667.3,667.28 1 1
etf-insight/services/factor/fama_french.go:667.28,669.4 1 1
etf-insight/services/factor/fama_french.go:671.3,671.26 1 1
etf-insight/services/factor/fama_french.go:671.26,672.14 1 1
etf-insight/services/factor/fama_french.go:672.14,674.30 2 1
etf-insight/services/factor/fama_french.go:674.30,676.6 1 1
etf-insight/services/factor/fama_french.go:682.2,682.25 1 1
etf-insight/services/factor/fama_french.go:682.25,684.3 1 1
etf-insight/services/factor/fama_french.go:686.2,686.15 1 1
etf-insight/services/factor/fama_french.go:690.96,695.24 4 1
etf-insight/services/factor/fama_french.go:695.24,697.29 2 1
etf-insight/services/factor/fama_french.go:697.29,699.4 1 1
etf-insight/services/factor/fama_french.go:702.2,702.15 1 1
etf-insight/services/factor/fama_french.go:706.35,708.2 1 1
etf-insight/services/factor/fama_french.go:716.3,721.2 4 1
etf-insight/services/factor/fama_french.go:731.3,739.2 7 1
etf-insight/services/factor/fama_french.go:748.3,761.31 5 1
etf-insight/services/factor/fama_french.go:761.31,766.3 4 1
etf-insight/services/factor/fama_french.go:768.2,768.8 1 1
etf-insight/services/factor/fama_french.go:779.3,796.31 7 1
etf-insight/services/factor/fama_french.go:796.31,803.3 6 1
etf-insight/services/factor/fama_french.go:805.2,805.8 1 1
etf-insight/services/factor/fama_french.go:823.3,828.16 3 0
etf-insight/services/factor/fama_french.go:828.16,830.3 1 0
etf-insight/services/factor/fama_french.go:831.2,833.38 2 0
etf-insight/services/factor/fama_french.go:833.38,835.3 1 0
etf-insight/services/factor/fama_french.go:839.2,839.106 1 0
etf-insight/services/factor/fama_french.go:850.3,867.25 4 0
etf-insight/services/factor/fama_french.go:867.25,869.3 1 0
etf-insight/services/factor/fama_french.go:871.2,871.23 1 0
etf-insight/services/factor/fama_french.go:871.23,873.3 1 0
etf-insight/services/factor/fama_french.go:875.2,880.28 5 0
etf-insight/services/factor/fama_french.go:880.28,885.3 4 0
etf-insight/services/factor/fama_french.go:887.2,887.8 1 0
etf-insight/services/factor/fama_french.go:898.3,901.16 3 1
etf-insight/services/factor/fama_french.go:901.16,903.3 1 0
etf-insight/services/factor/fama_french.go:906.2,906.33 1 1
etf-insight/services/factor/fama_french.go:906.33,907.22 1 1
etf-insight/services/factor/fama_french.go:907.22,908.12 1 0
etf-insight/services/factor/fama_french.go:912.3,913.24 2 1
etf-insight/services/factor/fama_french.go:913.24,914.12 1 1
etf-insight/services/factor/fama_french.go:917.3,918.17 2 1
etf-insight/services/factor/fama_french.go:918.17,919.12 1 0
etf-insight/services/factor/fama_french.go:922.3,932.52 9 1
etf-insight/services/factor/fama_french.go:935.2,935.8 1 1
etf-insight/services/factor/fama_french.go:952.3,954.63 1 0
etf-insight/services/factor/fama_french.go:954.63,959.26 3 0
etf-insight/services/factor/fama_french.go:959.26,961.4 1 0
etf-insight/services/factor/fama_french.go:963.3,964.34 2 0
etf-insight/services/factor/fama_french.go:964.34,967.4 2 0
etf-insight/services/factor/fama_french.go:968.3,968.22 1 0
etf-insight/services/factor/fama_french.go:971.2,972.16 2 0
etf-insight/services/factor/fama_french.go:972.16,974.3 1 0
etf-insight/services/factor/fama_french.go:976.2,977.16 2 0
etf-insight/services/factor/fama_french.go:977.16,979.3 1 0
etf-insight/services/factor/fama_french.go:981.2,982.16 2 0
etf-insight/services/factor/fama_french.go:982.16,984.3 1 0
etf-insight/services/factor/fama_french.go:986.2,987.16 2 0
etf-insight/services/factor/fama_french.go:987.16,989.3 1 0
etf-insight/services/factor/fama_french.go:991.2,992.16 2 0
etf-insight/services/factor/fama_french.go:992.16,994.3 1 0
etf-insight/services/factor/fama_french.go:997.2,998.29 2 0
etf-insight/services/factor/fama_french.go:998.29,1000.3 1 0
etf-insight/services/factor/fama_french.go:1001.2,1001.29 1 0
etf-insight/services/factor/fama_french.go:1001.29,1003.3 1 0
etf-insight/services/factor/fama_french.go:1004.2,1004.29 1 0
etf-insight/services/factor/fama_french.go:1004.29,1006.3 1 0
etf-insight/services/factor/fama_french.go:1007.2,1007.30 1 0
etf-insight/services/factor/fama_french.go:1007.30,1009.3 1 0
etf-insight/services/factor/fama_french.go:1011.2,1015.30 4 0
etf-insight/services/factor/fama_french.go:1015.30,1021.3 5 0
etf-insight/services/factor/fama_french.go:1023.2,1023.8 1 0
etf-insight/services/factor/fama_french.go:1027.25,1031.26 2 1
etf-insight/services/factor/fama_french.go:1031.26,1033.3 1 1
etf-insight/services/factor/fama_french.go:1034.2,1034.18 1 1
etf-insight/services/factor/fama_french.go:1038.26,1040.2 1 1
etf-insight/services/factor/fama_french.go:1043.95,1050.39 3 1
etf-insight/services/factor/fama_french.go:1050.39,1052.17 2 1
etf-insight/services/factor/fama_french.go:1053.17,1054.36 1 1
etf-insight/services/factor/fama_french.go:1055.15,1056.34 1 1
etf-insight/services/factor/fama_french.go:1057.16,1058.35 1 1
etf-insight/services/factor/fama_french.go:1059.24,1060.43 1 1
etf-insight/services/factor/fama_french.go:1061.21,1062.40 1 1
etf-insight/services/factor/fama_french.go:1064.3,1064.46 1 1
etf-insight/services/factor/fama_french.go:1067.2,1067.40 1 1
etf-insight/services/factor/fama_french.go:1067.40,1069.3 1 1
etf-insight/services/factor/fama_french.go:1071.2,1072.26 2 1
etf-insight/services/factor/fama_french.go:1072.26,1074.3 1 1
etf-insight/services/factor/fama_french.go:1076.2,1076.15 1 1
etf-insight/services/optimization/black_litterman.go:16.60,21.2 1 1
etf-insight/services/optimization/black_litterman.go:24.55,26.2 1 1
etf-insight/services/optimization/black_litterman.go:29.65,31.2 1 1
etf-insight/services/optimization/black_litterman.go:62.78,66.33 3 1
etf-insight/services/optimization/black_litterman.go:66.33,69.3 2 1
etf-insight/services/optimization/black_litterman.go:71.2,74.3 1 1
etf-insight/services/optimization/black_litterman.go:86.34,88.36 2 1
etf-insight/services/optimization/black_litterman.go:88.36,90.3 1 1
etf-insight/services/optimization/black_litterman.go:92.2,92.23 1 1
etf-insight/services/optimization/black_litterman.go:92.23,94.3 1 1
etf-insight/services/optimization/black_litterman.go:96.2,100.23 3 1
etf-insight/services/optimization/black_litterman.go:100.23,102.3 1 1
etf-insight/services/optimization/black_litterman.go:103.2,103.29 1 1
etf-insight/services/optimization/black_litterman.go:103.29,104.30 1 1
etf-insight/services/optimization/black_litterman.go:104.30,106.4 1 1
etf-insight/services/optimization/black_litterman.go:111.2,127.29 8 1
etf-insight/services/optimization/black_litterman.go:127.29,129.30 2 1
etf-insight/services/optimization/black_litterman.go:129.30,131.4 1 1
etf-insight/services/optimization/black_litterman.go:133.2,151.8 5 1
etf-insight/services/optimization/black_litterman.go:161.34,166.40 2 1
etf-insight/services/optimization/black_litterman.go:166.40,173.3 1 1
etf-insight/services/optimization/black_litterman.go:176.2,176.35 1 1
etf-insight/services/optimization/black_litterman.go:176.35,184.3 1 1
etf-insight/services/optimization/black_litterman.go:186.2,186.64 1 1
etf-insight/services/optimization/black_litterman.go:203.22,207.29 2 1
etf-insight/services/optimization/black_litterman.go:207.29,209.30 2 1
etf-insight/services/optimization/black_litterman.go:209.30,212.4 2 1
etf-insight/services/optimization/black_litterman.go:215.2,215.21 1 1
etf-insight/services/optimization/black_litterman.go:222.41,226.12 3 1
etf-insight/services/optimization/black_litterman.go:226.12,228.3 1 1
etf-insight/services/optimization/black_litterman.go:231.2,232.33 2 1
etf-insight/services/optimization/black_litterman.go:232.33,234.3 1 1
etf-insight/services/optimization/black_litterman.go:237.2,238.19 2 1
etf-insight/services/optimization/black_litterman.go:238.19,240.3 1 1
etf-insight/services/optimization/black_litterman.go:243.2,247.23 3 1
etf-insight/services/optimization/black_litterman.go:247.23,249.3 1 1
etf-insight/services/optimization/black_litterman.go:251.2,251.29 1 1
etf-insight/services/optimization/black_litterman.go:251.29,254.54 2 1
etf-insight/services/optimization/black_litterman.go:254.54,256.50 1 1
etf-insight/services/optimization/black_litterman.go:256.50,258.5 1 1
etf-insight/services/optimization/black_litterman.go:259.9,259.62 1 1
etf-insight/services/optimization/black_litterman.go:259.62,261.51 1 1
etf-insight/services/optimization/black_litterman.go:261.51,263.5 1 1
etf-insight/services/optimization/black_litterman.go:264.4,264.51 1 1
etf-insight/services/optimization/black_litterman.go:264.51,266.5 1 1
etf-insight/services/optimization/black_litterman.go:270.3,271.22 2 1
etf-insight/services/optimization/black_litterman.go:271.22,273.4 1 0
etf-insight/services/optimization/black_litterman.go:274.3,274.21 1 1
etf-insight/services/optimization/black_litterman.go:274.21,276.4 1 0
etf-insight/services/optimization/black_litterman.go:278.3,278.55 1 1
etf-insight/services/optimization/black_litterman.go:281.2,281.20 1 1
etf-insight/services/optimization/black_litterman.go:292.22,296.29 2 1
etf-insight/services/optimization/black_litterman.go:296.29,298.3 1 1
etf-insight/services/optimization/black_litterman.go:300.2,304.33 3 1
etf-insight/services/optimization/black_litterman.go:304.33,306.3 1 1
etf-insight/services/optimization/black_litterman.go:309.2,310.26 2 1
etf-insight/services/optimization/black_litterman.go:310.26,312.30 2 1
etf-insight/services/optimization/black_litterman.go:312.30,314.4 1 1
etf-insight/services/optimization/black_litterman.go:321.2,322.25 2 1
etf-insight/services/optimization/black_litterman.go:322.25,323.26 1 1
etf-insight/services/optimization/black_litterman.go:323.26,325.4 1 1
etf-insight/services/optimization/black_litterman.go:329.2,330.25 2 1
etf-insight/services/optimization/black_litterman.go:330.25,332.3 1 1
etf-insight/services/optimization/black_litterman.go:336.2,339.33 2 1
etf-insight/services/optimization/black_litterman.go:339.33,341.3 1 1
etf-insight/services/optimization/black_litterman.go:344.2,344.56 1 1
etf-insight/services/optimization/black_litterman.go:344.56,345.54 1 1
etf-insight/services/optimization/black_litterman.go:345.54,349.29 3 1
etf-insight/services/optimization/black_litterman.go:349.29,351.5 1 1
etf-insight/services/optimization/black_litterman.go:352.4,352.89 1 1
etf-insight/services/optimization/black_litterman.go:356.2,356.25 1 1
etf-insight/services/optimization/black_litterman.go:360.86,362.30 2 1
etf-insight/services/optimization/black_litterman.go:362.30,365.37 3 1
etf-insight/services/optimization/black_litterman.go:365.37,366.20 1 1
etf-insight/services/optimization/black_litterman.go:366.20,369.5 2 1
etf-insight/services/optimization/black_litterman.go:371.3,372.22 2 1
etf-insight/services/optimization/black_litterman.go:372.22,374.4 1 1
etf-insight/services/optimization/black_litterman.go:375.3,380.5 1 1
etf-insight/services/optimization/black_litterman.go:382.2,382.14 1 1
etf-insight/services/optimization/black_litterman.go:391.22,396.33 3 1
etf-insight/services/optimization/black_litterman.go:396.33,398.3 1 1
etf-insight/services/optimization/black_litterman.go:401.2,402.25 2 1
etf-insight/services/optimization/black_litterman.go:402.25,404.3 1 1
etf-insight/services/optimization/black_litterman.go:408.2,410.25 3 1
etf-insight/services/optimization/black_litterman.go:410.25,413.3 2 1
etf-insight/services/optimization/black_litterman.go:415.2,415.25 1 1
etf-insight/services/optimization/black_litterman.go:415.25,417.3 1 1
etf-insight/services/optimization/black_litterman.go:420.2,424.33 3 1
etf-insight/services/optimization/black_litterman.go:424.33,426.3 1 1
etf-insight/services/optimization/black_litterman.go:428.2,428.15 1 1
etf-insight/services/optimization/black_litterman.go:436.13,441.33 3 1
etf-insight/services/optimization/black_litterman.go:441.33,443.69 2 1
etf-insight/services/optimization/black_litterman.go:443.69,445.4 1 1
etf-insight/services/optimization/black_litterman.go:446.3,446.69 1 1
etf-insight/services/optimization/black_litterman.go:446.69,448.4 1 1
etf-insight/services/optimization/black_litterman.go:452.2,453.27 2 1
etf-insight/services/optimization/black_litterman.go:453.27,455.3 1 1
etf-insight/services/optimization/black_litterman.go:456.2,456.13 1 1
etf-insight/services/optimization/black_litterman.go:456.13,457.25 1 1
etf-insight/services/optimization/black_litterman.go:457.25,459.4 1 1
etf-insight/services/optimization/black_litterman.go:462.2,462.15 1 1
etf-insight/services/optimization/black_litterman.go:471.22,473.2 1 1
etf-insight/services/optimization/black_litterman.go:476.93,477.21 1 1
etf-insight/services/optimization/black_litterman.go:477.21,479.3 1 1
etf-insight/services/optimization/black_litterman.go:481.2,482.29 2 1
etf-insight/services/optimization/black_litterman.go:482.29,484.3 1 1
etf-insight/services/optimization/black_litterman.go:486.2,486.46 1 1
etf-insight/services/optimization/black_litterman.go:495.22,497.36 2 1
etf-insight/services/optimization/black_litterman.go:497.36,499.3 1 1
etf-insight/services/optimization/black_litterman.go:501.2,503.23 3 1
etf-insight/services/optimization/black_litterman.go:503.23,505.3 1 1
etf-insight/services/optimization/black_litterman.go:506.2,506.29 1 1
etf-insight/services/optimization/black_litterman.go:506.29,507.30 1 1
etf-insight/services/optimization/black_litterman.go:507.30,509.4 1 1
etf-insight/services/optimization/black_litterman.go:512.2,512.77 1 1
etf-insight/services/optimization/mpt_optimizer.go:21.38,27.2 1 1
etf-insight/services/optimization/mpt_optimizer.go:30.54,32.2 1 1
etf-insight/services/optimization/mpt_optimizer.go:65.50,69.33 3 1
etf-insight/services/optimization/mpt_optimizer.go:69.33,72.3 2 1
etf-insight/services/optimization/mpt_optimizer.go:74.2,81.3 1 1
etf-insight/services/optimization/mpt_optimizer.go:85.66,87.2 1 1
etf-insight/services/optimization/mpt_optimizer.go:90.66,92.2 1 1
etf-insight/services/optimization/mpt_optimizer.go:95.67,97.2 1 1
etf-insight/services/optimization/mpt_optimizer.go:107.29,110.30 2 1
etf-insight/services/optimization/mpt_optimizer.go:110.30,112.3 1 1
etf-insight/services/optimization/mpt_optimizer.go:114.2,114.23 1 1
etf-insight/services/optimization/mpt_optimizer.go:114.23,116.3 1 1
etf-insight/services/optimization/mpt_optimizer.go:119.2,119.29 1 1
etf-insight/services/optimization/mpt_optimizer.go:119.29,120.34 1 1
etf-insight/services/optimization/mpt_optimizer.go:120.34,122.4 1 0
etf-insight/services/optimization/mpt_optimizer.go:123.3,123.30 1 1
etf-insight/services/optimization/mpt_optimizer.go:123.30,124.39 1 1
etf-insight/services/optimization/mpt_optimizer.go:124.39,126.5 1 1
etf-insight/services/optimization/mpt_optimizer.go:131.2,134.23 4 1
etf-insight/services/optimization/mpt_optimizer.go:134.23,136.3 1 1
etf-insight/services/optimization/mpt_optimizer.go:138.2,138.29 1 1
etf-insight/services/optimization/mpt_optimizer.go:138.29,140.30 2 1
etf-insight/services/optimization/mpt_optimizer.go:140.30,142.4 1 1
etf-insight/services/optimization/mpt_optimizer.go:146.2,148.33 3 1
etf-insight/services/optimization/mpt_optimizer.go:148.33,149.50 1 1
etf-insight/services/optimization/mpt_optimizer.go:149.50,151.4 1 1
etf-insight/services/optimization/mpt_optimizer.go:152.3,152.50 1 1
etf-insight/services/optimization/mpt_optimizer.go:152.50,154.4 1 1
etf-insight/services/optimization/mpt_optimizer.go:160.2,161.16 2 1
etf-insight/services/optimization/mpt_optimizer.go:161.16,163.3 1 0
etf-insight/services/optimization/mpt_optimizer.go:166.2,167.33 2 1
etf-insight/services/optimization/mpt_optimizer.go:167.33,169.3 1 1
etf-insight/services/optimization/mpt_optimizer.go:172.2,179.28 6 1
etf-insight/services/optimization/mpt_optimizer.go:179.28,181.3 1 0
etf-insight/services/optimization/mpt_optimizer.go:184.2,188.28 3 1
etf-insight/services/optimization/mpt_optimizer.go:188.28,190.3 1 1
etf-insight/services/optimization/mpt_optimizer.go:193.2,204.8 2 1
etf-insight/services/optimization/mpt_optimizer.go:212.29,217.28 3 1
etf-insight/services/optimization/mpt_optimizer.go:217.28,218.38 1 1
etf-insight/services/optimization/mpt_optimizer.go:218.38,220.4 1 1
etf-insight/services/optimization/mpt_optimizer.go:221.3,221.20 1 1
etf-insight/services/optimization/mpt_optimizer.go:221.20,223.4 1 1
etf-insight/services/optimization/mpt_optimizer.go:226.2,231.30 4 1
etf-insight/services/optimization/mpt_optimizer.go:231.30,235.17 3 1
etf-insight/services/optimization/mpt_optimizer.go:235.17,236.12 1 0
etf-insight/services/optimization/mpt_optimizer.go:239.3,239.38 1 1
etf-insight/services/optimization/mpt_optimizer.go:239.38,242.4 2 1
etf-insight/services/optimization/mpt_optimizer.go:245.2,245.23 1 1
etf-insight/services/optimization/mpt_optimizer.go:245.23,247.3 1 0
etf-insight/services/optimization/mpt_optimizer.go:249.2,249.24 1 1
etf-insight/services/optimization/mpt_optimizer.go:257.29,260.2 1 1
etf-insight/services/optimization/mpt_optimizer.go:268.29,272.30 2 1
etf-insight/services/optimization/mpt_optimizer.go:272.30,274.3 1 1
etf-insight/services/optimization/mpt_optimizer.go:276.2,279.23 4 1
etf-insight/services/optimization/mpt_optimizer.go:279.23,281.3 1 1
etf-insight/services/optimization/mpt_optimizer.go:283.2,283.29 1 1
etf-insight/services/optimization/mpt_optimizer.go:283.29,285.30 2 1
etf-insight/services/optimization/mpt_optimizer.go:285.30,287.4 1 1
etf-insight/services/optimization/mpt_optimizer.go:291.2,293.33 3 1
etf-insight/services/optimization/mpt_optimizer.go:293.33,294.50 1 1
etf-insight/services/optimization/mpt_optimizer.go:294.50,296.4 1 1
etf-insight/services/optimization/mpt_optimizer.go:297.3,297.50 1 1
etf-insight/services/optimization/mpt_optimizer.go:297.50,299.4 1 1
etf-insight/services/optimization/mpt_optimizer.go:303.2,306.16 2 1
etf-insight/services/optimization/mpt_optimizer.go:306.16,308.3 1 0
etf-insight/services/optimization/mpt_optimizer.go:311.2,312.33 2 1
etf-insight/services/optimization/mpt_optimizer.go:312.33,314.3 1 1
etf-insight/services/optimization/mpt_optimizer.go:316.2,322.28 6 1
etf-insight/services/optimization/mpt_optimizer.go:322.28,324.3 1 0
etf-insight/services/optimization/mpt_optimizer.go:326.2,329.28 3 1
etf-insight/services/optimization/mpt_optimizer.go:329.28,331.3 1 1
etf-insight/services/optimization/mpt_optimizer.go:333.2,344.8 2 1
etf-insight/services/optimization/mpt_optimizer.go:353.38,354.19 1 1
etf-insight/services/optimization/mpt_optimizer.go:354.19,356.3 1 1
etf-insight/services/optimization/mpt_optimizer.go:359.2,361.28 3 1
etf-insight/services/optimization/mpt_optimizer.go:361.28,362.38 1 1
etf-insight/services/optimization/mpt_optimizer.go:362.38,364.4 1 1
etf-insight/services/optimization/mpt_optimizer.go:365.3,365.20 1 1
etf-insight/services/optimization/mpt_optimizer.go:365.20,367.4 1 1
etf-insight/services/optimization/mpt_optimizer.go:370.2,372.33 2 1
etf-insight/services/optimization/mpt_optimizer.go:372.33,376.17 3 1
etf-insight/services/optimization/mpt_optimizer.go:376.17,377.12 1 0
etf-insight/services/optimization/mpt_optimizer.go:380.3,385.5 1 1
etf-insight/services/optimization/mpt_optimizer.go:389.2,389.43 1 1
etf-insight/services/optimization/mpt_optimizer.go:389.43,391.3 1 1
etf-insight/services/optimization/mpt_optimizer.go:393.2,393.22 1 1
etf-insight/services/optimization/mpt_optimizer.go:406.22,411.25 3 1
etf-insight/services/optimization/mpt_optimizer.go:411.25,413.3 1 1
etf-insight/services/optimization/mpt_optimizer.go:416.2,417.42 2 1
etf-insight/services/optimization/mpt_optimizer.go:417.42,420.26 2 1
etf-insight/services/optimization/mpt_optimizer.go:420.26,421.27 1 1
etf-insight/services/optimization/mpt_optimizer.go:421.27,423.5 1 1
etf-insight/services/optimization/mpt_optimizer.go:427.3,428.26 2 1
etf-insight/services/optimization/mpt_optimizer.go:428.26,430.4 1 1
etf-insight/services/optimization/mpt_optimizer.go:433.3,437.26 3 1
etf-insight/services/optimization/mpt_optimizer.go:437.26,440.4 2 1
etf-insight/services/optimization/mpt_optimizer.go:442.3,444.36 2 1
etf-insight/services/optimization/mpt_optimizer.go:444.36,445.9 1 1
etf-insight/services/optimization/mpt_optimizer.go:449.3,449.20 1 1
etf-insight/services/optimization/mpt_optimizer.go:449.20,451.4 1 1
etf-insight/services/optimization/mpt_optimizer.go:454.2,454.21 1 1
etf-insight/services/optimization/mpt_optimizer.go:465.22,470.25 3 1
etf-insight/services/optimization/mpt_optimizer.go:470.25,472.3 1 1
etf-insight/services/optimization/mpt_optimizer.go:474.2,477.42 3 1
etf-insight/services/optimization/mpt_optimizer.go:477.42,480.26 2 1
etf-insight/services/optimization/mpt_optimizer.go:480.26,482.4 1 1
etf-insight/services/optimization/mpt_optimizer.go:485.3,486.26 2 1
etf-insight/services/optimization/mpt_optimizer.go:486.26,488.27 1 1
etf-insight/services/optimization/mpt_optimizer.go:488.27,490.5 1 1
etf-insight/services/optimization/mpt_optimizer.go:492.4,493.58 2 1
etf-insight/services/optimization/mpt_optimizer.go:497.3,498.26 2 1
etf-insight/services/optimization/mpt_optimizer.go:498.26,500.4 1 1
etf-insight/services/optimization/mpt_optimizer.go:503.3,507.26 3 1
etf-insight/services/optimization/mpt_optimizer.go:507.26,510.4 2 1
etf-insight/services/optimization/mpt_optimizer.go:512.3,514.36 2 1
etf-insight/services/optimization/mpt_optimizer.go:514.36,515.9 1 1
etf-insight/services/optimization/mpt_optimizer.go:518.3,518.20 1 1
etf-insight/services/optimization/mpt_optimizer.go:518.20,520.4 1 1
etf-insight/services/optimization/mpt_optimizer.go:523.2,523.21 1 1
etf-insight/services/optimization/mpt_optimizer.go:532.13,537.25 3 1
etf-insight/services/optimization/mpt_optimizer.go:537.25,539.32 2 1
etf-insight/services/optimization/mpt_optimizer.go:539.32,541.4 1 1
etf-insight/services/optimization/mpt_optimizer.go:542.3,542.32 1 1
etf-insight/services/optimization/mpt_optimizer.go:542.32,544.4 1 1
etf-insight/services/optimization/mpt_optimizer.go:548.2,549.27 2 1
etf-insight/services/optimization/mpt_optimizer.go:549.27,551.3 1 1
etf-insight/services/optimization/mpt_optimizer.go:553.2,553.20 1 1
etf-insight/services/optimization/mpt_optimizer.go:553.20,555.25 2 1
etf-insight/services/optimization/mpt_optimizer.go:555.25,557.4 1 1
etf-insight/services/optimization/mpt_optimizer.go:561.2,561.25 1 1
etf-insight/services/optimization/mpt_optimizer.go:561.25,562.32 1 1
etf-insight/services/optimization/mpt_optimizer.go:562.32,564.4 1 0
etf-insight/services/optimization/mpt_optimizer.go:565.3,565.32 1 1
etf-insight/services/optimization/mpt_optimizer.go:565.32,567.4 1 1
etf-insight/services/optimization/mpt_optimizer.go:570.2,570.15 1 1
etf-insight/services/optimization/mpt_optimizer.go:574.90,576.31 2 1
etf-insight/services/optimization/mpt_optimizer.go:576.31,578.3 1 1
etf-insight/services/optimization/mpt_optimizer.go:579.2,579.15 1 1
etf-insight/services/optimization/mpt_optimizer.go:583.99,585.36 2 1
etf-insight/services/optimization/mpt_optimizer.go:585.36,586.37 1 1
etf-insight/services/optimization/mpt_optimizer.go:586.37,588.4 1 1
etf-insight/services/optimization/mpt_optimizer.go:590.2,590.28 1 1
etf-insight/services/optimization/mpt_optimizer.go:598.11,601.33 2 1
etf-insight/services/optimization/mpt_optimizer.go:601.33,603.3 1 1
etf-insight/services/optimization/mpt_optimizer.go:606.2,607.29 2 1
etf-insight/services/optimization/mpt_optimizer.go:607.29,608.30 1 1
etf-insight/services/optimization/mpt_optimizer.go:608.30,610.68 1 1
etf-insight/services/optimization/mpt_optimizer.go:610.68,612.5 1 0
etf-insight/services/optimization/mpt_optimizer.go:616.2,616.31 1 1
etf-insight/services/optimization/mpt_optimizer.go:624.22,628.23 3 1
etf-insight/services/optimization/mpt_optimizer.go:628.23,630.34 2 1
etf-insight/services/optimization/mpt_optimizer.go:630.34,632.4 1 1
etf-insight/services/optimization/mpt_optimizer.go:633.3,633.16 1 1
etf-insight/services/optimization/mpt_optimizer.go:637.2,638.25 2 1
etf-insight/services/optimization/mpt_optimizer.go:638.25,639.26 1 1
etf-insight/services/optimization/mpt_optimizer.go:639.26,641.4 1 1
etf-insight/services/optimization/mpt_optimizer.go:645.2,646.33 2 1
etf-insight/services/optimization/mpt_optimizer.go:646.33,649.3 2 1
etf-insight/services/optimization/mpt_optimizer.go:651.2,651.15 1 1
etf-insight/services/optimization/mpt_optimizer.go:655.100,660.36 2 1
etf-insight/services/optimization/mpt_optimizer.go:660.36,663.3 2 1
etf-insight/services/optimization/mpt_optimizer.go:665.2,667.23 2 1
etf-insight/services/optimization/mpt_optimizer.go:667.23,669.3 1 1
etf-insight/services/optimization/mpt_optimizer.go:671.2,671.38 1 1
etf-insight/services/optimization/mpt_optimizer.go:675.50,678.2 2 1
etf-insight/services/optimization/mpt_optimizer.go:681.50,683.2 1 1
etf-insight/services/optimization/risk_parity.go:16.52,21.2 1 1
etf-insight/services/optimization/risk_parity.go:44.70,48.33 3 1
etf-insight/services/optimization/risk_parity.go:48.33,51.3 2 1
etf-insight/services/optimization/risk_parity.go:53.2,59.3 1 1
etf-insight/services/optimization/risk_parity.go:68.30,70.30 2 1
etf-insight/services/optimization/risk_parity.go:70.30,72.3 1 1
etf-insight/services/optimization/risk_parity.go:74.2,74.23 1 1
etf-insight/services/optimization/risk_parity.go:74.23,76.3 1 1
etf-insight/services/optimization/risk_parity.go:78.2,82.23 3 1
etf-insight/services/optimization/risk_parity.go:82.23,84.3 1 1
etf-insight/services/optimization/risk_parity.go:86.2,86.29 1 1
etf-insight/services/optimization/risk_parity.go:86.29,87.30 1 1
etf-insight/services/optimization/risk_parity.go:87.30,89.4 1 1
etf-insight/services/optimization/risk_parity.go:93.2,94.16 2 1
etf-insight/services/optimization/risk_parity.go:94.16,96.3 1 0
etf-insight/services/optimization/risk_parity.go:99.2,100.63 2 1
etf-insight/services/optimization/risk_parity.go:100.63,102.21 2 1
etf-insight/services/optimization/risk_parity.go:102.21,104.41 2 1
etf-insight/services/optimization/risk_parity.go:104.41,106.5 1 0
etf-insight/services/optimization/risk_parity.go:107.4,107.27 1 1
etf-insight/services/optimization/risk_parity.go:107.27,109.5 1 1
etf-insight/services/optimization/risk_parity.go:114.2,115.33 2 1
etf-insight/services/optimization/risk_parity.go:115.33,117.3 1 1
etf-insight/services/optimization/risk_parity.go:120.2,124.33 3 1
etf-insight/services/optimization/risk_parity.go:124.33,126.3 1 1
etf-insight/services/optimization/risk_parity.go:127.2,140.8 3 1
etf-insight/services/optimization/risk_parity.go:149.30,151.2 1 1
etf-insight/services/optimization/risk_parity.go:159.30,161.30 2 1
etf-insight/services/optimization/risk_parity.go:161.30,163.3 1 1
etf-insight/services/optimization/risk_parity.go:165.2,169.29 3 1
etf-insight/services/optimization/risk_parity.go:169.29,171.14 2 1
etf-insight/services/optimization/risk_parity.go:171.14,173.4 1 1
etf-insight/services/optimization/risk_parity.go:177.2,178.28 2 1
etf-insight/services/optimization/risk_parity.go:178.28,180.3 1 1
etf-insight/services/optimization/risk_parity.go:182.2,183.25 2 1
etf-insight/services/optimization/risk_parity.go:183.25,185.3 1 1
etf-insight/services/optimization/risk_parity.go:188.2,192.23 3 1
etf-insight/services/optimization/risk_parity.go:192.23,194.3 1 1
etf-insight/services/optimization/risk_parity.go:195.2,195.29 1 1
etf-insight/services/optimization/risk_parity.go:195.29,196.30 1 1
etf-insight/services/optimization/risk_parity.go:196.30,198.4 1 1
etf-insight/services/optimization/risk_parity.go:202.2,203.33 2 1
etf-insight/services/optimization/risk_parity.go:203.33,205.3 1 1
etf-insight/services/optimization/risk_parity.go:207.2,210.33 3 1
etf-insight/services/optimization/risk_parity.go:210.33,212.3 1 1
etf-insight/services/optimization/risk_parity.go:213.2,223.8 2 1
etf-insight/services/optimization/risk_parity.go:232.22,237.25 3 1
etf-insight/services/optimization/risk_parity.go:237.25,239.3 1 1
etf-insight/services/optimization/risk_parity.go:242.2,242.42 1 1
etf-insight/services/optimization/risk_parity.go:242.42,245.24 2 1
etf-insight/services/optimization/risk_parity.go:245.24,247.4 1 0
etf-insight/services/optimization/risk_parity.go:249.3,250.26 2 1
etf-insight/services/optimization/risk_parity.go:250.26,251.27 1 1
etf-insight/services/optimization/risk_parity.go:251.27,253.5 1 1
etf-insight/services/optimization/risk_parity.go:257.3,261.26 3 1
etf-insight/services/optimization/risk_parity.go:261.26,263.4 1 1
etf-insight/services/optimization/risk_parity.go:266.3,267.26 2 1
etf-insight/services/optimization/risk_parity.go:267.26,269.4 1 1
etf-insight/services/optimization/risk_parity.go:272.3,274.26 3 1
etf-insight/services/optimization/risk_parity.go:274.26,276.4 1 1
etf-insight/services/optimization/risk_parity.go:279.3,283.26 3 1
etf-insight/services/optimization/risk_parity.go:283.26,286.4 2 1
etf-insight/services/optimization/risk_parity.go:288.3,290.36 2 1
etf-insight/services/optimization/risk_parity.go:290.36,291.9 1 1
etf-insight/services/optimization/risk_parity.go:295.2,295.21 1 1
etf-insight/services/optimization/risk_parity.go:303.13,308.33 3 1
etf-insight/services/optimization/risk_parity.go:308.33,311.69 2 1
etf-insight/services/optimization/risk_parity.go:311.69,313.4 1 1
etf-insight/services/optimization/risk_parity.go:314.3,314.69 1 1
etf-insight/services/optimization/risk_parity.go:314.69,316.4 1 1
etf-insight/services/optimization/risk_parity.go:320.2,321.27 2 1
etf-insight/services/optimization/risk_parity.go:321.27,323.3 1 1
etf-insight/services/optimization/risk_parity.go:325.2,325.13 1 1
etf-insight/services/optimization/risk_parity.go:325.13,326.25 1 1
etf-insight/services/optimization/risk_parity.go:326.25,328.4 1 1
etf-insight/services/optimization/risk_parity.go:331.2,331.15 1 1
etf-insight/services/optimization/risk_parity.go:339.22,343.23 3 1
etf-insight/services/optimization/risk_parity.go:343.23,345.34 2 1
etf-insight/services/optimization/risk_parity.go:345.34,347.4 1 1
etf-insight/services/optimization/risk_parity.go:348.3,348.16 1 1
etf-insight/services/optimization/risk_parity.go:351.2,352.25 2 1
etf-insight/services/optimization/risk_parity.go:352.25,353.26 1 1
etf-insight/services/optimization/risk_parity.go:353.26,355.4 1 1
etf-insight/services/optimization/risk_parity.go:358.2,360.33 3 1
etf-insight/services/optimization/risk_parity.go:360.33,364.3 3 1
etf-insight/services/optimization/risk_parity.go:367.2,367.17 1 1
etf-insight/services/optimization/risk_parity.go:367.17,368.30 1 1
etf-insight/services/optimization/risk_parity.go:368.30,370.4 1 1
etf-insight/services/optimization/risk_parity.go:373.2,373.15 1 1
etf-insight/services/optimization/risk_parity.go:377.106,379.36 2 1
etf-insight/services/optimization/risk_parity.go:379.36,380.37 1 1
etf-insight/services/optimization/risk_parity.go:380.37,382.4 1 1
etf-insight/services/optimization/risk_parity.go:384.2,384.28 1 1
etf-insight/services/optimization/risk_parity.go:388.107,390.36 2 1
etf-insight/services/optimization/risk_parity.go:390.36,393.3 2 1
etf-insight/services/optimization/risk_parity.go:395.2,397.23 2 1
etf-insight/services/optimization/risk_parity.go:397.23,399.3 1 1
etf-insight/services/optimization/risk_parity.go:401.2,401.38 1 1
etf-insight/services/optimization/risk_parity.go:411.30,413.30 2 1
etf-insight/services/optimization/risk_parity.go:413.30,415.3 1 1
etf-insight/services/optimization/risk_parity.go:417.2,421.36 3 1
etf-insight/services/optimization/risk_parity.go:421.36,423.3 1 1
etf-insight/services/optimization/risk_parity.go:425.2,425.38 1 1
etf-insight/services/optimization/risk_parity.go:425.38,427.34 1 1
etf-insight/services/optimization/risk_parity.go:427.34,429.4 1 1
etf-insight/services/optimization/risk_parity.go:433.2,434.23 2 1
etf-insight/services/optimization/risk_parity.go:434.23,436.3 1 1
etf-insight/services/optimization/risk_parity.go:438.2,438.29 1 1
etf-insight/services/optimization/risk_parity.go:438.29,439.30 1 1
etf-insight/services/optimization/risk_parity.go:439.30,441.4 1 1
etf-insight/services/optimization/risk_parity.go:445.2,446.16 2 1
etf-insight/services/optimization/risk_parity.go:446.16,448.3 1 0
etf-insight/services/optimization/risk_parity.go:451.2,452.33 2 1
etf-insight/services/optimization/risk_parity.go:452.33,454.3 1 1
etf-insight/services/optimization/risk_parity.go:456.2,459.33 3 1
etf-insight/services/optimization/risk_parity.go:459.33,461.3 1 1
etf-insight/services/optimization/risk_parity.go:462.2,472.8 2 1
etf-insight/services/optimization/risk_parity.go:481.22,486.25 3 1
etf-insight/services/optimization/risk_parity.go:486.25,488.3 1 1
etf-insight/services/optimization/risk_parity.go:490.2,490.42 1 1
etf-insight/services/optimization/risk_parity.go:490.42,492.24 2 1
etf-insight/services/optimization/risk_parity.go:492.24,494.4 1 0
etf-insight/services/optimization/risk_parity.go:496.3,497.26 2 1
etf-insight/services/optimization/risk_parity.go:497.26,498.27 1 1
etf-insight/services/optimization/risk_parity.go:498.27,500.5 1 1
etf-insight/services/optimization/risk_parity.go:504.3,505.26 2 1
etf-insight/services/optimization/risk_parity.go:505.26,507.4 1 1
etf-insight/services/optimization/risk_parity.go:510.3,511.34 2 1
etf-insight/services/optimization/risk_parity.go:511.34,513.25 2 1
etf-insight/services/optimization/risk_parity.go:513.25,515.5 1 0
etf-insight/services/optimization/risk_parity.go:516.4,517.41 2 1
etf-insight/services/optimization/risk_parity.go:521.3,523.26 3 1
etf-insight/services/optimization/risk_parity.go:523.26,525.4 1 1
etf-insight/services/optimization/risk_parity.go:528.3,532.26 3 1
etf-insight/services/optimization/risk_parity.go:532.26,535.4 2 1
etf-insight/services/optimization/risk_parity.go:537.3,539.36 2 1
etf-insight/services/optimization/risk_parity.go:539.36,540.9 1 1
etf-insight/services/optimization/risk_parity.go:544.2,544.21 1 1
etf-insight/services/alpha_view_service.go:29.91,34.2 1 1
etf-insight/services/alpha_view_service.go:36.74,37.45 1 1
etf-insight/services/alpha_view_service.go:37.45,39.3 1 1
etf-insight/services/alpha_view_service.go:41.2,41.32 1 1
etf-insight/services/alpha_view_service.go:44.77,47.16 3 1
etf-insight/services/alpha_view_service.go:47.16,49.3 1 0
etf-insight/services/alpha_view_service.go:50.2,50.19 1 1
etf-insight/services/alpha_view_service.go:53.96,57.23 3 1
etf-insight/services/alpha_view_service.go:57.23,59.3 1 1
etf-insight/services/alpha_view_service.go:61.2,62.19 2 1
etf-insight/services/alpha_view_service.go:65.74,67.2 1 0
etf-insight/services/alpha_view_service.go:69.58,73.2 1 1
etf-insight/services/alpha_view_service.go:75.116,77.16 2 0
etf-insight/services/alpha_view_service.go:77.16,79.3 1 0
etf-insight/services/alpha_view_service.go:81.2,95.48 3 0
etf-insight/services/alpha_view_service.go:95.48,97.3 1 0
etf-insight/services/alpha_view_service.go:99.2,99.18 1 0
etf-insight/services/alpha_view_service.go:102.98,104.2 1 1
etf-insight/services/alpha_view_service.go:106.98,109.16 3 1
etf-insight/services/alpha_view_service.go:109.16,111.3 1 0
etf-insight/services/alpha_view_service.go:112.2,112.26 1 1
etf-insight/services/alpha_view_service.go:115.71,116.30 1 1
etf-insight/services/alpha_view_service.go:116.30,118.3 1 1
etf-insight/services/alpha_view_service.go:120.2,120.100 1 1
etf-insight/services/alpha_view_service.go:120.100,122.3 1 1
etf-insight/services/alpha_view_service.go:124.2,124.40 1 1
etf-insight/services/alpha_view_service.go:124.40,126.3 1 1
etf-insight/services/alpha_view_service.go:128.2,128.12 1 1
etf-insight/services/alpha_view_service.go:136.99,141.2 1 1
etf-insight/services/alpha_view_service.go:143.89,144.49 1 1
etf-insight/services/alpha_view_service.go:144.49,146.3 1 1
etf-insight/services/alpha_view_service.go:148.2,148.34 1 1
etf-insight/services/alpha_view_service.go:151.90,154.16 3 1
etf-insight/services/alpha_view_service.go:154.16,156.3 1 0
etf-insight/services/alpha_view_service.go:157.2,157.21 1 1
etf-insight/services/alpha_view_service.go:160.89,162.2 1 0
etf-insight/services/alpha_view_service.go:164.135,166.16 2 0
etf-insight/services/alpha_view_service.go:166.16,168.3 1 0
etf-insight/services/alpha_view_service.go:170.2,171.16 2 0
etf-insight/services/alpha_view_service.go:171.16,173.3 1 0
etf-insight/services/alpha_view_service.go:175.2,176.16 2 0
etf-insight/services/alpha_view_service.go:176.16,178.3 1 0
etf-insight/services/alpha_view_service.go:180.2,184.16 4 0
etf-insight/services/alpha_view_service.go:184.16,186.3 1 0
etf-insight/services/alpha_view_service.go:188.2,189.42 2 0
etf-insight/services/alpha_view_service.go:189.42,191.3 1 0
etf-insight/services/alpha_view_service.go:193.2,194.16 2 0
etf-insight/services/alpha_view_service.go:194.16,196.3 1 0
etf-insight/services/alpha_view_service.go:198.2,210.53 4 0
etf-insight/services/alpha_view_service.go:210.53,212.3 1 0
etf-insight/services/alpha_view_service.go:214.2,214.23 1 0
etf-insight/services/alpha_view_service.go:217.130,219.74 2 0
etf-insight/services/alpha_view_service.go:219.74,221.3 1 0
etf-insight/services/alpha_view_service.go:223.2,223.21 1 0
etf-insight/services/alpha_view_service.go:223.21,225.3 1 0
etf-insight/services/alpha_view_service.go:227.2,227.53 1 0
etf-insight/services/alpha_view_service.go:230.103,235.16 3 0
etf-insight/services/alpha_view_service.go:235.16,237.3 1 0
etf-insight/services/alpha_view_service.go:238.2,238.24 1 0
etf-insight/services/alpha_view_service.go:241.91,242.33 1 1
etf-insight/services/alpha_view_service.go:242.33,244.3 1 1
etf-insight/services/alpha_view_service.go:246.2,246.35 1 1
etf-insight/services/alpha_view_service.go:246.35,248.3 1 0
etf-insight/services/alpha_view_service.go:250.2,250.55 1 1
etf-insight/services/alpha_view_service.go:250.55,252.3 1 1
etf-insight/services/alpha_view_service.go:254.2,254.12 1 1
etf-insight/services/alpha_view_service.go:257.99,259.70 2 1
etf-insight/services/alpha_view_service.go:259.70,261.3 1 0
etf-insight/services/alpha_view_service.go:263.2,264.28 2 1
etf-insight/services/alpha_view_service.go:264.28,266.3 1 1
etf-insight/services/alpha_view_service.go:267.2,267.20 1 1
etf-insight/services/alpha_view_service.go:270.100,272.62 2 1
etf-insight/services/alpha_view_service.go:272.62,274.3 1 0
etf-insight/services/alpha_view_service.go:276.2,277.26 2 1
etf-insight/services/alpha_view_service.go:277.26,279.27 2 1
etf-insight/services/alpha_view_service.go:279.27,281.4 1 1
etf-insight/services/alpha_view_service.go:283.2,283.20 1 1
etf-insight/services/alpha_view_service.go:286.161,290.25 3 0
etf-insight/services/alpha_view_service.go:290.25,292.26 2 0
etf-insight/services/alpha_view_service.go:292.26,294.4 1 0
etf-insight/services/alpha_view_service.go:295.3,295.37 1 0
etf-insight/services/alpha_view_service.go:298.2,298.16 1 0
etf-insight/services/alpha_view_service.go:301.182,305.19 3 0
etf-insight/services/alpha_view_service.go:305.19,307.3 1 0
etf-insight/services/alpha_view_service.go:309.2,312.23 3 0
etf-insight/services/alpha_view_service.go:312.23,314.3 1 0
etf-insight/services/alpha_view_service.go:316.2,316.29 1 0
etf-insight/services/alpha_view_service.go:316.29,318.39 2 0
etf-insight/services/alpha_view_service.go:318.39,319.34 1 0
etf-insight/services/alpha_view_service.go:319.34,321.10 2 0
etf-insight/services/alpha_view_service.go:324.3,324.23 1 0
etf-insight/services/alpha_view_service.go:324.23,326.4 1 0
etf-insight/services/alpha_view_service.go:327.3,331.65 4 0
etf-insight/services/alpha_view_service.go:334.2,334.25 1 0
etf-insight/services/alpha_view_service.go:337.213,339.12 2 0
etf-insight/services/alpha_view_service.go:339.12,341.3 1 0
etf-insight/services/alpha_view_service.go:343.2,345.16 3 0
etf-insight/services/alpha_view_service.go:345.16,349.3 3 0
etf-insight/services/alpha_view_service.go:351.2,352.74 2 0
etf-insight/services/alpha_view_service.go:352.74,356.3 3 0
etf-insight/services/alpha_view_service.go:358.2,359.16 2 0
etf-insight/services/alpha_view_service.go:359.16,363.3 3 0
etf-insight/services/alpha_view_service.go:365.2,367.16 3 0
etf-insight/services/alpha_view_service.go:367.16,371.3 3 0
etf-insight/services/alpha_view_service.go:372.2,373.16 2 0
etf-insight/services/alpha_view_service.go:373.16,377.3 3 0
etf-insight/services/alpha_view_service.go:379.2,381.16 3 0
etf-insight/services/alpha_view_service.go:381.16,385.3 3 0
etf-insight/services/alpha_view_service.go:387.2,398.45 8 0
etf-insight/services/alpha_view_service.go:401.90,404.25 3 0
etf-insight/services/alpha_view_service.go:404.25,406.39 2 0
etf-insight/services/alpha_view_service.go:406.39,408.4 1 0
etf-insight/services/alpha_view_service.go:410.2,410.15 1 0
etf-insight/services/alpha_view_service.go:413.64,416.25 3 0
etf-insight/services/alpha_view_service.go:416.25,418.34 2 0
etf-insight/services/alpha_view_service.go:418.34,420.4 1 0
etf-insight/services/alpha_view_service.go:422.2,422.15 1 0
etf-insight/services/alpha_view_service.go:425.59,428.25 3 0
etf-insight/services/alpha_view_service.go:428.25,430.3 1 0
etf-insight/services/alpha_view_service.go:431.2,431.15 1 0
etf-insight/services/alpha_view_service.go:434.99,437.25 3 0
etf-insight/services/alpha_view_service.go:437.25,439.36 2 0
etf-insight/services/alpha_view_service.go:439.36,441.4 1 0
etf-insight/services/alpha_view_service.go:442.3,442.18 1 0
etf-insight/services/alpha_view_service.go:444.2,444.15 1 0
etf-insight/services/alpha_view_service.go:447.86,450.25 3 0
etf-insight/services/alpha_view_service.go:450.25,453.3 2 0
etf-insight/services/alpha_view_service.go:455.2,455.25 1 0
etf-insight/services/alpha_view_service.go:455.25,457.21 2 0
etf-insight/services/alpha_view_service.go:457.21,459.4 1 0
etf-insight/services/alpha_view_service.go:461.3,461.26 1 0
etf-insight/services/alpha_view_service.go:461.26,464.4 2 0
etf-insight/services/alpha_view_service.go:466.3,466.26 1 0
etf-insight/services/alpha_view_service.go:466.26,467.14 1 0
etf-insight/services/alpha_view_service.go:467.14,469.28 2 0
etf-insight/services/alpha_view_service.go:469.28,472.6 2 0
etf-insight/services/alpha_view_service.go:477.2,477.21 1 0
etf-insight/services/alpha_view_service.go:480.85,481.25 1 0
etf-insight/services/alpha_view_service.go:481.25,483.3 1 0
etf-insight/services/alpha_view_service.go:485.2,490.25 5 0
etf-insight/services/alpha_view_service.go:490.25,492.26 2 0
etf-insight/services/alpha_view_service.go:492.26,494.27 2 0
etf-insight/services/alpha_view_service.go:494.27,496.5 1 0
etf-insight/services/alpha_view_service.go:497.4,497.22 1 0
etf-insight/services/alpha_view_service.go:501.2,501.20 1 0
etf-insight/services/alpha_view_service.go:504.79,505.22 1 0
etf-insight/services/alpha_view_service.go:505.22,507.3 1 0
etf-insight/services/alpha_view_service.go:509.2,512.25 4 0
etf-insight/services/alpha_view_service.go:512.25,514.26 2 0
etf-insight/services/alpha_view_service.go:514.26,516.4 1 0
etf-insight/services/alpha_view_service.go:518.2,518.15 1 0
etf-insight/services/alpha_view_service.go:521.53,523.2 1 1
etf-insight/services/ashare_price_service.go:46.50,57.2 1 0
etf-insight/services/ashare_price_service.go:60.57,62.75 2 0
etf-insight/services/ashare_price_service.go:62.75,64.3 1 0
etf-insight/services/ashare_price_service.go:66.2,68.27 2 0
etf-insight/services/ashare_price_service.go:68.27,69.48 1 0
etf-insight/services/ashare_price_service.go:69.48,71.12 2 0
etf-insight/services/ashare_price_service.go:73.3,73.37 1 0
etf-insight/services/ashare_price_service.go:76.2,77.12 2 0
etf-insight/services/ashare_price_service.go:81.82,87.39 4 0
etf-insight/services/ashare_price_service.go:87.39,88.30 1 0
etf-insight/services/ashare_price_service.go:88.30,90.12 2 0
etf-insight/services/ashare_price_service.go:93.3,94.57 2 0
etf-insight/services/ashare_price_service.go:94.57,101.9 4 0
etf-insight/services/ashare_price_service.go:103.3,107.16 2 0
etf-insight/services/ashare_price_service.go:110.2,110.22 1 0
etf-insight/services/ashare_price_service.go:110.22,112.3 1 0
etf-insight/services/ashare_price_service.go:115.2,125.50 10 0
etf-insight/services/ashare_price_service.go:125.50,127.3 1 0
etf-insight/services/ashare_price_service.go:129.2,134.12 2 0
etf-insight/services/ashare_price_service.go:138.67,144.39 3 0
etf-insight/services/ashare_price_service.go:144.39,152.57 3 0
etf-insight/services/ashare_price_service.go:152.57,156.4 3 0
etf-insight/services/ashare_price_service.go:156.9,160.4 3 0
etf-insight/services/ashare_price_service.go:162.3,162.38 1 0
etf-insight/services/ashare_price_service.go:165.2,165.17 1 0
etf-insight/services/ashare_price_service.go:184.38,188.2 1 0
etf-insight/services/ashare_price_service.go:190.41,192.2 1 0
etf-insight/services/ashare_price_service.go:194.43,196.2 1 0
etf-insight/services/ashare_price_service.go:199.68,205.16 4 0
etf-insight/services/ashare_price_service.go:205.16,207.3 1 0
etf-insight/services/ashare_price_service.go:208.2,211.16 3 0
etf-insight/services/ashare_price_service.go:211.16,213.3 1 0
etf-insight/services/ashare_price_service.go:214.2,217.16 3 0
etf-insight/services/ashare_price_service.go:217.16,219.3 1 0
etf-insight/services/ashare_price_service.go:221.2,221.46 1 0
etf-insight/services/ashare_price_service.go:224.60,226.70 1 0
etf-insight/services/ashare_price_service.go:226.70,228.3 1 0
etf-insight/services/ashare_price_service.go:229.2,229.22 1 0
etf-insight/services/ashare_price_service.go:232.79,235.37 2 0
etf-insight/services/ashare_price_service.go:235.37,237.3 1 0
etf-insight/services/ashare_price_service.go:239.2,243.22 4 0
etf-insight/services/ashare_price_service.go:243.22,245.3 1 0
etf-insight/services/ashare_price_service.go:248.2,255.23 7 0
etf-insight/services/ashare_price_service.go:255.23,257.3 1 0
etf-insight/services/ashare_price_service.go:259.2,270.8 1 0
etf-insight/services/ashare_price_service.go:279.48,283.2 1 0
etf-insight/services/ashare_price_service.go:285.46,287.2 1 0
etf-insight/services/ashare_price_service.go:289.48,291.2 1 0
etf-insight/services/ashare_price_service.go:294.73,300.16 3 0
etf-insight/services/ashare_price_service.go:300.16,302.3 1 0
etf-insight/services/ashare_price_service.go:303.2,307.16 4 0
etf-insight/services/ashare_price_service.go:307.16,309.3 1 0
etf-insight/services/ashare_price_service.go:310.2,325.67 3 0
etf-insight/services/ashare_price_service.go:325.67,327.3 1 0
etf-insight/services/ashare_price_service.go:329.2,329.35 1 0
etf-insight/services/ashare_price_service.go:329.35,331.3 1 0
etf-insight/services/ashare_price_service.go:334.2,350.8 5 0
etf-insight/services/ashare_price_service.go:353.65,355.70 1 0
etf-insight/services/ashare_price_service.go:355.70,357.3 1 0
etf-insight/services/ashare_price_service.go:358.2,358.22 1 0
etf-insight/services/ashare_price_service.go:363.35,367.2 3 0
etf-insight/services/ashare_price_service.go:369.31,373.2 3 0
etf-insight/services/ashare_price_service.go:381.44,385.2 1 0
etf-insight/services/ashare_price_service.go:387.44,389.2 1 0
etf-insight/services/ashare_price_service.go:391.46,393.2 1 0
etf-insight/services/ashare_price_service.go:396.71,402.16 4 0
etf-insight/services/ashare_price_service.go:402.16,404.3 1 0
etf-insight/services/ashare_price_service.go:405.2,408.16 3 0
etf-insight/services/ashare_price_service.go:408.16,410.3 1 0
etf-insight/services/ashare_price_service.go:411.2,414.16 3 0
etf-insight/services/ashare_price_service.go:414.16,416.3 1 0
etf-insight/services/ashare_price_service.go:418.2,418.49 1 0
etf-insight/services/ashare_price_service.go:421.63,423.70 1 0
etf-insight/services/ashare_price_service.go:423.70,425.3 1 0
etf-insight/services/ashare_price_service.go:426.2,426.22 1 0
etf-insight/services/ashare_price_service.go:429.85,432.37 2 0
etf-insight/services/ashare_price_service.go:432.37,434.3 1 0
etf-insight/services/ashare_price_service.go:436.2,440.22 4 0
etf-insight/services/ashare_price_service.go:440.22,442.3 1 0
etf-insight/services/ashare_price_service.go:444.2,451.23 7 0
etf-insight/services/ashare_price_service.go:451.23,453.3 1 0
etf-insight/services/ashare_price_service.go:455.2,466.8 1 0
etf-insight/services/ashare_price_service.go:475.44,479.2 1 0
etf-insight/services/ashare_price_service.go:481.44,483.2 1 0
etf-insight/services/ashare_price_service.go:485.46,487.2 1 0
etf-insight/services/ashare_price_service.go:490.71,496.16 4 0
etf-insight/services/ashare_price_service.go:496.16,498.3 1 0
etf-insight/services/ashare_price_service.go:499.2,503.16 4 0
etf-insight/services/ashare_price_service.go:503.16,505.3 1 0
etf-insight/services/ashare_price_service.go:506.2,509.16 3 0
etf-insight/services/ashare_price_service.go:509.16,511.3 1 0
etf-insight/services/ashare_price_service.go:513.2,513.42 1 0
etf-insight/services/ashare_price_service.go:516.63,517.70 1 0
etf-insight/services/ashare_price_service.go:517.70,519.3 1 0
etf-insight/services/ashare_price_service.go:520.2,520.22 1 0
etf-insight/services/ashare_price_service.go:523.78,526.37 2 0
etf-insight/services/ashare_price_service.go:526.37,528.3 1 0
etf-insight/services/ashare_price_service.go:530.2,534.22 4 0
etf-insight/services/ashare_price_service.go:534.22,536.3 1 0
etf-insight/services/ashare_price_service.go:538.2,545.23 7 0
etf-insight/services/ashare_price_service.go:545.23,547.3 1 0
etf-insight/services/ashare_price_service.go:549.2,558.8 1 0
etf-insight/services/etf_analysis.go:20.83,24.2 1 1
etf-insight/services/etf_analysis.go:109.123,110.21 1 1
etf-insight/services/etf_analysis.go:110.21,112.3 1 1
etf-insight/services/etf_analysis.go:115.2,115.41 1 1
etf-insight/services/etf_analysis.go:115.41,117.3 1 1
etf-insight/services/etf_analysis.go:119.2,131.35 8 1
etf-insight/services/etf_analysis.go:131.35,135.29 3 1
etf-insight/services/etf_analysis.go:135.29,138.4 2 1
etf-insight/services/etf_analysis.go:140.3,140.38 1 1
etf-insight/services/etf_analysis.go:140.38,142.4 1 1
etf-insight/services/etf_analysis.go:143.3,143.35 1 1
etf-insight/services/etf_analysis.go:143.35,145.4 1 1
etf-insight/services/etf_analysis.go:147.3,147.34 1 1
etf-insight/services/etf_analysis.go:151.2,152.27 2 1
etf-insight/services/etf_analysis.go:152.27,154.34 2 1
etf-insight/services/etf_analysis.go:154.34,156.4 1 1
etf-insight/services/etf_analysis.go:157.3,157.102 1 1
etf-insight/services/etf_analysis.go:161.2,162.27 2 1
etf-insight/services/etf_analysis.go:162.27,164.34 2 1
etf-insight/services/etf_analysis.go:164.34,166.4 1 1
etf-insight/services/etf_analysis.go:167.3,170.34 3 1
etf-insight/services/etf_analysis.go:170.34,173.4 2 1
etf-insight/services/etf_analysis.go:174.3,177.109 2 1
etf-insight/services/etf_analysis.go:181.2,187.42 3 1
etf-insight/services/etf_analysis.go:187.42,194.3 6 1
etf-insight/services/etf_analysis.go:196.2,197.21 2 1
etf-insight/services/etf_analysis.go:197.21,199.3 1 1
etf-insight/services/etf_analysis.go:201.2,215.8 1 1
etf-insight/services/etf_analysis.go:219.164,220.22 1 1
etf-insight/services/etf_analysis.go:220.22,222.3 1 1
etf-insight/services/etf_analysis.go:224.2,238.41 6 1
etf-insight/services/etf_analysis.go:238.41,240.29 2 1
etf-insight/services/etf_analysis.go:240.29,241.12 1 1
etf-insight/services/etf_analysis.go:245.3,250.104 5 1
etf-insight/services/etf_analysis.go:250.104,252.4 1 0
etf-insight/services/etf_analysis.go:252.9,254.4 1 1
etf-insight/services/etf_analysis.go:257.3,258.132 2 1
etf-insight/services/etf_analysis.go:258.132,260.22 2 0
etf-insight/services/etf_analysis.go:260.22,263.5 2 0
etf-insight/services/etf_analysis.go:267.3,269.87 3 1
etf-insight/services/etf_analysis.go:269.87,271.4 1 1
etf-insight/services/etf_analysis.go:274.3,280.32 4 1
etf-insight/services/etf_analysis.go:280.32,282.4 1 1
etf-insight/services/etf_analysis.go:285.3,286.31 2 1
etf-insight/services/etf_analysis.go:286.31,288.4 1 0
etf-insight/services/etf_analysis.go:291.3,293.33 3 1
etf-insight/services/etf_analysis.go:293.33,295.4 1 1
etf-insight/services/etf_analysis.go:298.3,298.35 1 1
etf-insight/services/etf_analysis.go:298.35,302.4 3 0
etf-insight/services/etf_analysis.go:305.3,340.4 10 1
etf-insight/services/etf_analysis.go:343.2,353.20 10 1
etf-insight/services/etf_analysis.go:359.81,361.100 1 1
etf-insight/services/etf_analysis.go:361.100,363.3 1 1
etf-insight/services/etf_analysis.go:365.2,365.82 1 1
etf-insight/services/etf_analysis.go:365.82,367.3 1 0
etf-insight/services/etf_analysis.go:369.2,369.59 1 1
etf-insight/services/etf_analysis.go:369.59,371.3 1 1
etf-insight/services/etf_analysis.go:373.2,373.21 1 1
etf-insight/services/etf_analysis.go:373.21,375.3 1 1
etf-insight/services/etf_analysis.go:377.2,377.21 1 1
etf-insight/services/etf_analysis.go:377.21,379.3 1 0
etf-insight/services/etf_analysis.go:381.2,381.78 1 1
etf-insight/services/etf_analysis.go:381.78,383.3 1 1
etf-insight/services/etf_analysis.go:385.2,385.60 1 1
etf-insight/services/etf_analysis.go:385.60,387.3 1 0
etf-insight/services/etf_analysis.go:389.2,389.35 1 1
etf-insight/services/etf_analysis.go:393.183,394.22 1 1
etf-insight/services/etf_analysis.go:394.22,396.3 1 0
etf-insight/services/etf_analysis.go:406.2,409.29 2 1
etf-insight/services/etf_analysis.go:409.29,412.132 2 0
etf-insight/services/etf_analysis.go:412.132,414.22 2 0
etf-insight/services/etf_analysis.go:414.22,416.5 1 0
etf-insight/services/etf_analysis.go:419.3,419.30 1 0
etf-insight/services/etf_analysis.go:419.30,422.4 2 0
etf-insight/services/etf_analysis.go:422.9,426.4 2 0
etf-insight/services/etf_analysis.go:429.2,440.29 3 1
etf-insight/services/etf_analysis.go:440.29,449.3 2 1
etf-insight/services/etf_analysis.go:451.2,451.20 1 1
etf-insight/services/etf_analysis.go:461.18,473.39 5 1
etf-insight/services/etf_analysis.go:473.39,482.3 4 1
etf-insight/services/etf_analysis.go:484.2,509.3 8 1
etf-insight/services/etf_analysis.go:515.68,516.22 1 1
etf-insight/services/etf_analysis.go:516.22,518.3 1 0
etf-insight/services/etf_analysis.go:520.2,523.31 3 1
etf-insight/services/etf_analysis.go:523.31,524.41 1 1
etf-insight/services/etf_analysis.go:524.41,526.4 1 1
etf-insight/services/etf_analysis.go:528.3,528.24 1 1
etf-insight/services/etf_analysis.go:528.24,530.41 2 1
etf-insight/services/etf_analysis.go:530.41,532.5 1 1
etf-insight/services/etf_analysis.go:536.2,536.26 1 1
etf-insight/services/etf_analysis.go:540.67,542.80 2 0
etf-insight/services/etf_analysis.go:542.80,544.3 1 0
etf-insight/services/etf_analysis.go:545.2,545.14 1 0
etf-insight/services/etf_analysis.go:549.100,550.23 1 0
etf-insight/services/etf_analysis.go:550.23,552.3 1 0
etf-insight/services/etf_analysis.go:554.2,555.25 2 0
etf-insight/services/etf_analysis.go:559.115,566.33 4 1
etf-insight/services/etf_analysis.go:566.33,568.3 1 1
etf-insight/services/etf_analysis.go:571.2,582.33 3 1
etf-insight/services/etf_analysis.go:582.33,589.24 3 1
etf-insight/services/etf_analysis.go:589.24,591.4 1 1
etf-insight/services/etf_analysis.go:595.2,596.34 2 1
etf-insight/services/etf_analysis.go:596.34,598.3 1 1
etf-insight/services/etf_analysis.go:601.2,606.34 4 1
etf-insight/services/etf_analysis.go:606.34,608.3 1 1
etf-insight/services/etf_analysis.go:611.2,612.33 2 1
etf-insight/services/etf_analysis.go:612.33,615.10 2 1
etf-insight/services/etf_analysis.go:615.10,616.12 1 0
etf-insight/services/etf_analysis.go:620.3,621.14 2 1
etf-insight/services/etf_analysis.go:621.14,622.12 1 0
etf-insight/services/etf_analysis.go:626.3,632.77 4 1
etf-insight/services/etf_analysis.go:632.77,635.47 3 1
etf-insight/services/etf_analysis.go:635.47,637.5 1 1
etf-insight/services/etf_analysis.go:638.9,641.48 2 0
etf-insight/services/etf_analysis.go:641.48,643.5 1 0
etf-insight/services/etf_analysis.go:647.3,648.24 2 1
etf-insight/services/etf_analysis.go:648.24,650.4 1 0
etf-insight/services/etf_analysis.go:653.3,654.22 2 1
etf-insight/services/etf_analysis.go:654.22,656.4 1 1
etf-insight/services/etf_analysis.go:659.3,671.21 2 1
etf-insight/services/etf_analysis.go:671.21,676.4 4 1
etf-insight/services/etf_analysis.go:678.3,678.36 1 1
etf-insight/services/etf_analysis.go:681.2,681.21 1 1
etf-insight/services/etf_validator.go:26.38,33.2 1 0
etf-insight/services/etf_validator.go:35.71,38.18 2 0
etf-insight/services/etf_validator.go:38.18,42.3 3 0
etf-insight/services/etf_validator.go:44.2,44.22 1 0
etf-insight/services/etf_validator.go:44.22,47.3 2 0
etf-insight/services/etf_validator.go:49.2,49.67 1 0
etf-insight/services/etf_validator.go:49.67,52.3 2 0
etf-insight/services/etf_validator.go:54.2,54.15 1 0
etf-insight/services/etf_validator.go:57.96,60.20 2 0
etf-insight/services/etf_validator.go:60.20,64.3 3 0
etf-insight/services/etf_validator.go:66.2,66.32 1 0
etf-insight/services/etf_validator.go:66.32,69.3 2 0
etf-insight/services/etf_validator.go:71.2,71.35 1 0
etf-insight/services/etf_validator.go:71.35,74.3 2 0
etf-insight/services/etf_validator.go:76.2,76.49 1 0
etf-insight/services/etf_validator.go:76.49,78.3 1 0
etf-insight/services/etf_validator.go:80.2,80.15 1 0
etf-insight/services/etf_validator.go:83.70,86.16 2 0
etf-insight/services/etf_validator.go:86.16,90.3 3 0
etf-insight/services/etf_validator.go:92.2,92.26 1 0
etf-insight/services/etf_validator.go:92.26,95.3 2 0
etf-insight/services/etf_validator.go:97.2,97.17 1 0
etf-insight/services/etf_validator.go:97.17,99.3 1 0
etf-insight/services/etf_validator.go:101.2,101.15 1 0
etf-insight/services/etf_validator.go:104.88,109.21 3 0
etf-insight/services/etf_validator.go:109.21,112.3 2 0
etf-insight/services/etf_validator.go:114.2,115.30 2 0
etf-insight/services/etf_validator.go:115.30,117.3 1 0
etf-insight/services/etf_validator.go:119.2,119.15 1 0
etf-insight/services/etf_validator.go:122.79,125.17 2 0
etf-insight/services/etf_validator.go:125.17,129.3 3 0
etf-insight/services/etf_validator.go:131.2,137.30 5 0
etf-insight/services/etf_validator.go:137.30,140.3 2 0
etf-insight/services/etf_validator.go:142.2,142.30 1 0
etf-insight/services/etf_validator.go:142.30,146.45 3 0
etf-insight/services/etf_validator.go:146.45,149.4 2 0
etf-insight/services/etf_validator.go:152.2,152.29 1 0
etf-insight/services/etf_validator.go:152.29,155.3 2 0
etf-insight/services/etf_validator.go:157.2,163.91 5 0
etf-insight/services/etf_validator.go:163.91,166.58 3 0
etf-insight/services/etf_validator.go:166.58,168.4 1 0
etf-insight/services/etf_validator.go:171.2,171.15 1 0
etf-insight/services/etf_validator.go:174.82,177.16 2 0
etf-insight/services/etf_validator.go:177.16,181.3 3 0
etf-insight/services/etf_validator.go:183.2,186.20 3 0
etf-insight/services/etf_validator.go:186.20,189.3 2 0
etf-insight/services/etf_validator.go:191.2,191.25 1 0
etf-insight/services/etf_validator.go:191.25,194.3 2 0
etf-insight/services/etf_validator.go:196.2,196.24 1 0
etf-insight/services/etf_validator.go:196.24,203.37 2 0
etf-insight/services/etf_validator.go:203.37,205.4 1 0
etf-insight/services/etf_validator.go:208.2,208.15 1 0
etf-insight/services/etf_validator.go:211.89,214.24 2 0
etf-insight/services/etf_validator.go:214.24,218.3 3 0
etf-insight/services/etf_validator.go:220.2,220.23 1 0
etf-insight/services/etf_validator.go:220.23,222.3 1 0
etf-insight/services/etf_validator.go:224.2,225.32 2 0
etf-insight/services/etf_validator.go:225.32,227.24 2 0
etf-insight/services/etf_validator.go:227.24,230.4 2 0
etf-insight/services/etf_validator.go:231.3,233.28 2 0
etf-insight/services/etf_validator.go:233.28,236.4 2 0
etf-insight/services/etf_validator.go:239.2,239.15 1 0
etf-insight/services/etf_validator.go:242.85,245.21 2 0
etf-insight/services/etf_validator.go:245.21,248.3 2 0
etf-insight/services/etf_validator.go:250.2,256.33 5 0
etf-insight/services/etf_validator.go:256.33,257.39 1 0
etf-insight/services/etf_validator.go:257.39,259.4 1 0
etf-insight/services/etf_validator.go:260.3,260.34 1 0
etf-insight/services/etf_validator.go:260.34,262.4 1 0
etf-insight/services/etf_validator.go:265.2,265.38 1 0
etf-insight/services/etf_validator.go:265.38,267.56 2 0
etf-insight/services/etf_validator.go:267.56,269.4 1 0
etf-insight/services/etf_validator.go:272.2,272.15 1 0
etf-insight/services/etf_validator.go:275.58,276.18 1 0
etf-insight/services/etf_validator.go:276.18,278.3 1 0
etf-insight/services/etf_validator.go:279.2,280.52 2 0
etf-insight/services/exchange_rate.go:23.52,29.2 1 1
etf-insight/services/exchange_rate.go:39.88,40.32 1 1
etf-insight/services/exchange_rate.go:40.32,42.3 1 1
etf-insight/services/exchange_rate.go:44.2,50.25 3 1
etf-insight/services/exchange_rate.go:50.25,52.3 1 0
etf-insight/services/exchange_rate.go:54.2,54.51 1 1
etf-insight/services/exchange_rate.go:58.112,59.32 1 1
etf-insight/services/exchange_rate.go:59.32,61.3 1 1
etf-insight/services/exchange_rate.go:63.2,64.25 2 1
etf-insight/services/exchange_rate.go:68.51,73.16 3 0
etf-insight/services/exchange_rate.go:73.16,76.3 2 0
etf-insight/services/exchange_rate.go:79.2,79.43 1 0
etf-insight/services/exchange_rate.go:79.43,80.41 1 0
etf-insight/services/exchange_rate.go:80.41,93.4 3 0
etf-insight/services/exchange_rate.go:96.2,97.12 2 0
etf-insight/services/exchange_rate.go:101.97,105.16 3 0
etf-insight/services/exchange_rate.go:105.16,107.3 1 0
etf-insight/services/exchange_rate.go:108.2,110.38 2 0
etf-insight/services/exchange_rate.go:110.38,112.3 1 0
etf-insight/services/exchange_rate.go:114.2,115.16 2 0
etf-insight/services/exchange_rate.go:115.16,117.3 1 0
etf-insight/services/exchange_rate.go:119.2,120.55 2 0
etf-insight/services/exchange_rate.go:120.55,122.3 1 0
etf-insight/services/exchange_rate.go:124.2,148.19 8 0
etf-insight/services/exchange_rate.go:152.87,173.2 3 1
etf-insight/services/exchange_rate.go:176.95,178.46 2 1
etf-insight/services/exchange_rate.go:178.46,179.44 1 1
etf-insight/services/exchange_rate.go:179.44,181.4 1 1
etf-insight/services/exchange_rate.go:183.2,183.30 1 1
etf-insight/services/exchange_rate.go:187.119,190.2 1 1
etf-insight/services/exchange_rate.go:193.99,194.32 1 1
etf-insight/services/exchange_rate.go:194.32,196.3 1 1
etf-insight/services/exchange_rate.go:198.2,200.28 3 1
etf-insight/services/exchange_rate.go:200.28,202.3 1 1
etf-insight/services/exchange_rate.go:204.2,207.35 3 0
etf-insight/services/factor_data_service.go:22.59,24.2 1 1
etf-insight/services/factor_data_service.go:26.77,28.2 1 1
etf-insight/services/factor_data_service.go:30.121,36.2 3 1
etf-insight/services/factor_data_service.go:38.96,43.16 3 1
etf-insight/services/factor_data_service.go:43.16,45.3 1 0
etf-insight/services/factor_data_service.go:46.2,46.19 1 1
etf-insight/services/factor_data_service.go:49.83,50.50 1 0
etf-insight/services/factor_data_service.go:50.50,51.26 1 0
etf-insight/services/factor_data_service.go:51.26,52.46 1 0
etf-insight/services/factor_data_service.go:52.46,54.5 1 0
etf-insight/services/factor_data_service.go:56.3,56.13 1 0
etf-insight/services/factor_data_service.go:60.124,61.23 1 1
etf-insight/services/factor_data_service.go:61.23,63.3 1 0
etf-insight/services/factor_data_service.go:65.2,69.16 4 1
etf-insight/services/factor_data_service.go:69.16,71.3 1 0
etf-insight/services/factor_data_service.go:73.2,73.30 1 1
etf-insight/services/factor_data_service.go:73.30,75.3 1 1
etf-insight/services/factor_data_service.go:77.2,78.25 2 1
etf-insight/services/factor_data_service.go:78.25,80.3 1 1
etf-insight/services/factor_data_service.go:82.2,105.20 9 1
etf-insight/services/factor_data_service.go:108.89,110.2 1 0
etf-insight/services/factor_data_service.go:112.132,118.2 3 0
etf-insight/services/factor_data_service.go:120.106,125.16 3 0
etf-insight/services/factor_data_service.go:125.16,127.3 1 0
etf-insight/services/factor_data_service.go:128.2,128.21 1 0
etf-insight/services/factor_data_service.go:131.77,132.26 1 1
etf-insight/services/factor_data_service.go:132.26,134.3 1 0
etf-insight/services/factor_data_service.go:136.2,138.27 3 1
etf-insight/services/factor_data_service.go:138.27,140.3 1 1
etf-insight/services/factor_data_service.go:141.2,143.28 2 1
etf-insight/services/factor_data_service.go:143.28,145.3 1 0
etf-insight/services/factor_data_service.go:147.2,149.29 3 1
etf-insight/services/factor_data_service.go:149.29,151.3 1 1
etf-insight/services/factor_data_service.go:152.2,155.14 3 1
etf-insight/services/factor_data_service.go:158.64,159.22 1 1
etf-insight/services/factor_data_service.go:159.22,161.3 1 0
etf-insight/services/factor_data_service.go:163.2,166.27 3 1
etf-insight/services/factor_data_service.go:166.27,168.3 1 1
etf-insight/services/factor_data_service.go:169.2,172.27 3 1
etf-insight/services/factor_data_service.go:172.27,175.3 2 1
etf-insight/services/factor_data_service.go:176.2,179.21 3 1
etf-insight/services/factor_data_service.go:179.21,181.3 1 0
etf-insight/services/factor_data_service.go:183.2,184.15 2 1
etf-insight/services/factor_data_service.go:187.68,188.22 1 1
etf-insight/services/factor_data_service.go:188.22,190.3 1 0
etf-insight/services/factor_data_service.go:192.2,194.27 3 1
etf-insight/services/factor_data_service.go:194.27,195.26 1 1
etf-insight/services/factor_data_service.go:195.26,197.4 1 1
etf-insight/services/factor_data_service.go:200.2,201.19 2 1
etf-insight/services/factor_data_service.go:204.76,207.9 2 1
etf-insight/services/factor_data_service.go:208.63,209.39 1 1
etf-insight/services/factor_data_service.go:209.39,211.4 1 1
etf-insight/services/factor_data_service.go:212.3,212.45 1 1
etf-insight/services/factor_data_service.go:213.63,214.39 1 1
etf-insight/services/factor_data_service.go:214.39,216.4 1 1
etf-insight/services/factor_data_service.go:217.3,217.43 1 1
etf-insight/services/factor_data_service.go:218.10,219.38 1 1
etf-insight/services/factor_data_service.go:223.79,225.2 1 1
etf-insight/services/factor_data_service.go:227.78,231.9 3 1
etf-insight/services/factor_data_service.go:232.63,233.42 1 1
etf-insight/services/factor_data_service.go:234.63,235.42 1 1
etf-insight/services/factor_data_service.go:236.10,237.42 1 1
etf-insight/services/factor_data_service.go:240.2,240.99 1 1
etf-insight/services/factor_data_service.go:240.99,242.3 1 1
etf-insight/services/factor_data_service.go:244.2,244.53 1 1
etf-insight/services/factor_data_service.go:244.53,246.3 1 0
etf-insight/services/factor_data_service.go:248.2,248.19 1 1
etf-insight/services/finnhub.go:35.40,37.18 2 0
etf-insight/services/finnhub.go:37.18,40.3 1 0
etf-insight/services/finnhub.go:43.2,45.20 3 0
etf-insight/services/finnhub.go:45.20,47.3 1 0
etf-insight/services/finnhub.go:48.2,48.20 1 0
etf-insight/services/finnhub.go:48.20,50.3 1 0
etf-insight/services/finnhub.go:51.2,51.20 1 0
etf-insight/services/finnhub.go:51.20,53.3 1 0
etf-insight/services/finnhub.go:55.2,55.20 1 0
etf-insight/services/finnhub.go:55.20,57.17 2 0
etf-insight/services/finnhub.go:57.17,59.4 1 0
etf-insight/services/finnhub.go:62.2,70.3 1 0
etf-insight/services/finnhub.go:74.72,77.15 2 0
etf-insight/services/finnhub.go:77.15,77.34 1 0
etf-insight/services/finnhub.go:79.2,82.16 3 0
etf-insight/services/finnhub.go:82.16,84.3 1 0
etf-insight/services/finnhub.go:87.2,91.16 4 0
etf-insight/services/finnhub.go:91.16,93.3 1 0
etf-insight/services/finnhub.go:94.2,96.38 2 0
etf-insight/services/finnhub.go:96.38,99.3 2 0
etf-insight/services/finnhub.go:101.2,102.16 2 0
etf-insight/services/finnhub.go:102.16,104.3 1 0
etf-insight/services/finnhub.go:106.2,107.53 2 0
etf-insight/services/finnhub.go:107.53,109.3 1 0
etf-insight/services/finnhub.go:111.2,116.20 3 0
etf-insight/services/finnhub.go:120.77,123.33 2 0
etf-insight/services/finnhub.go:123.33,125.17 2 0
etf-insight/services/finnhub.go:125.17,127.12 2 0
etf-insight/services/finnhub.go:129.3,129.34 1 0
etf-insight/services/finnhub.go:132.2,132.22 1 0
etf-insight/services/finnhub.go:132.22,134.3 1 0
etf-insight/services/finnhub.go:136.2,136.20 1 0
etf-insight/services/finnhub.go:140.49,152.2 1 0
etf-insight/services/operation_logs_service.go:52.65,54.2 1 0
etf-insight/services/operation_logs_service.go:57.91,60.16 2 0
etf-insight/services/operation_logs_service.go:60.16,62.3 1 0
etf-insight/services/operation_logs_service.go:65.2,66.16 2 0
etf-insight/services/operation_logs_service.go:66.16,68.3 1 0
etf-insight/services/operation_logs_service.go:71.2,81.28 6 0
etf-insight/services/operation_logs_service.go:81.28,88.3 1 0
etf-insight/services/operation_logs_service.go:90.2,91.24 2 0
etf-insight/services/operation_logs_service.go:91.24,93.3 1 0
etf-insight/services/operation_logs_service.go:95.2,102.8 2 0
etf-insight/services/operation_logs_service.go:106.100,108.55 1 0
etf-insight/services/operation_logs_service.go:108.55,110.3 1 0
etf-insight/services/operation_logs_service.go:112.2,115.29 2 0
etf-insight/services/operation_logs_service.go:115.29,117.3 1 0
etf-insight/services/operation_logs_service.go:118.2,118.27 1 0
etf-insight/services/operation_logs_service.go:118.27,120.3 1 0
etf-insight/services/operation_logs_service.go:123.2,123.23 1 0
etf-insight/services/operation_logs_service.go:123.23,125.3 1 0
etf-insight/services/operation_logs_service.go:128.2,128.29 1 0
etf-insight/services/operation_logs_service.go:128.29,130.3 1 0
etf-insight/services/operation_logs_service.go:133.2,133.25 1 0
etf-insight/services/operation_logs_service.go:133.25,134.33 1 0
etf-insight/services/operation_logs_service.go:134.33,136.4 1 0
etf-insight/services/operation_logs_service.go:136.9,136.40 1 0
etf-insight/services/operation_logs_service.go:136.40,138.4 1 0
etf-insight/services/operation_logs_service.go:142.2,143.50 2 0
etf-insight/services/operation_logs_service.go:143.50,145.3 1 0
etf-insight/services/operation_logs_service.go:148.2,148.16 1 0
etf-insight/services/operation_logs_service.go:148.16,150.3 1 0
etf-insight/services/operation_logs_service.go:153.2,159.16 3 0
etf-insight/services/operation_logs_service.go:159.16,161.3 1 0
etf-insight/services/operation_logs_service.go:164.2,165.32 2 0
etf-insight/services/operation_logs_service.go:165.32,167.52 2 0
etf-insight/services/operation_logs_service.go:167.52,169.4 1 0
etf-insight/services/operation_logs_service.go:171.3,184.5 1 0
etf-insight/services/operation_logs_service.go:187.2,187.32 1 0
etf-insight/services/operation_logs_service.go:191.104,193.59 1 0
etf-insight/services/operation_logs_service.go:193.59,195.3 1 0
etf-insight/services/operation_logs_service.go:197.2,200.29 2 0
etf-insight/services/operation_logs_service.go:200.29,202.3 1 0
etf-insight/services/operation_logs_service.go:203.2,203.27 1 0
etf-insight/services/operation_logs_service.go:203.27,205.3 1 0
etf-insight/services/operation_logs_service.go:208.2,208.23 1 0
etf-insight/services/operation_logs_service.go:208.23,210.3 1 0
etf-insight/services/operation_logs_service.go:213.2,213.29 1 0
etf-insight/services/operation_logs_service.go:213.29,215.3 1 0
etf-insight/services/operation_logs_service.go:218.2,218.25 1 0
etf-insight/services/operation_logs_service.go:218.25,220.33 2 0
etf-insight/services/operation_logs_service.go:220.33,222.4 1 0
etf-insight/services/operation_logs_service.go:222.9,222.40 1 0
etf-insight/services/operation_logs_service.go:222.40,224.4 1 0
etf-insight/services/operation_logs_service.go:225.3,225.49 1 0
etf-insight/services/operation_logs_service.go:229.2,230.50 2 0
etf-insight/services/operation_logs_service.go:230.50,232.3 1 0
etf-insight/services/operation_logs_service.go:235.2,235.16 1 0
etf-insight/services/operation_logs_service.go:235.16,237.3 1 0
etf-insight/services/operation_logs_service.go:240.2,246.16 3 0
etf-insight/services/operation_logs_service.go:246.16,248.3 1 0
etf-insight/services/operation_logs_service.go:251.2,252.36 2 0
etf-insight/services/operation_logs_service.go:252.36,255.22 3 0
etf-insight/services/operation_logs_service.go:255.22,258.4 2 0
etf-insight/services/operation_logs_service.go:258.9,258.29 1 0
etf-insight/services/operation_logs_service.go:258.29,261.4 2 0
etf-insight/services/operation_logs_service.go:263.3,276.5 1 0
etf-insight/services/operation_logs_service.go:279.2,279.32 1 0
etf-insight/services/operation_logs_service.go:283.75,285.33 1 0
etf-insight/services/operation_logs_service.go:285.33,286.38 1 0
etf-insight/services/operation_logs_service.go:286.38,287.51 1 0
etf-insight/services/operation_logs_service.go:287.51,289.5 1 0
etf-insight/services/operation_logs_service.go:295.72,297.80 2 0
etf-insight/services/operation_logs_service.go:297.80,299.3 1 0
etf-insight/services/operation_logs_service.go:301.2,302.81 2 0
etf-insight/services/operation_logs_service.go:302.81,304.3 1 0
etf-insight/services/operation_logs_service.go:306.2,309.8 1 0
etf-insight/services/operation_logs_service.go:313.67,319.52 2 0
etf-insight/services/operation_logs_service.go:319.52,321.3 1 0
etf-insight/services/operation_logs_service.go:324.2,328.55 2 0
etf-insight/services/operation_logs_service.go:328.55,330.3 1 0
etf-insight/services/operation_logs_service.go:333.2,334.38 2 0
etf-insight/services/operation_logs_service.go:334.38,336.3 1 0
etf-insight/services/operation_logs_service.go:337.2,337.33 1 0
etf-insight/services/operation_logs_service.go:337.33,339.3 1 0
etf-insight/services/operation_logs_service.go:341.2,342.31 2 0
etf-insight/services/operation_logs_service.go:342.31,344.3 1 0
etf-insight/services/operation_logs_service.go:346.2,346.20 1 0
etf-insight/services/operation_logs_service.go:350.61,356.52 2 0
etf-insight/services/operation_logs_service.go:356.52,358.3 1 0
etf-insight/services/operation_logs_service.go:361.2,365.49 2 0
etf-insight/services/operation_logs_service.go:365.49,367.3 1 0
etf-insight/services/operation_logs_service.go:370.2,371.34 2 0
etf-insight/services/operation_logs_service.go:371.34,373.3 1 0
etf-insight/services/operation_logs_service.go:374.2,374.31 1 0
etf-insight/services/operation_logs_service.go:374.31,376.3 1 0
etf-insight/services/operation_logs_service.go:378.2,379.29 2 0
etf-insight/services/operation_logs_service.go:379.29,381.3 1 0
etf-insight/services/operation_logs_service.go:383.2,383.20 1 0
etf-insight/services/plugin_service.go:25.51,27.2 1 1
etf-insight/services/plugin_service.go:29.77,32.16 3 1
etf-insight/services/plugin_service.go:32.16,34.3 1 1
etf-insight/services/plugin_service.go:36.2,36.49 1 1
etf-insight/services/plugin_service.go:36.49,38.3 1 0
etf-insight/services/plugin_service.go:40.2,44.34 4 1
etf-insight/services/plugin_service.go:47.76,50.16 3 1
etf-insight/services/plugin_service.go:50.16,51.45 1 0
etf-insight/services/plugin_service.go:51.45,53.4 1 0
etf-insight/services/plugin_service.go:54.3,54.18 1 0
etf-insight/services/plugin_service.go:56.2,56.21 1 1
etf-insight/services/plugin_service.go:59.86,62.16 3 1
etf-insight/services/plugin_service.go:62.16,63.45 1 0
etf-insight/services/plugin_service.go:63.45,65.4 1 0
etf-insight/services/plugin_service.go:66.3,66.18 1 0
etf-insight/services/plugin_service.go:68.2,68.21 1 1
etf-insight/services/plugin_service.go:71.100,75.22 3 1
etf-insight/services/plugin_service.go:75.22,77.3 1 1
etf-insight/services/plugin_service.go:79.2,80.21 2 1
etf-insight/services/plugin_service.go:83.75,86.2 2 0
etf-insight/services/plugin_service.go:88.57,92.2 1 1
etf-insight/services/plugin_service.go:94.55,98.2 1 0
etf-insight/services/plugin_service.go:100.77,101.29 1 1
etf-insight/services/plugin_service.go:101.29,103.3 1 0
etf-insight/services/plugin_service.go:105.2,105.26 1 1
etf-insight/services/plugin_service.go:105.26,107.3 1 0
etf-insight/services/plugin_service.go:109.2,109.34 1 1
etf-insight/services/plugin_service.go:109.34,111.3 1 0
etf-insight/services/plugin_service.go:113.2,113.30 1 1
etf-insight/services/plugin_service.go:113.30,115.77 2 0
etf-insight/services/plugin_service.go:115.77,117.4 1 0
etf-insight/services/plugin_service.go:120.2,120.31 1 1
etf-insight/services/plugin_service.go:120.31,122.78 2 0
etf-insight/services/plugin_service.go:122.78,124.4 1 0
etf-insight/services/plugin_service.go:127.2,127.12 1 1
etf-insight/services/plugin_service.go:130.87,132.16 2 1
etf-insight/services/plugin_service.go:132.16,134.3 1 0
etf-insight/services/plugin_service.go:136.2,136.48 1 1
etf-insight/services/plugin_service.go:136.48,138.3 1 0
etf-insight/services/plugin_service.go:140.2,140.64 1 1
etf-insight/services/plugin_service.go:140.64,142.3 1 0
etf-insight/services/plugin_service.go:144.2,147.34 3 1
etf-insight/services/plugin_service.go:150.88,153.16 3 0
etf-insight/services/plugin_service.go:153.16,154.45 1 0
etf-insight/services/plugin_service.go:154.45,156.4 1 0
etf-insight/services/plugin_service.go:157.3,157.18 1 0
etf-insight/services/plugin_service.go:159.2,159.21 1 0
etf-insight/services/plugin_service.go:162.97,168.2 3 1
etf-insight/services/plugin_service.go:170.87,173.2 2 0
etf-insight/services/plugin_service.go:175.60,177.2 1 0
etf-insight/services/plugin_service.go:179.120,180.29 1 1
etf-insight/services/plugin_service.go:180.29,182.76 2 1
etf-insight/services/plugin_service.go:182.76,184.4 1 0
etf-insight/services/plugin_service.go:187.2,187.12 1 1
etf-insight/services/plugin_service.go:190.109,192.16 2 1
etf-insight/services/plugin_service.go:192.16,194.3 1 0
etf-insight/services/plugin_service.go:196.2,196.48 1 1
etf-insight/services/plugin_service.go:196.48,198.3 1 0
etf-insight/services/plugin_service.go:200.2,221.16 10 1
etf-insight/services/plugin_service.go:221.16,224.3 2 0
etf-insight/services/plugin_service.go:224.8,227.3 2 1
etf-insight/services/plugin_service.go:229.2,229.47 1 1
etf-insight/services/plugin_service.go:229.47,231.3 1 0
etf-insight/services/plugin_service.go:233.2,233.17 1 1
etf-insight/services/plugin_service.go:236.106,237.27 1 1
etf-insight/services/plugin_service.go:238.39,239.50 1 1
etf-insight/services/plugin_service.go:240.43,241.54 1 0
etf-insight/services/plugin_service.go:242.34,243.45 1 0
etf-insight/services/plugin_service.go:244.10,245.52 1 0
etf-insight/services/plugin_service.go:249.120,256.2 1 1
etf-insight/services/plugin_service.go:258.124,265.2 1 0
etf-insight/services/plugin_service.go:267.115,274.2 1 0
etf-insight/services/plugin_service.go:276.105,280.15 3 1
etf-insight/services/plugin_service.go:280.15,282.3 1 1
etf-insight/services/plugin_service.go:284.2,285.18 2 1
etf-insight/services/plugin_service.go:288.86,291.16 3 0
etf-insight/services/plugin_service.go:291.16,292.45 1 0
etf-insight/services/plugin_service.go:292.45,294.4 1 0
etf-insight/services/plugin_service.go:295.3,295.18 1 0
etf-insight/services/plugin_service.go:297.2,297.18 1 0
etf-insight/services/plugin_service.go:300.90,303.2 2 1
etf-insight/services/plugin_service.go:305.91,308.16 3 0
etf-insight/services/plugin_service.go:308.16,309.45 1 0
etf-insight/services/plugin_service.go:309.45,311.4 1 0
etf-insight/services/plugin_service.go:312.3,312.18 1 0
etf-insight/services/plugin_service.go:314.2,314.21 1 0
etf-insight/services/plugin_service.go:317.88,321.2 3 1
etf-insight/services/plugin_service.go:323.90,325.2 1 0
etf-insight/services/plugin_service.go:327.62,329.2 1 0
etf-insight/services/plugin_service.go:331.87,335.2 3 1
etf-insight/services/plugin_service.go:337.84,340.16 3 1
etf-insight/services/plugin_service.go:340.16,341.45 1 0
etf-insight/services/plugin_service.go:341.45,343.4 1 0
etf-insight/services/plugin_service.go:344.3,344.18 1 0
etf-insight/services/plugin_service.go:346.2,346.25 1 1
etf-insight/services/plugin_service.go:349.110,353.18 3 1
etf-insight/services/plugin_service.go:353.18,355.3 1 1
etf-insight/services/plugin_service.go:357.2,358.25 2 1
etf-insight/services/plugin_service.go:361.87,364.2 2 0
etf-insight/services/plugin_service.go:366.57,368.2 1 0
etf-insight/services/plugin_service.go:370.56,377.2 1 0
etf-insight/services/plugin_service.go:379.75,387.2 1 1
etf-insight/services/plugin_service.go:389.72,396.2 1 0
etf-insight/services/portfolio_analytics.go:58.64,62.2 1 1
etf-insight/services/portfolio_analytics.go:65.56,67.2 1 0
etf-insight/services/portfolio_analytics.go:70.109,71.17 1 1
etf-insight/services/portfolio_analytics.go:71.17,73.3 1 0
etf-insight/services/portfolio_analytics.go:75.2,84.16 4 1
etf-insight/services/portfolio_analytics.go:84.16,86.3 1 0
etf-insight/services/portfolio_analytics.go:88.2,88.20 1 1
etf-insight/services/portfolio_analytics.go:88.20,90.3 1 1
etf-insight/services/portfolio_analytics.go:92.2,92.18 1 0
etf-insight/services/portfolio_analytics.go:97.93,100.35 2 0
etf-insight/services/portfolio_analytics.go:100.35,104.20 3 0
etf-insight/services/portfolio_analytics.go:104.20,106.4 1 0
etf-insight/services/portfolio_analytics.go:109.2,109.16 1 0
etf-insight/services/portfolio_analytics.go:113.113,115.16 2 1
etf-insight/services/portfolio_analytics.go:115.16,117.3 1 1
etf-insight/services/portfolio_analytics.go:120.2,121.25 2 0
etf-insight/services/portfolio_analytics.go:121.25,123.3 1 0
etf-insight/services/portfolio_analytics.go:126.2,128.23 2 0
etf-insight/services/portfolio_analytics.go:128.23,130.3 1 0
etf-insight/services/portfolio_analytics.go:134.2,151.27 11 0
etf-insight/services/portfolio_analytics.go:151.27,153.3 1 0
etf-insight/services/portfolio_analytics.go:156.2,195.8 10 0
etf-insight/services/portfolio_analytics.go:199.110,201.16 2 0
etf-insight/services/portfolio_analytics.go:201.16,203.3 1 0
etf-insight/services/portfolio_analytics.go:205.2,206.16 2 0
etf-insight/services/portfolio_analytics.go:206.16,208.3 1 0
etf-insight/services/portfolio_analytics.go:211.2,213.24 2 0
etf-insight/services/portfolio_analytics.go:213.24,215.3 1 0
etf-insight/services/portfolio_analytics.go:218.2,225.37 6 0
etf-insight/services/portfolio_analytics.go:225.37,231.3 5 0
etf-insight/services/portfolio_analytics.go:233.2,233.32 1 0
etf-insight/services/portfolio_analytics.go:233.32,235.3 1 0
etf-insight/services/portfolio_analytics.go:237.2,240.21 2 0
etf-insight/services/portfolio_analytics.go:240.21,242.3 1 0
etf-insight/services/portfolio_analytics.go:242.8,242.29 1 0
etf-insight/services/portfolio_analytics.go:242.29,244.3 1 0
etf-insight/services/portfolio_analytics.go:246.2,246.25 1 0
etf-insight/services/portfolio_analytics.go:253.32,258.32 3 1
etf-insight/services/portfolio_analytics.go:258.32,260.17 2 1
etf-insight/services/portfolio_analytics.go:260.17,262.4 1 1
etf-insight/services/portfolio_analytics.go:263.3,267.17 3 0
etf-insight/services/portfolio_analytics.go:267.17,269.4 1 0
etf-insight/services/portfolio_analytics.go:274.2,275.40 2 0
etf-insight/services/portfolio_analytics.go:275.40,277.3 1 0
etf-insight/services/portfolio_analytics.go:281.2,283.27 3 0
etf-insight/services/portfolio_analytics.go:283.27,285.3 1 0
etf-insight/services/portfolio_analytics.go:287.2,290.30 2 0
etf-insight/services/portfolio_analytics.go:290.30,298.3 5 0
etf-insight/services/portfolio_analytics.go:301.2,301.36 1 0
etf-insight/services/portfolio_analytics.go:301.36,302.41 1 0
etf-insight/services/portfolio_analytics.go:302.41,311.18 8 0
etf-insight/services/portfolio_analytics.go:311.18,314.5 1 0
etf-insight/services/portfolio_analytics.go:317.4,323.61 5 0
etf-insight/services/portfolio_analytics.go:327.2,332.30 4 0
etf-insight/services/portfolio_analytics.go:332.30,334.3 1 0
etf-insight/services/portfolio_analytics.go:337.2,355.8 5 0
etf-insight/services/portfolio_analytics.go:362.13,365.26 2 0
etf-insight/services/portfolio_analytics.go:365.26,367.3 1 0
etf-insight/services/portfolio_analytics.go:370.2,372.35 2 0
etf-insight/services/portfolio_analytics.go:372.35,374.41 2 0
etf-insight/services/portfolio_analytics.go:374.41,375.38 1 0
etf-insight/services/portfolio_analytics.go:375.38,376.44 1 0
etf-insight/services/portfolio_analytics.go:376.44,379.34 2 0
etf-insight/services/portfolio_analytics.go:379.34,381.25 2 0
etf-insight/services/portfolio_analytics.go:381.25,384.8 2 0
etf-insight/services/portfolio_analytics.go:386.6,386.11 1 0
etf-insight/services/portfolio_analytics.go:390.3,390.34 1 0
etf-insight/services/portfolio_analytics.go:394.2,395.44 2 0
etf-insight/services/portfolio_analytics.go:395.44,396.31 1 0
etf-insight/services/portfolio_analytics.go:396.31,398.4 1 0
etf-insight/services/portfolio_analytics.go:401.2,401.16 1 0
etf-insight/services/portfolio_analytics.go:406.68,407.22 1 0
etf-insight/services/portfolio_analytics.go:407.22,409.3 1 0
etf-insight/services/portfolio_analytics.go:410.2,411.27 2 0
etf-insight/services/portfolio_analytics.go:411.27,413.3 1 0
etf-insight/services/portfolio_analytics.go:414.2,414.35 1 0
etf-insight/services/portfolio_analytics.go:417.86,418.22 1 0
etf-insight/services/portfolio_analytics.go:418.22,420.3 1 0
etf-insight/services/portfolio_analytics.go:421.2,422.27 2 0
etf-insight/services/portfolio_analytics.go:422.27,425.3 2 0
etf-insight/services/portfolio_analytics.go:426.2,426.35 1 0
etf-insight/services/portfolio_analytics.go:429.92,430.22 1 0
etf-insight/services/portfolio_analytics.go:430.22,432.3 1 0
etf-insight/services/portfolio_analytics.go:434.2,437.34 3 0
etf-insight/services/portfolio_analytics.go:437.34,440.19 2 0
etf-insight/services/portfolio_analytics.go:440.19,442.4 1 0
etf-insight/services/portfolio_analytics.go:444.3,445.29 2 0
etf-insight/services/portfolio_analytics.go:445.29,447.4 1 0
etf-insight/services/portfolio_analytics.go:450.2,450.20 1 0
etf-insight/services/portfolio_analytics.go:453.86,466.33 2 0
etf-insight/services/portfolio_analytics.go:466.33,468.3 1 0
etf-insight/services/portfolio_analytics.go:469.2,469.13 1 0
etf-insight/services/portfolio_analytics.go:472.104,475.26 2 0
etf-insight/services/portfolio_analytics.go:475.26,477.3 1 0
etf-insight/services/portfolio_analytics.go:479.2,480.26 2 0
etf-insight/services/portfolio_analytics.go:480.26,482.3 1 0
etf-insight/services/portfolio_analytics.go:485.2,486.30 2 0
etf-insight/services/portfolio_analytics.go:486.30,487.35 1 0
etf-insight/services/portfolio_analytics.go:487.35,489.4 1 0
etf-insight/services/portfolio_analytics.go:493.2,499.35 4 0
etf-insight/services/portfolio_analytics.go:499.35,502.3 2 0
etf-insight/services/portfolio_analytics.go:505.2,508.27 3 0
etf-insight/services/portfolio_analytics.go:512.97,513.23 1 0
etf-insight/services/portfolio_analytics.go:513.23,515.3 1 0
etf-insight/services/portfolio_analytics.go:517.2,523.20 4 0
etf-insight/services/portfolio_analytics.go:524.12,525.18 1 0
etf-insight/services/portfolio_analytics.go:526.12,527.18 1 0
etf-insight/services/portfolio_analytics.go:528.10,529.18 1 0
etf-insight/services/portfolio_analytics.go:533.2,533.26 1 0
etf-insight/services/portfolio_analytics.go:537.98,538.23 1 0
etf-insight/services/portfolio_analytics.go:538.23,540.3 1 0
etf-insight/services/portfolio_analytics.go:542.2,548.20 4 0
etf-insight/services/portfolio_analytics.go:549.12,550.18 1 0
etf-insight/services/portfolio_analytics.go:551.12,552.18 1 0
etf-insight/services/portfolio_analytics.go:553.10,554.18 1 0
etf-insight/services/portfolio_analytics.go:558.2,564.13 4 0
etf-insight/services/portfolio_analytics.go:573.11,576.32 2 0
etf-insight/services/portfolio_analytics.go:576.32,578.17 2 0
etf-insight/services/portfolio_analytics.go:578.17,581.4 1 0
etf-insight/services/portfolio_analytics.go:582.3,582.25 1 0
etf-insight/services/portfolio_analytics.go:586.2,587.26 2 0
etf-insight/services/portfolio_analytics.go:587.26,590.41 2 0
etf-insight/services/portfolio_analytics.go:590.41,592.4 1 0
etf-insight/services/portfolio_analytics.go:593.3,593.21 1 0
etf-insight/services/portfolio_analytics.go:597.2,600.35 3 0
etf-insight/services/portfolio_analytics.go:600.35,602.41 2 0
etf-insight/services/portfolio_analytics.go:602.41,604.38 1 0
etf-insight/services/portfolio_analytics.go:604.38,605.44 1 0
etf-insight/services/portfolio_analytics.go:605.44,608.16 2 0
etf-insight/services/portfolio_analytics.go:608.16,610.7 1 0
etf-insight/services/portfolio_analytics.go:610.12,613.25 2 0
etf-insight/services/portfolio_analytics.go:613.25,616.8 2 0
etf-insight/services/portfolio_analytics.go:618.6,618.11 1 0
etf-insight/services/portfolio_analytics.go:622.3,622.34 1 0
etf-insight/services/portfolio_analytics.go:626.2,626.58 1 0
etf-insight/services/portfolio_analytics.go:630.99,631.23 1 0
etf-insight/services/portfolio_analytics.go:631.23,633.3 1 0
etf-insight/services/portfolio_analytics.go:636.2,637.30 2 0
etf-insight/services/portfolio_analytics.go:637.30,639.8 2 0
etf-insight/services/portfolio_analytics.go:642.2,643.41 2 0
etf-insight/services/portfolio_analytics.go:643.41,645.3 1 0
etf-insight/services/portfolio_analytics.go:648.2,648.36 1 0
etf-insight/services/portfolio_analytics.go:648.36,649.28 1 0
etf-insight/services/portfolio_analytics.go:649.28,650.12 1 0
etf-insight/services/portfolio_analytics.go:652.3,653.26 2 0
etf-insight/services/portfolio_analytics.go:653.26,655.4 1 0
etf-insight/services/portfolio_analytics.go:658.3,658.29 1 0
etf-insight/services/portfolio_analytics.go:658.29,659.27 1 0
etf-insight/services/portfolio_analytics.go:659.27,661.5 1 0
etf-insight/services/portfolio_analytics.go:666.2,667.28 2 0
etf-insight/services/portfolio_analytics.go:667.28,669.3 1 0
etf-insight/services/portfolio_analytics.go:670.2,672.14 2 0
etf-insight/services/portfolio_analytics.go:676.94,677.22 1 0
etf-insight/services/portfolio_analytics.go:677.22,679.3 1 0
etf-insight/services/portfolio_analytics.go:681.2,684.31 3 0
etf-insight/services/portfolio_analytics.go:684.31,685.19 1 0
etf-insight/services/portfolio_analytics.go:685.19,687.4 1 0
etf-insight/services/portfolio_analytics.go:689.3,690.29 2 0
etf-insight/services/portfolio_analytics.go:690.29,692.4 1 0
etf-insight/services/portfolio_analytics.go:695.2,695.20 1 0
etf-insight/services/portfolio_analytics.go:701.108,702.23 1 0
etf-insight/services/portfolio_analytics.go:702.23,704.3 1 0
etf-insight/services/portfolio_analytics.go:707.2,714.28 4 0
etf-insight/services/portfolio_analytics.go:714.28,715.23 1 0
etf-insight/services/portfolio_analytics.go:715.23,717.4 1 0
etf-insight/services/portfolio_analytics.go:720.2,720.34 1 0
etf-insight/services/portfolio_analytics.go:720.34,722.3 1 0
etf-insight/services/portfolio_analytics.go:725.2,726.39 2 0
etf-insight/services/portfolio_analytics.go:726.39,728.3 1 0
etf-insight/services/portfolio_analytics.go:729.2,731.22 2 0
etf-insight/services/portfolio_analytics.go:731.22,733.3 1 0
etf-insight/services/portfolio_analytics.go:736.2,740.64 4 0
etf-insight/services/portfolio_analytics.go:745.101,746.22 1 0
etf-insight/services/portfolio_analytics.go:746.22,748.3 1 0
etf-insight/services/portfolio_analytics.go:749.2,749.35 1 0
etf-insight/services/portfolio_analytics.go:754.113,755.23 1 0
etf-insight/services/portfolio_analytics.go:755.23,757.3 1 0
etf-insight/services/portfolio_analytics.go:759.2,762.28 3 0
etf-insight/services/portfolio_analytics.go:762.28,763.23 1 0
etf-insight/services/portfolio_analytics.go:763.23,766.4 2 0
etf-insight/services/portfolio_analytics.go:769.2,769.16 1 0
etf-insight/services/portfolio_analytics.go:769.16,771.3 1 0
etf-insight/services/portfolio_analytics.go:773.2,773.55 1 0
etf-insight/services/portfolio_analytics.go:778.82,780.11 2 0
etf-insight/services/portfolio_analytics.go:780.11,782.3 1 0
etf-insight/services/portfolio_analytics.go:784.2,787.14 3 0
etf-insight/services/portfolio_analytics.go:787.14,789.3 1 0
etf-insight/services/portfolio_analytics.go:791.2,792.28 2 0
etf-insight/services/portfolio_analytics.go:792.28,794.3 1 0
etf-insight/services/portfolio_analytics.go:797.2,798.17 2 0
etf-insight/services/portfolio_analytics.go:803.82,805.11 2 0
etf-insight/services/portfolio_analytics.go:805.11,807.3 1 0
etf-insight/services/portfolio_analytics.go:809.2,812.14 3 0
etf-insight/services/portfolio_analytics.go:812.14,814.3 1 0
etf-insight/services/portfolio_analytics.go:816.2,817.28 2 0
etf-insight/services/portfolio_analytics.go:817.28,819.3 1 0
etf-insight/services/portfolio_analytics.go:822.2,823.21 2 0
etf-insight/services/portfolio_analytics.go:848.25,849.50 1 0
etf-insight/services/portfolio_analytics.go:849.50,851.3 1 0
etf-insight/services/portfolio_analytics.go:854.2,859.34 4 0
etf-insight/services/portfolio_analytics.go:859.34,861.3 1 0
etf-insight/services/portfolio_analytics.go:862.2,872.20 7 0
etf-insight/services/portfolio_analytics.go:872.20,874.3 1 0
etf-insight/services/portfolio_analytics.go:877.2,881.21 3 0
etf-insight/services/portfolio_analytics.go:881.21,883.3 1 0
etf-insight/services/portfolio_analytics.go:886.2,897.34 7 0
etf-insight/services/portfolio_analytics.go:897.34,898.12 1 0
etf-insight/services/portfolio_analytics.go:898.12,901.4 2 0
etf-insight/services/portfolio_analytics.go:901.9,901.19 1 0
etf-insight/services/portfolio_analytics.go:901.19,904.4 2 0
etf-insight/services/portfolio_analytics.go:907.2,908.28 2 0
etf-insight/services/portfolio_analytics.go:908.28,910.3 1 0
etf-insight/services/portfolio_analytics.go:912.2,913.18 2 0
etf-insight/services/portfolio_analytics.go:913.18,915.3 1 0
etf-insight/services/portfolio_analytics.go:917.2,918.19 2 0
etf-insight/services/portfolio_analytics.go:918.19,920.3 1 0
etf-insight/services/portfolio_analytics.go:922.2,923.17 2 0
etf-insight/services/portfolio_analytics.go:923.17,925.3 1 0
etf-insight/services/portfolio_analytics.go:927.2,940.3 1 0
etf-insight/services/portfolio_analytics.go:948.33,952.33 3 0
etf-insight/services/portfolio_analytics.go:952.33,953.29 1 0
etf-insight/services/portfolio_analytics.go:953.29,955.22 2 0
etf-insight/services/portfolio_analytics.go:955.22,957.5 1 0
etf-insight/services/portfolio_analytics.go:961.2,961.15 1 0
etf-insight/services/portfolio_optimizer.go:18.85,22.2 1 1
etf-insight/services/portfolio_optimizer.go:63.115,64.51 1 1
etf-insight/services/portfolio_optimizer.go:64.51,66.3 1 1
etf-insight/services/portfolio_optimizer.go:68.2,73.52 2 1
etf-insight/services/portfolio_optimizer.go:73.52,75.3 1 1
etf-insight/services/portfolio_optimizer.go:76.2,76.52 1 1
etf-insight/services/portfolio_optimizer.go:76.52,78.3 1 1
etf-insight/services/portfolio_optimizer.go:80.2,80.35 1 1
etf-insight/services/portfolio_optimizer.go:80.35,82.3 1 1
etf-insight/services/portfolio_optimizer.go:83.2,83.35 1 1
etf-insight/services/portfolio_optimizer.go:83.35,85.3 1 1
etf-insight/services/portfolio_optimizer.go:87.2,88.16 2 1
etf-insight/services/portfolio_optimizer.go:88.16,90.3 1 0
etf-insight/services/portfolio_optimizer.go:92.2,95.34 3 1
etf-insight/services/portfolio_optimizer.go:96.33,97.64 1 1
etf-insight/services/portfolio_optimizer.go:98.37,99.63 1 1
etf-insight/services/portfolio_optimizer.go:100.35,101.66 1 1
etf-insight/services/portfolio_optimizer.go:102.10,103.64 1 1
etf-insight/services/portfolio_optimizer.go:107.90,108.30 1 1
etf-insight/services/portfolio_optimizer.go:108.30,110.3 1 1
etf-insight/services/portfolio_optimizer.go:111.2,111.31 1 1
etf-insight/services/portfolio_optimizer.go:111.31,113.3 1 1
etf-insight/services/portfolio_optimizer.go:114.2,114.36 1 1
etf-insight/services/portfolio_optimizer.go:114.36,116.3 1 0
etf-insight/services/portfolio_optimizer.go:117.2,117.12 1 1
etf-insight/services/portfolio_optimizer.go:120.107,123.33 2 1
etf-insight/services/portfolio_optimizer.go:123.33,125.113 2 1
etf-insight/services/portfolio_optimizer.go:125.113,126.12 1 0
etf-insight/services/portfolio_optimizer.go:129.3,129.23 1 1
etf-insight/services/portfolio_optimizer.go:129.23,133.32 4 1
etf-insight/services/portfolio_optimizer.go:133.32,135.5 1 1
etf-insight/services/portfolio_optimizer.go:136.4,137.12 2 1
etf-insight/services/portfolio_optimizer.go:140.3,141.36 2 0
etf-insight/services/portfolio_optimizer.go:141.36,143.30 2 0
etf-insight/services/portfolio_optimizer.go:143.30,146.5 2 0
etf-insight/services/portfolio_optimizer.go:148.3,148.33 1 0
etf-insight/services/portfolio_optimizer.go:151.2,151.21 1 1
etf-insight/services/portfolio_optimizer.go:154.116,157.44 2 1
etf-insight/services/portfolio_optimizer.go:157.44,158.29 1 1
etf-insight/services/portfolio_optimizer.go:158.29,160.12 2 0
etf-insight/services/portfolio_optimizer.go:163.3,165.35 3 1
etf-insight/services/portfolio_optimizer.go:168.2,168.20 1 1
etf-insight/services/portfolio_optimizer.go:171.132,173.30 2 1
etf-insight/services/portfolio_optimizer.go:173.30,175.3 1 1
etf-insight/services/portfolio_optimizer.go:176.2,179.29 3 1
etf-insight/services/portfolio_optimizer.go:179.29,181.30 2 1
etf-insight/services/portfolio_optimizer.go:181.30,183.4 1 1
etf-insight/services/portfolio_optimizer.go:186.2,186.18 1 1
etf-insight/services/portfolio_optimizer.go:189.104,192.2 2 1
etf-insight/services/portfolio_optimizer.go:194.215,199.41 4 1
etf-insight/services/portfolio_optimizer.go:199.41,201.3 1 1
etf-insight/services/portfolio_optimizer.go:203.2,214.8 4 1
etf-insight/services/portfolio_optimizer.go:217.214,224.25 6 1
etf-insight/services/portfolio_optimizer.go:224.25,226.3 1 1
etf-insight/services/portfolio_optimizer.go:228.2,228.61 1 1
etf-insight/services/portfolio_optimizer.go:228.61,231.31 3 1
etf-insight/services/portfolio_optimizer.go:231.31,233.4 1 1
etf-insight/services/portfolio_optimizer.go:234.3,235.31 2 1
etf-insight/services/portfolio_optimizer.go:235.31,236.9 1 1
etf-insight/services/portfolio_optimizer.go:239.3,240.31 2 0
etf-insight/services/portfolio_optimizer.go:240.31,242.4 1 0
etf-insight/services/portfolio_optimizer.go:244.3,244.26 1 0
etf-insight/services/portfolio_optimizer.go:244.26,246.4 1 0
etf-insight/services/portfolio_optimizer.go:248.3,248.61 1 0
etf-insight/services/portfolio_optimizer.go:251.2,252.41 2 1
etf-insight/services/portfolio_optimizer.go:252.41,254.3 1 1
etf-insight/services/portfolio_optimizer.go:256.2,267.8 4 1
etf-insight/services/portfolio_optimizer.go:270.217,275.41 4 1
etf-insight/services/portfolio_optimizer.go:275.41,277.3 1 1
etf-insight/services/portfolio_optimizer.go:279.2,290.8 4 1
etf-insight/services/portfolio_optimizer.go:293.232,296.25 3 1
etf-insight/services/portfolio_optimizer.go:296.25,298.3 1 1
etf-insight/services/portfolio_optimizer.go:300.2,304.61 4 1
etf-insight/services/portfolio_optimizer.go:304.61,308.40 3 1
etf-insight/services/portfolio_optimizer.go:308.40,310.4 1 1
etf-insight/services/portfolio_optimizer.go:311.3,313.31 2 1
etf-insight/services/portfolio_optimizer.go:313.31,314.9 1 1
etf-insight/services/portfolio_optimizer.go:317.3,318.40 2 0
etf-insight/services/portfolio_optimizer.go:318.40,320.4 1 0
etf-insight/services/portfolio_optimizer.go:322.3,322.26 1 0
etf-insight/services/portfolio_optimizer.go:322.26,324.4 1 0
etf-insight/services/portfolio_optimizer.go:326.3,326.53 1 0
etf-insight/services/portfolio_optimizer.go:329.2,329.16 1 1
etf-insight/services/portfolio_optimizer.go:332.227,335.34 3 1
etf-insight/services/portfolio_optimizer.go:335.34,337.3 1 1
etf-insight/services/portfolio_optimizer.go:338.2,341.33 3 1
etf-insight/services/portfolio_optimizer.go:341.33,343.3 1 1
etf-insight/services/portfolio_optimizer.go:345.2,349.44 4 1
etf-insight/services/portfolio_optimizer.go:349.44,351.3 1 1
etf-insight/services/portfolio_optimizer.go:353.2,354.33 2 0
etf-insight/services/portfolio_optimizer.go:354.33,358.39 3 0
etf-insight/services/portfolio_optimizer.go:358.39,361.4 2 0
etf-insight/services/portfolio_optimizer.go:363.3,366.59 3 0
etf-insight/services/portfolio_optimizer.go:369.2,369.18 1 0
etf-insight/services/portfolio_optimizer.go:372.153,375.32 3 1
etf-insight/services/portfolio_optimizer.go:375.32,377.3 1 1
etf-insight/services/portfolio_optimizer.go:378.2,381.25 3 1
etf-insight/services/portfolio_optimizer.go:381.25,383.3 1 1
etf-insight/services/portfolio_optimizer.go:385.2,386.25 2 0
etf-insight/services/portfolio_optimizer.go:386.25,388.26 2 0
etf-insight/services/portfolio_optimizer.go:388.26,390.4 1 0
etf-insight/services/portfolio_optimizer.go:391.3,391.40 1 0
etf-insight/services/portfolio_optimizer.go:394.2,394.18 1 0
etf-insight/services/portfolio_optimizer.go:397.147,399.38 2 1
etf-insight/services/portfolio_optimizer.go:399.38,400.41 1 1
etf-insight/services/portfolio_optimizer.go:400.41,402.4 1 1
etf-insight/services/portfolio_optimizer.go:404.2,404.20 1 1
etf-insight/services/portfolio_optimizer.go:407.160,409.30 2 1
etf-insight/services/portfolio_optimizer.go:409.30,411.3 1 1
etf-insight/services/portfolio_optimizer.go:412.2,415.29 3 1
etf-insight/services/portfolio_optimizer.go:415.29,416.30 1 1
etf-insight/services/portfolio_optimizer.go:416.30,421.4 4 1
etf-insight/services/portfolio_optimizer.go:424.2,424.44 1 1
etf-insight/services/portfolio_optimizer.go:424.44,426.3 1 1
etf-insight/services/portfolio_optimizer.go:428.2,428.67 1 0
etf-insight/services/portfolio_optimizer.go:431.178,433.29 2 1
etf-insight/services/portfolio_optimizer.go:433.29,434.30 1 1
etf-insight/services/portfolio_optimizer.go:434.30,439.4 4 1
etf-insight/services/portfolio_optimizer.go:442.2,442.44 1 1
etf-insight/services/portfolio_optimizer.go:442.44,444.3 1 1
etf-insight/services/portfolio_optimizer.go:446.2,446.67 1 0
etf-insight/services/portfolio_optimizer.go:449.125,450.25 1 1
etf-insight/services/portfolio_optimizer.go:450.25,452.3 1 1
etf-insight/services/portfolio_optimizer.go:453.2,454.37 2 0
etf-insight/services/portfolio_optimizer.go:457.129,459.28 1 0
etf-insight/services/portfolio_optimizer.go:459.28,460.51 1 0
etf-insight/services/portfolio_optimizer.go:460.51,462.4 1 0
etf-insight/services/portfolio_optimizer.go:462.9,462.55 1 0
etf-insight/services/portfolio_optimizer.go:462.55,464.4 1 0
etf-insight/services/portfolio_optimizer.go:464.9,464.65 1 0
etf-insight/services/portfolio_optimizer.go:464.65,466.4 1 0
etf-insight/services/portfolio_optimizer.go:469.2,469.40 1 0
etf-insight/services/portfolio_optimizer.go:472.114,473.51 1 0
etf-insight/services/portfolio_optimizer.go:473.51,475.3 1 0
etf-insight/services/portfolio_optimizer.go:477.2,477.35 1 0
etf-insight/services/portfolio_optimizer.go:477.35,479.3 1 0
etf-insight/services/portfolio_optimizer.go:481.2,486.52 2 0
etf-insight/services/portfolio_optimizer.go:486.52,488.3 1 0
etf-insight/services/portfolio_optimizer.go:489.2,489.52 1 0
etf-insight/services/portfolio_optimizer.go:489.52,491.3 1 0
etf-insight/services/portfolio_optimizer.go:493.2,494.16 2 0
etf-insight/services/portfolio_optimizer.go:494.16,496.3 1 0
etf-insight/services/portfolio_optimizer.go:498.2,501.69 3 0
etf-insight/services/portfolio_optimizer.go:504.208,507.34 3 0
etf-insight/services/portfolio_optimizer.go:507.34,508.52 1 0
etf-insight/services/portfolio_optimizer.go:508.52,510.4 1 0
etf-insight/services/portfolio_optimizer.go:511.3,511.33 1 0
etf-insight/services/portfolio_optimizer.go:511.33,513.4 1 0
etf-insight/services/portfolio_optimizer.go:516.2,520.34 4 0
etf-insight/services/portfolio_optimizer.go:520.34,524.21 3 0
etf-insight/services/portfolio_optimizer.go:524.21,525.12 1 0
etf-insight/services/portfolio_optimizer.go:528.3,529.42 2 0
etf-insight/services/portfolio_optimizer.go:529.42,531.4 1 0
etf-insight/services/portfolio_optimizer.go:533.3,539.5 2 0
etf-insight/services/portfolio_optimizer.go:542.2,542.22 1 0
etf-insight/services/portfolio_optimizer.go:545.233,548.25 3 0
etf-insight/services/portfolio_optimizer.go:548.25,550.3 1 0
etf-insight/services/portfolio_optimizer.go:552.2,557.34 5 0
etf-insight/services/portfolio_optimizer.go:557.34,559.3 1 0
etf-insight/services/portfolio_optimizer.go:560.2,562.61 2 0
etf-insight/services/portfolio_optimizer.go:562.61,564.34 2 0
etf-insight/services/portfolio_optimizer.go:564.34,566.4 1 0
etf-insight/services/portfolio_optimizer.go:568.3,575.34 6 0
etf-insight/services/portfolio_optimizer.go:575.34,577.4 1 0
etf-insight/services/portfolio_optimizer.go:579.3,579.26 1 0
etf-insight/services/portfolio_optimizer.go:579.26,581.4 1 0
etf-insight/services/portfolio_optimizer.go:583.3,584.31 2 0
etf-insight/services/portfolio_optimizer.go:584.31,586.4 1 0
etf-insight/services/portfolio_optimizer.go:587.3,589.31 2 0
etf-insight/services/portfolio_optimizer.go:589.31,590.9 1 0
etf-insight/services/portfolio_optimizer.go:593.3,594.31 2 0
etf-insight/services/portfolio_optimizer.go:594.31,596.4 1 0
etf-insight/services/portfolio_optimizer.go:598.3,598.26 1 0
etf-insight/services/portfolio_optimizer.go:598.26,600.4 1 0
etf-insight/services/portfolio_optimizer.go:602.3,602.61 1 0
etf-insight/services/portfolio_optimizer.go:605.2,605.16 1 0
etf-insight/services/report_service.go:26.51,30.2 1 0
etf-insight/services/report_service.go:34.73,38.2 3 0
etf-insight/services/report_service.go:40.80,44.2 3 0
etf-insight/services/report_service.go:46.78,49.16 3 0
etf-insight/services/report_service.go:49.16,51.3 1 0
etf-insight/services/report_service.go:52.2,52.23 1 0
etf-insight/services/report_service.go:55.79,59.2 3 0
etf-insight/services/report_service.go:61.79,64.2 2 0
etf-insight/services/report_service.go:66.55,67.50 1 0
etf-insight/services/report_service.go:67.50,68.95 1 0
etf-insight/services/report_service.go:68.95,70.4 1 0
etf-insight/services/report_service.go:71.3,71.97 1 0
etf-insight/services/report_service.go:71.97,73.4 1 0
etf-insight/services/report_service.go:74.3,74.55 1 0
etf-insight/services/report_service.go:80.76,84.2 3 0
etf-insight/services/report_service.go:86.77,89.16 3 0
etf-insight/services/report_service.go:89.16,91.3 1 0
etf-insight/services/report_service.go:92.2,92.21 1 0
etf-insight/services/report_service.go:95.97,102.16 5 0
etf-insight/services/report_service.go:102.16,104.3 1 0
etf-insight/services/report_service.go:106.2,112.28 2 0
etf-insight/services/report_service.go:115.104,120.20 2 0
etf-insight/services/report_service.go:120.20,122.3 1 0
etf-insight/services/report_service.go:124.2,124.83 1 0
etf-insight/services/report_service.go:124.83,127.3 2 0
etf-insight/services/report_service.go:129.2,129.89 1 0
etf-insight/services/report_service.go:132.90,137.2 1 0
etf-insight/services/report_service.go:139.53,141.2 1 0
etf-insight/services/report_service.go:145.161,148.16 2 0
etf-insight/services/report_service.go:148.16,150.3 1 0
etf-insight/services/report_service.go:153.2,153.113 1 0
etf-insight/services/report_service.go:153.113,155.3 1 0
etf-insight/services/report_service.go:158.2,167.47 3 0
etf-insight/services/report_service.go:167.47,169.3 1 0
etf-insight/services/report_service.go:172.2,174.20 2 0
etf-insight/services/report_service.go:177.150,191.2 6 0
etf-insight/services/report_service.go:195.90,199.2 3 0
etf-insight/services/report_service.go:201.78,205.2 3 0
etf-insight/services/report_service.go:207.78,210.2 2 0
etf-insight/services/report_service.go:212.56,214.2 1 0
etf-insight/services/report_service.go:218.86,222.2 3 0
etf-insight/services/report_service.go:224.76,227.2 2 0
etf-insight/services/report_service.go:229.76,231.2 1 0
etf-insight/services/report_service.go:233.54,235.2 1 0
etf-insight/services/report_service.go:239.54,243.15 3 0
etf-insight/services/report_service.go:243.15,245.3 1 0
etf-insight/services/report_service.go:248.2,284.44 2 0
etf-insight/services/report_service.go:284.44,285.54 1 0
etf-insight/services/report_service.go:285.54,287.4 1 0
etf-insight/services/report_service.go:290.2,290.12 1 0
etf-insight/services/risk_budget_service.go:21.53,23.2 1 0
etf-insight/services/risk_budget_service.go:29.59,31.2 1 1
etf-insight/services/risk_budget_service.go:33.81,34.49 1 1
etf-insight/services/risk_budget_service.go:34.49,36.3 1 0
etf-insight/services/risk_budget_service.go:38.2,38.34 1 1
etf-insight/services/risk_budget_service.go:41.82,44.16 3 1
etf-insight/services/risk_budget_service.go:44.16,46.3 1 0
etf-insight/services/risk_budget_service.go:47.2,47.21 1 1
etf-insight/services/risk_budget_service.go:50.81,52.2 1 0
etf-insight/services/risk_budget_service.go:54.83,55.29 1 1
etf-insight/services/risk_budget_service.go:55.29,57.3 1 0
etf-insight/services/risk_budget_service.go:59.2,59.36 1 1
etf-insight/services/risk_budget_service.go:59.36,61.3 1 0
etf-insight/services/risk_budget_service.go:62.2,63.66 1 1
etf-insight/services/risk_budget_service.go:63.66,65.3 1 0
etf-insight/services/risk_budget_service.go:67.2,67.35 1 1
etf-insight/services/risk_budget_service.go:67.35,69.3 1 1
etf-insight/services/risk_budget_service.go:70.2,71.65 1 1
etf-insight/services/risk_budget_service.go:71.65,73.3 1 0
etf-insight/services/risk_budget_service.go:75.2,76.61 1 1
etf-insight/services/risk_budget_service.go:76.61,78.3 1 0
etf-insight/services/risk_budget_service.go:80.2,81.60 1 1
etf-insight/services/risk_budget_service.go:81.60,83.3 1 0
etf-insight/services/risk_budget_service.go:85.2,86.65 1 1
etf-insight/services/risk_budget_service.go:86.65,88.3 1 0
etf-insight/services/risk_budget_service.go:90.2,91.60 1 1
etf-insight/services/risk_budget_service.go:91.60,93.3 1 0
etf-insight/services/risk_budget_service.go:95.2,97.56 2 1
etf-insight/services/risk_budget_service.go:97.56,99.3 1 0
etf-insight/services/risk_budget_service.go:101.2,101.34 1 1
etf-insight/services/risk_budget_service.go:101.34,102.51 1 0
etf-insight/services/risk_budget_service.go:102.51,104.4 1 0
etf-insight/services/risk_budget_service.go:105.3,105.58 1 0
etf-insight/services/risk_budget_service.go:105.58,107.4 1 0
etf-insight/services/risk_budget_service.go:110.2,110.12 1 1
etf-insight/services/risk_budget_service.go:117.45,118.23 1 1
etf-insight/services/risk_budget_service.go:118.23,120.3 1 1
etf-insight/services/risk_budget_service.go:122.2,122.19 1 1
etf-insight/services/risk_budget_service.go:122.19,124.3 1 1
etf-insight/services/risk_budget_service.go:125.2,125.60 1 1
etf-insight/services/risk_budget_service.go:131.45,144.55 8 1
etf-insight/services/risk_budget_service.go:144.55,146.3 1 0
etf-insight/services/risk_budget_service.go:148.2,152.29 4 1
etf-insight/services/risk_budget_service.go:152.29,155.3 2 1
etf-insight/services/risk_budget_service.go:157.2,159.29 2 1
etf-insight/services/risk_budget_service.go:165.45,170.55 4 1
etf-insight/services/risk_budget_service.go:170.55,172.3 1 0
etf-insight/services/risk_budget_service.go:174.2,177.55 3 1
etf-insight/services/risk_budget_service.go:177.55,179.3 1 0
etf-insight/services/risk_budget_service.go:181.2,183.29 2 1
etf-insight/services/risk_budget_service.go:189.45,197.38 6 0
etf-insight/services/risk_budget_service.go:197.38,203.3 5 0
etf-insight/services/risk_budget_service.go:205.2,214.29 5 0
etf-insight/services/risk_budget_service.go:214.29,216.3 1 0
etf-insight/services/risk_budget_service.go:217.2,219.29 2 0
etf-insight/services/risk_budget_service.go:226.38,227.50 1 1
etf-insight/services/risk_budget_service.go:227.50,229.3 1 0
etf-insight/services/risk_budget_service.go:231.2,235.34 4 1
etf-insight/services/risk_budget_service.go:235.34,237.26 2 1
etf-insight/services/risk_budget_service.go:237.26,241.4 1 1
etf-insight/services/risk_budget_service.go:244.2,249.16 2 1
etf-insight/services/risk_budget_service.go:249.16,251.3 1 0
etf-insight/services/risk_budget_service.go:253.2,253.25 1 1
etf-insight/services/risk_budget_service.go:253.25,260.32 6 1
etf-insight/services/risk_budget_service.go:260.32,262.4 1 1
etf-insight/services/risk_budget_service.go:263.3,263.29 1 1
etf-insight/services/risk_budget_service.go:263.29,265.4 1 1
etf-insight/services/risk_budget_service.go:267.3,268.38 2 1
etf-insight/services/risk_budget_service.go:268.38,270.27 2 1
etf-insight/services/risk_budget_service.go:270.27,274.5 1 1
etf-insight/services/risk_budget_service.go:277.3,282.17 2 1
etf-insight/services/risk_budget_service.go:282.17,284.4 1 0
etf-insight/services/risk_budget_service.go:286.3,297.4 4 1
etf-insight/services/risk_budget_service.go:300.2,300.27 1 1
etf-insight/services/risk_budget_service.go:308.41,309.43 1 1
etf-insight/services/risk_budget_service.go:309.43,311.3 1 0
etf-insight/services/risk_budget_service.go:313.2,314.28 2 1
etf-insight/services/risk_budget_service.go:314.28,316.3 1 1
etf-insight/services/risk_budget_service.go:317.2,320.28 3 1
etf-insight/services/risk_budget_service.go:320.28,323.3 2 1
etf-insight/services/risk_budget_service.go:324.2,334.38 8 1
etf-insight/services/risk_budget_service.go:334.38,336.34 2 1
etf-insight/services/risk_budget_service.go:336.34,344.4 6 1
etf-insight/services/risk_budget_service.go:345.3,345.84 1 1
etf-insight/services/risk_budget_service.go:348.2,375.54 10 1
etf-insight/services/risk_budget_service.go:375.54,377.3 1 0
etf-insight/services/risk_budget_service.go:379.2,379.24 1 1
etf-insight/services/risk_budget_service.go:382.99,387.16 3 1
etf-insight/services/risk_budget_service.go:387.16,389.3 1 0
etf-insight/services/risk_budget_service.go:390.2,390.25 1 1
etf-insight/services/risk_budget_service.go:396.9,397.50 1 1
etf-insight/services/risk_budget_service.go:397.50,398.32 1 1
etf-insight/services/risk_budget_service.go:398.32,400.61 2 1
etf-insight/services/risk_budget_service.go:400.61,402.5 1 0
etf-insight/services/risk_budget_service.go:404.3,404.13 1 1
etf-insight/services/risk_budget_service.go:408.104,414.2 3 1
etf-insight/services/risk_budget_service.go:421.57,422.56 1 1
etf-insight/services/risk_budget_service.go:422.56,424.3 1 1
etf-insight/services/risk_budget_service.go:426.2,427.29 2 1
etf-insight/services/risk_budget_service.go:427.29,429.3 1 1
etf-insight/services/risk_budget_service.go:431.2,432.25 2 1
etf-insight/services/risk_budget_service.go:432.25,434.3 1 1
etf-insight/services/risk_budget_service.go:436.2,443.46 5 1
etf-insight/services/risk_budget_service.go:443.46,445.17 2 1
etf-insight/services/risk_budget_service.go:445.17,447.4 1 0
etf-insight/services/risk_budget_service.go:449.3,450.35 2 1
etf-insight/services/risk_budget_service.go:450.35,453.4 2 1
etf-insight/services/risk_budget_service.go:455.3,455.37 1 1
etf-insight/services/risk_budget_service.go:455.37,458.4 2 1
etf-insight/services/risk_budget_service.go:460.3,460.54 1 1
etf-insight/services/risk_budget_service.go:460.54,461.9 1 0
etf-insight/services/risk_budget_service.go:464.3,465.35 2 1
etf-insight/services/risk_budget_service.go:465.35,467.27 2 1
etf-insight/services/risk_budget_service.go:467.27,471.5 1 1
etf-insight/services/risk_budget_service.go:474.3,475.17 2 1
etf-insight/services/risk_budget_service.go:475.17,477.4 1 0
etf-insight/services/risk_budget_service.go:479.3,479.26 1 1
etf-insight/services/risk_budget_service.go:479.26,486.33 6 1
etf-insight/services/risk_budget_service.go:486.33,488.5 1 1
etf-insight/services/risk_budget_service.go:489.4,489.30 1 1
etf-insight/services/risk_budget_service.go:489.30,491.5 1 1
etf-insight/services/risk_budget_service.go:493.4,494.39 2 1
etf-insight/services/risk_budget_service.go:494.39,496.28 2 1
etf-insight/services/risk_budget_service.go:496.28,500.6 1 1
etf-insight/services/risk_budget_service.go:503.4,504.18 2 1
etf-insight/services/risk_budget_service.go:504.18,505.13 1 0
etf-insight/services/risk_budget_service.go:508.4,514.41 6 1
etf-insight/services/risk_budget_service.go:514.41,516.5 1 0
etf-insight/services/risk_budget_service.go:519.3,520.29 2 1
etf-insight/services/risk_budget_service.go:520.29,522.4 1 1
etf-insight/services/risk_budget_service.go:523.3,523.26 1 1
etf-insight/services/risk_budget_service.go:523.26,525.4 1 1
etf-insight/services/risk_budget_service.go:528.2,529.16 2 1
etf-insight/services/risk_budget_service.go:529.16,531.3 1 0
etf-insight/services/risk_budget_service.go:533.2,533.45 1 1
etf-insight/services/risk_budget_service.go:539.28,540.50 1 1
etf-insight/services/risk_budget_service.go:540.50,542.3 1 1
etf-insight/services/risk_budget_service.go:544.2,546.34 3 1
etf-insight/services/risk_budget_service.go:546.34,548.26 2 1
etf-insight/services/risk_budget_service.go:548.26,552.4 1 1
etf-insight/services/risk_budget_service.go:555.2,558.21 3 1
etf-insight/services/risk_budget_service.go:558.21,560.3 1 0
etf-insight/services/risk_budget_service.go:562.2,564.22 2 1
etf-insight/services/risk_models.go:20.34,22.2 1 1
etf-insight/services/risk_models.go:37.111,38.23 1 1
etf-insight/services/risk_models.go:38.23,40.3 1 1
etf-insight/services/risk_models.go:41.2,41.40 1 1
etf-insight/services/risk_models.go:41.40,43.3 1 1
etf-insight/services/risk_models.go:46.2,48.48 3 1
etf-insight/services/risk_models.go:48.48,50.3 1 1
etf-insight/services/risk_models.go:53.2,54.33 2 1
etf-insight/services/risk_models.go:54.33,56.3 1 0
etf-insight/services/risk_models.go:57.2,57.15 1 1
etf-insight/services/risk_models.go:57.15,59.3 1 0
etf-insight/services/risk_models.go:62.2,67.30 4 1
etf-insight/services/risk_models.go:67.30,70.3 2 1
etf-insight/services/risk_models.go:72.2,73.15 2 1
etf-insight/services/risk_models.go:73.15,75.3 1 1
etf-insight/services/risk_models.go:78.2,87.8 2 1
etf-insight/services/risk_models.go:93.111,94.23 1 1
etf-insight/services/risk_models.go:94.23,96.3 1 0
etf-insight/services/risk_models.go:97.2,97.40 1 1
etf-insight/services/risk_models.go:97.40,99.3 1 0
etf-insight/services/risk_models.go:102.2,130.8 8 1
etf-insight/services/risk_models.go:150.31,151.44 1 1
etf-insight/services/risk_models.go:151.44,153.3 1 0
etf-insight/services/risk_models.go:156.2,157.43 2 1
etf-insight/services/risk_models.go:157.43,159.17 2 1
etf-insight/services/risk_models.go:159.17,161.4 1 0
etf-insight/services/risk_models.go:162.3,162.33 1 1
etf-insight/services/risk_models.go:166.2,170.39 3 1
etf-insight/services/risk_models.go:170.39,172.44 2 1
etf-insight/services/risk_models.go:172.44,173.29 1 1
etf-insight/services/risk_models.go:173.29,176.5 2 1
etf-insight/services/risk_models.go:178.3,178.63 1 1
etf-insight/services/risk_models.go:182.2,183.16 2 1
etf-insight/services/risk_models.go:183.16,185.3 1 0
etf-insight/services/risk_models.go:188.2,189.37 2 1
etf-insight/services/risk_models.go:189.37,191.3 1 1
etf-insight/services/risk_models.go:192.2,196.37 3 1
etf-insight/services/risk_models.go:196.37,200.3 1 1
etf-insight/services/risk_models.go:203.2,204.29 2 1
etf-insight/services/risk_models.go:204.29,207.53 1 1
etf-insight/services/risk_models.go:207.53,209.4 1 0
etf-insight/services/risk_models.go:209.9,211.4 1 1
etf-insight/services/risk_models.go:214.2,220.8 1 1
etf-insight/services/risk_models.go:244.25,245.23 1 1
etf-insight/services/risk_models.go:245.23,247.3 1 1
etf-insight/services/risk_models.go:250.2,260.52 7 1
etf-insight/services/risk_models.go:260.52,262.3 1 1
etf-insight/services/risk_models.go:265.2,266.28 2 1
etf-insight/services/risk_models.go:266.28,267.31 1 1
etf-insight/services/risk_models.go:267.31,269.4 1 1
etf-insight/services/risk_models.go:271.2,272.30 2 1
etf-insight/services/risk_models.go:272.30,275.3 2 1
etf-insight/services/risk_models.go:276.2,278.53 3 1
etf-insight/services/risk_models.go:278.53,280.3 1 1
etf-insight/services/risk_models.go:283.2,287.43 3 1
etf-insight/services/risk_models.go:287.43,289.3 1 1
etf-insight/services/risk_models.go:291.2,300.72 2 1
etf-insight/services/risk_models.go:300.72,310.46 6 1
etf-insight/services/risk_models.go:310.46,312.4 1 1
etf-insight/services/risk_models.go:315.2,315.20 1 1
etf-insight/services/risk_models.go:320.62,321.22 1 1
etf-insight/services/risk_models.go:321.22,323.3 1 1
etf-insight/services/risk_models.go:324.2,325.27 2 1
etf-insight/services/risk_models.go:325.27,327.3 1 1
etf-insight/services/risk_models.go:328.2,328.56 1 1
etf-insight/services/risk_models.go:331.86,332.22 1 1
etf-insight/services/risk_models.go:332.22,334.3 1 0
etf-insight/services/risk_models.go:335.2,336.27 2 1
etf-insight/services/risk_models.go:336.27,339.3 2 1
etf-insight/services/risk_models.go:340.2,341.67 2 1
etf-insight/services/risk_models.go:344.44,354.38 2 1
etf-insight/services/risk_models.go:354.38,356.3 1 1
etf-insight/services/risk_models.go:359.2,359.23 1 0
etf-insight/services/risk_models.go:359.23,361.3 1 0
etf-insight/services/risk_models.go:361.8,361.30 1 0
etf-insight/services/risk_models.go:361.30,363.3 1 0
etf-insight/services/risk_models.go:363.8,363.30 1 0
etf-insight/services/risk_models.go:363.30,365.3 1 0
etf-insight/services/risk_models.go:366.2,366.54 1 0
etf-insight/services/risk_models.go:369.81,370.23 1 1
etf-insight/services/risk_models.go:370.23,372.3 1 1
etf-insight/services/risk_models.go:375.2,377.36 3 1
etf-insight/services/risk_models.go:377.36,379.3 1 1
etf-insight/services/risk_models.go:381.2,384.39 3 1
etf-insight/services/risk_models.go:384.39,385.38 1 1
etf-insight/services/risk_models.go:385.38,387.4 1 1
etf-insight/services/risk_models.go:388.3,389.40 2 1
etf-insight/services/risk_models.go:389.40,391.4 1 1
etf-insight/services/risk_models.go:394.2,394.20 1 1
etf-insight/services/risk_models.go:397.130,398.64 1 1
etf-insight/services/risk_models.go:398.64,400.3 1 0
etf-insight/services/risk_models.go:403.2,406.36 3 1
etf-insight/services/risk_models.go:406.36,409.3 2 1
etf-insight/services/risk_models.go:412.2,418.36 5 1
etf-insight/services/risk_models.go:418.36,423.3 4 1
etf-insight/services/risk_models.go:425.2,429.40 3 1
etf-insight/services/risk_models.go:429.40,431.3 1 1
etf-insight/services/risk_models.go:434.2,436.20 2 1
etf-insight/services/risk_models.go:439.90,440.64 1 1
etf-insight/services/risk_models.go:440.64,442.3 1 0
etf-insight/services/risk_models.go:444.2,445.36 2 1
etf-insight/services/risk_models.go:445.36,447.3 1 1
etf-insight/services/risk_models.go:449.2,453.57 3 1
etf-insight/services/risk_models.go:456.57,457.19 1 1
etf-insight/services/risk_models.go:457.19,459.3 1 1
etf-insight/services/risk_models.go:460.2,460.11 1 1
etf-insight/services/scenario_analysis.go:90.60,94.2 1 1
etf-insight/services/scenario_analysis.go:101.36,103.55 1 1
etf-insight/services/scenario_analysis.go:103.55,105.3 1 1
etf-insight/services/scenario_analysis.go:108.2,109.16 2 1
etf-insight/services/scenario_analysis.go:109.16,112.3 1 1
etf-insight/services/scenario_analysis.go:115.2,171.20 9 1
etf-insight/services/scenario_analysis.go:175.89,176.25 1 1
etf-insight/services/scenario_analysis.go:176.25,178.3 1 1
etf-insight/services/scenario_analysis.go:180.2,181.40 2 1
etf-insight/services/scenario_analysis.go:181.40,182.32 1 1
etf-insight/services/scenario_analysis.go:182.32,184.4 1 1
etf-insight/services/scenario_analysis.go:185.3,185.24 1 1
etf-insight/services/scenario_analysis.go:188.2,188.38 1 1
etf-insight/services/scenario_analysis.go:188.38,190.3 1 1
etf-insight/services/scenario_analysis.go:192.2,192.12 1 1
etf-insight/services/scenario_analysis.go:196.114,238.40 5 1
etf-insight/services/scenario_analysis.go:238.40,239.44 1 1
etf-insight/services/scenario_analysis.go:239.44,243.4 3 1
etf-insight/services/scenario_analysis.go:247.2,251.21 4 1
etf-insight/services/scenario_analysis.go:251.21,253.3 1 0
etf-insight/services/scenario_analysis.go:255.2,261.3 1 1
etf-insight/services/scenario_analysis.go:268.23,277.18 2 1
etf-insight/services/scenario_analysis.go:278.19,282.54 4 1
etf-insight/services/scenario_analysis.go:283.18,287.54 4 1
etf-insight/services/scenario_analysis.go:290.2,290.17 1 1
etf-insight/services/scenario_analysis.go:300.19,314.18 3 1
etf-insight/services/scenario_analysis.go:315.15,317.68 2 1
etf-insight/services/scenario_analysis.go:318.19,320.68 2 1
etf-insight/services/scenario_analysis.go:321.18,323.68 2 1
etf-insight/services/scenario_analysis.go:327.2,331.44 4 1
etf-insight/services/scenario_analysis.go:331.44,340.3 3 1
etf-insight/services/scenario_analysis.go:343.2,359.41 11 1
etf-insight/services/scenario_analysis.go:359.41,360.35 1 1
etf-insight/services/scenario_analysis.go:360.35,362.4 1 1
etf-insight/services/scenario_analysis.go:363.3,363.36 1 1
etf-insight/services/scenario_analysis.go:363.36,365.4 1 1
etf-insight/services/scenario_analysis.go:368.2,379.3 1 1
etf-insight/services/scenario_analysis.go:396.36,413.49 10 1
etf-insight/services/scenario_analysis.go:413.49,418.58 3 1
etf-insight/services/scenario_analysis.go:418.58,438.4 8 1
etf-insight/services/scenario_analysis.go:441.3,460.4 5 1
etf-insight/services/scenario_analysis.go:463.2,463.34 1 1
etf-insight/services/scenario_analysis.go:472.36,493.49 11 0
etf-insight/services/scenario_analysis.go:493.49,498.50 3 0
etf-insight/services/scenario_analysis.go:498.50,509.29 6 0
etf-insight/services/scenario_analysis.go:509.29,512.5 1 0
etf-insight/services/scenario_analysis.go:513.4,518.32 3 0
etf-insight/services/scenario_analysis.go:522.3,541.4 5 0
etf-insight/services/scenario_analysis.go:544.2,544.34 1 0
etf-insight/services/scenario_analysis.go:548.78,552.2 3 1
etf-insight/services/scenario_analysis.go:555.110,560.15 3 1
etf-insight/services/scenario_analysis.go:560.15,562.3 1 0
etf-insight/services/scenario_analysis.go:565.2,567.49 3 1
etf-insight/services/scenario_analysis.go:567.49,570.3 2 1
etf-insight/services/scenario_analysis.go:572.2,572.16 1 1
etf-insight/services/scenario_analysis.go:572.16,574.3 1 0
etf-insight/services/scenario_analysis.go:576.2,576.29 1 1
etf-insight/services/scenario_analysis.go:582.22,590.42 5 1
etf-insight/services/scenario_analysis.go:590.42,591.36 1 1
etf-insight/services/scenario_analysis.go:591.36,594.4 2 1
etf-insight/services/scenario_analysis.go:595.3,595.37 1 1
etf-insight/services/scenario_analysis.go:595.37,598.4 2 1
etf-insight/services/scenario_analysis.go:599.3,599.50 1 1
etf-insight/services/scenario_analysis.go:599.50,602.4 2 1
etf-insight/services/scenario_analysis.go:605.2,608.19 3 1
etf-insight/services/technical_indicators.go:16.52,18.2 1 1
etf-insight/services/technical_indicators.go:30.101,31.28 1 1
etf-insight/services/technical_indicators.go:31.28,33.3 1 1
etf-insight/services/technical_indicators.go:36.2,39.35 3 1
etf-insight/services/technical_indicators.go:39.35,41.39 2 1
etf-insight/services/technical_indicators.go:41.39,44.4 2 1
etf-insight/services/technical_indicators.go:44.9,47.4 2 1
etf-insight/services/technical_indicators.go:51.2,55.39 3 1
etf-insight/services/technical_indicators.go:55.39,58.3 2 1
etf-insight/services/technical_indicators.go:61.2,61.33 1 1
etf-insight/services/technical_indicators.go:61.33,67.3 1 1
etf-insight/services/technical_indicators.go:69.2,76.8 3 1
etf-insight/services/technical_indicators.go:91.133,92.43 1 1
etf-insight/services/technical_indicators.go:92.43,94.3 1 1
etf-insight/services/technical_indicators.go:97.2,102.27 4 1
etf-insight/services/technical_indicators.go:102.27,104.3 1 1
etf-insight/services/technical_indicators.go:107.2,112.30 4 1
etf-insight/services/technical_indicators.go:112.30,114.3 1 1
etf-insight/services/technical_indicators.go:117.2,132.8 6 1
etf-insight/services/technical_indicators.go:147.139,148.26 1 1
etf-insight/services/technical_indicators.go:148.26,150.3 1 1
etf-insight/services/technical_indicators.go:153.2,177.8 10 1
etf-insight/services/technical_indicators.go:187.125,189.28 2 1
etf-insight/services/technical_indicators.go:189.28,190.20 1 1
etf-insight/services/technical_indicators.go:190.20,192.4 1 1
etf-insight/services/technical_indicators.go:195.2,195.29 1 1
etf-insight/services/technical_indicators.go:195.29,197.3 1 1
etf-insight/services/technical_indicators.go:199.2,204.33 2 1
etf-insight/services/technical_indicators.go:204.33,212.3 4 1
etf-insight/services/technical_indicators.go:214.2,214.20 1 1
etf-insight/services/technical_indicators.go:219.65,220.22 1 1
etf-insight/services/technical_indicators.go:220.22,222.3 1 1
etf-insight/services/technical_indicators.go:223.2,224.27 2 1
etf-insight/services/technical_indicators.go:224.27,226.3 1 1
etf-insight/services/technical_indicators.go:227.2,227.56 1 1
etf-insight/services/technical_indicators.go:230.61,232.2 1 1
etf-insight/services/technical_indicators.go:234.75,235.26 1 1
etf-insight/services/technical_indicators.go:235.26,237.3 1 0
etf-insight/services/technical_indicators.go:239.2,246.40 4 1
etf-insight/services/technical_indicators.go:246.40,248.3 1 1
etf-insight/services/technical_indicators.go:250.2,250.23 1 1
etf-insight/services/technical_indicators.go:253.88,254.22 1 1
etf-insight/services/technical_indicators.go:254.22,256.3 1 0
etf-insight/services/technical_indicators.go:258.2,259.31 2 1
etf-insight/services/technical_indicators.go:259.31,262.3 2 1
etf-insight/services/technical_indicators.go:264.2,264.67 1 1
etf-insight/services/yahoo_finance.go:24.50,30.20 3 0
etf-insight/services/yahoo_finance.go:30.20,32.3 1 0
etf-insight/services/yahoo_finance.go:33.2,33.20 1 0
etf-insight/services/yahoo_finance.go:33.20,35.3 1 0
etf-insight/services/yahoo_finance.go:36.2,36.20 1 0
etf-insight/services/yahoo_finance.go:36.20,38.3 1 0
etf-insight/services/yahoo_finance.go:41.2,41.20 1 0
etf-insight/services/yahoo_finance.go:41.20,43.17 2 0
etf-insight/services/yahoo_finance.go:43.17,46.4 2 0
etf-insight/services/yahoo_finance.go:49.2,56.3 1 0
etf-insight/services/yahoo_finance.go:158.79,159.23 1 0
etf-insight/services/yahoo_finance.go:159.23,161.3 1 0
etf-insight/services/yahoo_finance.go:163.2,169.16 5 0
etf-insight/services/yahoo_finance.go:169.16,171.3 1 0
etf-insight/services/yahoo_finance.go:172.2,175.16 3 0
etf-insight/services/yahoo_finance.go:175.16,177.3 1 0
etf-insight/services/yahoo_finance.go:179.2,180.57 2 0
etf-insight/services/yahoo_finance.go:180.57,182.3 1 0
etf-insight/services/yahoo_finance.go:184.2,184.42 1 0
etf-insight/services/yahoo_finance.go:184.42,186.3 1 0
etf-insight/services/yahoo_finance.go:188.2,189.56 2 0
etf-insight/services/yahoo_finance.go:189.56,192.31 3 0
etf-insight/services/yahoo_finance.go:192.31,194.4 1 0
etf-insight/services/yahoo_finance.go:196.3,197.17 2 0
etf-insight/services/yahoo_finance.go:197.17,199.4 1 0
etf-insight/services/yahoo_finance.go:201.3,221.5 1 0
etf-insight/services/yahoo_finance.go:224.2,224.20 1 0
etf-insight/services/yahoo_finance.go:228.74,230.16 2 0
etf-insight/services/yahoo_finance.go:230.16,232.3 1 0
etf-insight/services/yahoo_finance.go:234.2,234.22 1 0
etf-insight/services/yahoo_finance.go:234.22,236.3 1 0
etf-insight/services/yahoo_finance.go:238.2,238.24 1 0
etf-insight/services/yahoo_finance.go:242.122,247.16 3 0
etf-insight/services/yahoo_finance.go:248.12,249.36 1 0
etf-insight/services/yahoo_finance.go:250.12,251.36 1 0
etf-insight/services/yahoo_finance.go:252.13,253.36 1 0
etf-insight/services/yahoo_finance.go:254.13,255.36 1 0
etf-insight/services/yahoo_finance.go:256.13,257.36 1 0
etf-insight/services/yahoo_finance.go:258.12,259.36 1 0
etf-insight/services/yahoo_finance.go:260.12,261.36 1 0
etf-insight/services/yahoo_finance.go:262.12,263.36 1 0
etf-insight/services/yahoo_finance.go:264.13,265.37 1 0
etf-insight/services/yahoo_finance.go:266.13,267.70 1 0
etf-insight/services/yahoo_finance.go:268.13,269.37 1 0
etf-insight/services/yahoo_finance.go:270.10,271.36 1 0
etf-insight/services/yahoo_finance.go:275.2,275.20 1 0
etf-insight/services/yahoo_finance.go:275.20,277.3 1 0
etf-insight/services/yahoo_finance.go:279.2,288.16 3 0
etf-insight/services/yahoo_finance.go:288.16,290.3 1 0
etf-insight/services/yahoo_finance.go:291.2,294.16 3 0
etf-insight/services/yahoo_finance.go:294.16,296.3 1 0
etf-insight/services/yahoo_finance.go:298.2,299.56 2 0
etf-insight/services/yahoo_finance.go:299.56,301.3 1 0
etf-insight/services/yahoo_finance.go:303.2,303.33 1 0
etf-insight/services/yahoo_finance.go:303.33,305.3 1 0
etf-insight/services/yahoo_finance.go:307.2,307.37 1 0
etf-insight/services/yahoo_finance.go:307.37,309.3 1 0
etf-insight/services/yahoo_finance.go:311.2,316.32 5 0
etf-insight/services/yahoo_finance.go:316.32,317.125 1 0
etf-insight/services/yahoo_finance.go:317.125,318.12 1 0
etf-insight/services/yahoo_finance.go:322.3,322.48 1 0
etf-insight/services/yahoo_finance.go:322.48,323.12 1 0
etf-insight/services/yahoo_finance.go:326.3,333.5 1 0
etf-insight/services/yahoo_finance.go:336.2,336.20 1 0
etf-insight/services/yahoo_finance.go:340.78,343.15 2 0
etf-insight/services/yahoo_finance.go:343.15,343.34 1 0
etf-insight/services/yahoo_finance.go:345.2,346.16 2 0
etf-insight/services/yahoo_finance.go:346.16,348.3 1 0
etf-insight/services/yahoo_finance.go:351.2,364.16 13 0
etf-insight/services/yahoo_finance.go:364.16,366.3 1 0
etf-insight/services/yahoo_finance.go:368.2,368.38 1 0
etf-insight/services/yahoo_finance.go:368.38,372.3 3 0
etf-insight/services/yahoo_finance.go:375.2,377.18 2 0
etf-insight/services/yahoo_finance.go:381.95,383.34 2 0
etf-insight/services/yahoo_finance.go:383.34,385.17 2 0
etf-insight/services/yahoo_finance.go:385.17,387.4 1 0
etf-insight/services/yahoo_finance.go:388.3,390.47 3 0
etf-insight/services/yahoo_finance.go:392.2,392.77 1 0
etf-insight/services/yahoo_finance.go:396.143,398.34 2 0
etf-insight/services/yahoo_finance.go:398.34,400.17 2 0
etf-insight/services/yahoo_finance.go:400.17,402.4 1 0
etf-insight/services/yahoo_finance.go:403.3,405.47 3 0
etf-insight/services/yahoo_finance.go:407.2,407.77 1 0
etf-insight/services/yahoo_finance.go:411.41,412.16 1 0
etf-insight/services/yahoo_finance.go:413.12,414.11 1 0
etf-insight/services/yahoo_finance.go:415.12,416.11 1 0
etf-insight/services/yahoo_finance.go:417.13,418.12 1 0
etf-insight/services/yahoo_finance.go:419.13,420.12 1 0
etf-insight/services/yahoo_finance.go:421.13,422.13 1 0
etf-insight/services/yahoo_finance.go:423.12,424.13 1 0
etf-insight/services/yahoo_finance.go:425.12,426.13 1 0
etf-insight/services/yahoo_finance.go:427.12,428.14 1 0
etf-insight/services/yahoo_finance.go:429.13,430.14 1 0
etf-insight/services/yahoo_finance.go:431.10,432.13 1 0
etf-insight/services/portfolio/penetration.go:60.79,62.2 1 1
etf-insight/services/portfolio/penetration.go:66.170,67.24 1 1
etf-insight/services/portfolio/penetration.go:67.24,69.3 1 1
etf-insight/services/portfolio/penetration.go:72.2,73.29 2 1
etf-insight/services/portfolio/penetration.go:73.29,75.3 1 1
etf-insight/services/portfolio/penetration.go:77.2,77.102 1 1
etf-insight/services/portfolio/penetration.go:77.102,79.3 1 0
etf-insight/services/portfolio/penetration.go:82.2,85.44 3 1
etf-insight/services/portfolio/penetration.go:85.44,88.132 2 1
etf-insight/services/portfolio/penetration.go:88.132,90.12 2 0
etf-insight/services/portfolio/penetration.go:94.3,96.21 3 1
etf-insight/services/portfolio/penetration.go:96.21,98.4 1 1
etf-insight/services/portfolio/penetration.go:98.9,102.4 1 0
etf-insight/services/portfolio/penetration.go:104.3,104.56 1 1
etf-insight/services/portfolio/penetration.go:104.56,106.12 2 0
etf-insight/services/portfolio/penetration.go:109.3,112.42 2 1
etf-insight/services/portfolio/penetration.go:112.42,116.68 2 1
etf-insight/services/portfolio/penetration.go:116.68,120.5 2 1
etf-insight/services/portfolio/penetration.go:120.10,126.101 4 1
etf-insight/services/portfolio/penetration.go:126.101,129.22 3 1
etf-insight/services/portfolio/penetration.go:129.22,131.7 1 0
etf-insight/services/portfolio/penetration.go:132.6,132.23 1 1
etf-insight/services/portfolio/penetration.go:132.23,134.7 1 0
etf-insight/services/portfolio/penetration.go:137.5,144.6 1 1
etf-insight/services/portfolio/penetration.go:150.2,151.35 2 1
etf-insight/services/portfolio/penetration.go:151.35,153.3 1 1
etf-insight/services/portfolio/penetration.go:156.2,156.45 1 1
etf-insight/services/portfolio/penetration.go:156.45,157.48 1 1
etf-insight/services/portfolio/penetration.go:157.48,158.69 1 1
etf-insight/services/portfolio/penetration.go:158.69,160.5 1 1
etf-insight/services/portfolio/penetration.go:165.2,166.36 2 1
etf-insight/services/portfolio/penetration.go:166.36,168.3 1 1
etf-insight/services/portfolio/penetration.go:171.2,172.36 2 1
etf-insight/services/portfolio/penetration.go:172.36,174.3 1 1
etf-insight/services/portfolio/penetration.go:177.2,181.32 3 1
etf-insight/services/portfolio/penetration.go:181.32,183.3 1 1
etf-insight/services/portfolio/penetration.go:184.2,185.28 2 1
etf-insight/services/portfolio/penetration.go:185.28,187.3 1 1
etf-insight/services/portfolio/penetration.go:189.2,207.20 3 1
etf-insight/services/portfolio/penetration.go:211.114,216.23 3 1
etf-insight/services/portfolio/penetration.go:216.23,218.3 1 1
etf-insight/services/portfolio/penetration.go:219.2,219.25 1 1
etf-insight/services/portfolio/penetration.go:219.25,221.3 1 1
etf-insight/services/portfolio/penetration.go:224.2,225.23 2 1
etf-insight/services/portfolio/penetration.go:225.23,227.3 1 1
etf-insight/services/portfolio/penetration.go:228.2,228.25 1 1
etf-insight/services/portfolio/penetration.go:228.25,230.3 1 1
etf-insight/services/portfolio/penetration.go:234.2,234.29 1 1
etf-insight/services/portfolio/penetration.go:234.29,237.3 2 1
etf-insight/services/portfolio/penetration.go:240.2,241.47 2 1
etf-insight/services/portfolio/penetration.go:241.47,243.3 1 1
etf-insight/services/portfolio/penetration.go:245.2,250.3 1 1
etf-insight/services/portfolio/penetration.go:254.167,256.16 2 1
etf-insight/services/portfolio/penetration.go:256.16,258.3 1 0
etf-insight/services/portfolio/penetration.go:260.2,261.16 2 1
etf-insight/services/portfolio/penetration.go:261.16,263.3 1 0
etf-insight/services/portfolio/penetration.go:266.2,268.47 3 1
etf-insight/services/portfolio/penetration.go:268.47,270.3 1 1
etf-insight/services/portfolio/penetration.go:271.2,271.47 1 1
etf-insight/services/portfolio/penetration.go:271.47,273.3 1 1
etf-insight/services/portfolio/penetration.go:274.2,274.33 1 1
etf-insight/services/portfolio/penetration.go:274.33,278.3 3 1
etf-insight/services/portfolio/penetration.go:281.2,283.40 3 1
etf-insight/services/portfolio/penetration.go:283.40,285.3 1 1
etf-insight/services/portfolio/penetration.go:286.2,286.40 1 1
etf-insight/services/portfolio/penetration.go:286.40,287.21 1 1
etf-insight/services/portfolio/penetration.go:287.21,289.4 1 1
etf-insight/services/portfolio/penetration.go:292.2,299.8 1 1
etf-insight/services/portfolio/penetration.go:313.163,315.16 2 1
etf-insight/services/portfolio/penetration.go:315.16,317.3 1 0
etf-insight/services/portfolio/penetration.go:319.2,320.13 2 1
etf-insight/services/portfolio/penetration.go:320.13,322.3 1 1
etf-insight/services/portfolio/penetration.go:324.2,324.22 1 1
etf-insight/services/portfolio/penetration.go:328.168,330.16 2 0
etf-insight/services/portfolio/penetration.go:330.16,332.3 1 0
etf-insight/services/portfolio/penetration.go:334.2,335.13 2 0
etf-insight/services/portfolio/penetration.go:335.13,337.3 1 0
etf-insight/services/portfolio/penetration.go:339.2,339.22 1 0
etf-insight/utils/logger.go:15.31,16.23 1 1
etf-insight/utils/logger.go:16.23,18.16 2 1
etf-insight/utils/logger.go:19.16,20.30 1 1
etf-insight/utils/logger.go:21.15,22.29 1 0
etf-insight/utils/logger.go:23.16,24.30 1 0
etf-insight/utils/logger.go:25.11,26.29 1 0
etf-insight/utils/logger.go:29.3,31.6 1 1
etf-insight/utils/logger.go:35.31,38.19 3 1
etf-insight/utils/logger.go:38.19,40.3 1 0
etf-insight/utils/logger.go:41.2,41.15 1 1
etf-insight/utils/logger.go:44.36,46.2 1 1
etf-insight/utils/logger.go:48.37,50.2 1 1
etf-insight/utils/logger.go:52.36,54.2 1 1
etf-insight/utils/logger.go:56.48,57.16 1 1
etf-insight/utils/logger.go:57.16,59.3 1 0
etf-insight/utils/logger.go:60.2,60.33 1 1
etf-insight/utils/logger.go:63.48,66.2 2 0
etf-insight/utils/logger.go:68.40,70.2 1 1
etf-insight/utils/returns.go:11.78,12.22 1 0
etf-insight/utils/returns.go:12.22,14.3 1 0
etf-insight/utils/returns.go:18.2,22.89 3 0
etf-insight/utils/returns.go:22.89,24.60 1 0
etf-insight/utils/returns.go:24.60,26.4 1 0
etf-insight/utils/returns.go:29.2,30.39 2 0
etf-insight/utils/returns.go:30.39,33.46 3 0
etf-insight/utils/returns.go:33.46,36.4 2 0
etf-insight/utils/returns.go:39.2,39.16 1 0
etf-insight/utils/returns.go:44.77,45.21 1 0
etf-insight/utils/returns.go:45.21,47.3 1 0
etf-insight/utils/returns.go:49.2,50.35 2 0
etf-insight/utils/returns.go:50.35,53.46 3 0
etf-insight/utils/returns.go:53.46,56.4 2 0
etf-insight/utils/returns.go:59.2,59.16 1 0
etf-insight/utils/statistics.go:11.62,12.22 1 0
etf-insight/utils/statistics.go:12.22,14.3 1 0
etf-insight/utils/statistics.go:16.2,17.27 2 0
etf-insight/utils/statistics.go:17.27,19.3 1 0
etf-insight/utils/statistics.go:20.2,20.56 1 0
etf-insight/utils/statistics.go:24.88,25.21 1 0
etf-insight/utils/statistics.go:25.21,27.3 1 0
etf-insight/utils/statistics.go:29.2,30.27 2 0
etf-insight/utils/statistics.go:30.27,33.3 2 0
etf-insight/utils/statistics.go:34.2,34.65 1 0
etf-insight/utils/statistics.go:38.98,39.22 1 0
etf-insight/utils/statistics.go:39.22,41.3 1 0
etf-insight/utils/statistics.go:43.2,44.27 2 0
etf-insight/utils/statistics.go:44.27,47.3 2 0
etf-insight/utils/statistics.go:48.2,48.61 1 0
etf-insight/utils/statistics.go:52.86,54.23 2 0
etf-insight/utils/statistics.go:54.23,56.3 1 0
etf-insight/utils/statistics.go:57.2,57.67 1 0
etf-insight/utils/statistics.go:61.96,63.23 2 0
etf-insight/utils/statistics.go:63.23,65.3 1 0
etf-insight/utils/statistics.go:66.2,66.67 1 0
etf-insight/utils/statistics.go:70.78,72.16 2 0
etf-insight/utils/statistics.go:72.16,74.3 1 0
etf-insight/utils/statistics.go:76.2,80.30 4 0
etf-insight/utils/statistics.go:80.30,84.3 3 0
etf-insight/utils/statistics.go:85.2,85.55 1 0
etf-insight/utils/statistics.go:89.45,90.41 1 0
etf-insight/utils/statistics.go:90.41,92.3 1 0
etf-insight/utils/statistics.go:96.49,97.41 1 0
etf-insight/utils/statistics.go:97.41,99.3 1 0
etf-insight/utils/statistics.go:103.68,104.23 1 0
etf-insight/utils/statistics.go:104.23,106.3 1 0
etf-insight/utils/statistics.go:108.2,109.28 2 0
etf-insight/utils/statistics.go:109.28,111.3 1 0
etf-insight/utils/statistics.go:113.2,113.20 1 0
etf-insight/utils/statistics.go:113.20,117.25 3 0
etf-insight/utils/statistics.go:117.25,119.4 1 0
etf-insight/utils/statistics.go:120.3,120.16 1 0
etf-insight/utils/statistics.go:123.2,124.28 2 0
etf-insight/utils/statistics.go:124.28,126.3 1 0
etf-insight/utils/statistics.go:127.2,127.15 1 0
etf-insight/utils/statistics.go:131.88,132.22 1 0
etf-insight/utils/statistics.go:132.22,134.3 1 0
etf-insight/utils/statistics.go:135.2,135.21 1 0
etf-insight/utils/statistics.go:135.21,137.3 1 0
etf-insight/utils/statistics.go:138.2,138.21 1 0
etf-insight/utils/statistics.go:138.21,140.3 1 0
etf-insight/utils/statistics.go:143.2,151.20 7 0
etf-insight/utils/statistics.go:151.20,153.3 1 0
etf-insight/utils/statistics.go:155.2,156.72 2 0
etf-insight/utils/statistics.go:160.96,161.41 1 0
etf-insight/utils/statistics.go:161.41,163.3 1 0
etf-insight/utils/statistics.go:165.2,166.27 2 0
etf-insight/utils/statistics.go:166.27,169.3 2 0
etf-insight/utils/statistics.go:170.2,173.36 3 0
etf-insight/utils/statistics.go:177.96,178.41 1 0
etf-insight/utils/statistics.go:178.41,180.3 1 0
etf-insight/utils/statistics.go:182.2,183.27 2 0
etf-insight/utils/statistics.go:183.27,186.3 2 0
etf-insight/utils/statistics.go:187.2,190.76 3 0
